Workbook

Sheet Instructions
A1: SUPERVISOR LOG — Instructions
A3: Owner: Production Supervisors / Shift Leaders
A5: Sheets: JobChange + DailyProduction
A7: Rules:
A8: 1. One row = one event
A9: 2. Use dropdowns (yellow cells) — do not free-type coded fields
A10: 3. Dates must be real Excel dates
A11: 4. Save as 02_Supervisor_Log_YYYYMMDD.xlsx into the OneDrive Daily folder
A13: Dataset: one-week business-rule-consistent synthetic data (2025-10-20 to 2025-10-26) for DWH / Power BI testing.
A15: NEW DETAIL MODEL — IMPORTANT
A16: JobChange and DailyProduction keep their original grain and original source columns.
A17: ProductionConfiguration is Event × Section with three cavity flags; unpivot Cavity1Active:Cavity3Active in Power Query for cavity grain.
... A20: NoCavities > 3 conflicts with the assumed physical capability and is flagged; existing source values are not silently changed.

Sheet JobChange
A1: JOB CHANGE LOG
A2: Maps to STG_JOBCHANGE → FACT_JOBCHANGE
A3: Yellow=Dropdown | Green=Date | Blue=Hours. FromOrderNumber can be empty for first job of day.
A4: FactoryCode | B4: LineNumber | C4: EventDate | D4: ShiftCode | E4: CrewCode | F4: FromOrderNumber | G4: ToOrderNumber | H4: JobChangeTypeName | I4: MechanicalWorkT1_Hrs | J4: FormingTimeT2_Hrs | K4: TrialLosses_Hrs | L4: HE_Downtime_Hrs | M4: HE_DowntimeReason | N4: CE_Losses_Hrs | O4: CE_LossesReason | P4: PalletizerLosses_Hrs | Q4: PalletizerReason | R4: Notes | S4: JobChangeEventID | T4: TotalJobChangeHours | U4: ImpactDurationHrs | V4: ImpactReconciliationCheck | W4: ReasonConsistencyCheck | X4: TransitionCheck | Y4: EventIDUniquenessCheck | Z4: DataQualityCheck
A5: KG01 | B5: 21 | C5: 45951 | D5: AM | E5: A | F5: ORD-2025-00019 | G5: ORD-2025-00020 | H5: Medium | I5: 3.08 | J5: 1 | K5: 0.19 | L5: 0 | N5: 0 | P5: 0 | R5: Within target | S5: =IF(A5="","", "JC-"&A5&"-L"&TEXT(B5,"00")&"-"&TEXT(C5,"yyyymmdd")&"-"&D5&"-"&IF(F5="","START",F5)&"-"&G5) -> JC-KG01-L21-20251021-AM-ORD-2025-00019-ORD-2025-00020 | T5: =IF(A5="","",SUM(I5:L5)+N5+P5) -> 4.27 | U5: =IF(S5="","",SUMIF(JobChangeImpact!$B$5:$B$100,S5,JobChangeImpact!$Q$5:$Q$100)) -> 4.27 | V5: =IF(A5="","",IF(ABS(T5-U5)<=0.001,"OK","CHECK")) -> OK | W5: =IF(A5="","",IF(AND(IF(L5>0,M5<>"",M5=""),IF(N5>0,O5<>"",O5=""),IF(P5>0,Q5<>"",Q5="")),"OK","CHECK")) -> OK | X5: =IF(A5="","",IF(OR(G5="",AND(F5<>"",F5=G5)),"CHECK","OK")) -> OK | Y5: =IF(S5="","",IF(COUNTIF($S$5:$S$100,S5)=1,"OK","CHECK")) -> OK | Z5: =IF(A5="","",IF(AND(V5="OK",W5="OK",X5="OK",Y5="OK",T5>0),"OK","CHECK")) -> OK
A6: KG01 | B6: 21 | C6: 45955 | D6: AM | E6: B | F6: ORD-2025-00020 | G6: ORD-2025-00021 | H6: Medium | I6: 3.15 | J6: 1.2 | K6: 0.1 | L6: 0.51 | M6: Gob Weight Adjustment | N6: 0 | P6: 0 | R6: Extended setup | S6: =IF(A6="","", "JC-"&A6&"-L"&TEXT(B6,"00")&"-"&TEXT(C6,"yyyymmdd")&"-"&D6&"-"&IF(F6="","START",F6)&"-"&G6) -> JC-KG01-L21-20251025-AM-ORD-2025-00020-ORD-2025-00021 | T6: =IF(A6="","",SUM(I6:L6)+N6+P6) -> 4.96 | U6: =IF(S6="","",SUMIF(JobChangeImpact!$B$5:$B$100,S6,JobChangeImpact!$Q$5:$Q$100)) -> 4.96 | V6: =IF(A6="","",IF(ABS(T6-U6)<=0.001,"OK","CHECK")) -> OK | W6: =IF(A6="","",IF(AND(IF(L6>0,M6<>"",M6=""),IF(N6>0,O6<>"",O6=""),IF(P6>0,Q6<>"",Q6="")),"OK","CHECK")) -> OK | X6: =IF(A6="","",IF(OR(G6="",AND(F6<>"",F6=G6)),"CHECK","OK")) -> OK | Y6: =IF(S6="","",IF(COUNTIF($S$5:$S$100,S6)=1,"OK","CHECK")) -> OK | Z6: =IF(A6="","",IF(AND(V6="OK",W6="OK",X6="OK",Y6="OK",T6>0),"OK","CHECK")) -> OK
A7: KG01 | B7: 22 | C7: 45950 | D7: AM | E7: C | F7: ORD-2025-00055 | G7: ORD-2025-00056 | H7: Big | I7: 6.84 | J7: 1.63 | K7: 0.78 | L7: 0 | N7: 0 | P7: 0.24 | Q7: Pallet Conveyor Jam | R7: Minor adjustment | S7: =IF(A7="","", "JC-"&A7&"-L"&TEXT(B7,"00")&"-"&TEXT(C7,"yyyymmdd")&"-"&D7&"-"&IF(F7="","START",F7)&"-"&G7) -> JC-KG01-L22-20251020-AM-ORD-2025-00055-ORD-2025-00056 | T7: =IF(A7="","",SUM(I7:L7)+N7+P7) -> 9.49 | U7: =IF(S7="","",SUMIF(JobChangeImpact!$B$5:$B$100,S7,JobChangeImpact!$Q$5:$Q$100)) -> 9.49 | V7: =IF(A7="","",IF(ABS(T7-U7)<=0.001,"OK","CHECK")) -> OK | W7: =IF(A7="","",IF(AND(IF(L7>0,M7<>"",M7=""),IF(N7>0,O7<>"",O7=""),IF(P7>0,Q7<>"",Q7="")),"OK","CHECK")) -> OK | X7: =IF(A7="","",IF(OR(G7="",AND(F7<>"",F7=G7)),"CHECK","OK")) -> OK | Y7: =IF(S7="","",IF(COUNTIF($S$5:$S$100,S7)=1,"OK","CHECK")) -> OK | Z7: =IF(A7="","",IF(AND(V7="OK",W7="OK",X7="OK",Y7="OK",T7>0),"OK","CHECK")) -> OK
A8: KG01 | B8: 22 | C8: 45956 | D8: AM | E8: C | F8: ORD-2025-00057 | G8: ORD-2025-00058 | H8: Big | I8: 5.65 | J8: 1.35 | K8: 0.78 | L8: 0.69 | M8: Neck Ring Issue | N8: 0 | P8: 0 | R8: Within target | S8: =IF(A8="","", "JC-"&A8&"-L"&TEXT(B8,"00")&"-"&TEXT(C8,"yyyymmdd")&"-"&D8&"-"&IF(F8="","START",F8)&"-"&G8) -> JC-KG01-L22-20251026-AM-ORD-2025-00057-ORD-2025-00058 | T8: =IF(A8="","",SUM(I8:L8)+N8+P8) -> 8.47 | U8: =IF(S8="","",SUMIF(JobChangeImpact!$B$5:$B$100,S8,JobChangeImpact!$Q$5:$Q$100)) -> 8.47 | V8: =IF(A8="","",IF(ABS(T8-U8)<=0.001,"OK","CHECK")) -> OK | W8: =IF(A8="","",IF(AND(IF(L8>0,M8<>"",M8=""),IF(N8>0,O8<>"",O8=""),IF(P8>0,Q8<>"",Q8="")),"OK","CHECK")) -> OK | X8: =IF(A8="","",IF(OR(G8="",AND(F8<>"",F8=G8)),"CHECK","OK")) -> OK | Y8: =IF(S8="","",IF(COUNTIF($S$5:$S$100,S8)=1,"OK","CHECK")) -> OK | Z8: =IF(A8="","",IF(AND(V8="OK",W8="OK",X8="OK",Y8="OK",T8>0),"OK","CHECK")) -> OK
A9: KG01 | B9: 23 | C9: 45952 | D9: AM | E9: B | F9: ORD-2025-00092 | G9: ORD-2025-00093 | H9: Medium | I9: 2.73 | J9: 1.06 | K9: 0.49 | L9: 0 | N9: 0 | P9: 0.4 | Q9: Palletizer Robot Fault | R9: Within target | S9: =IF(A9="","", "JC-"&A9&"-L"&TEXT(B9,"00")&"-"&TEXT(C9,"yyyymmdd")&"-"&D9&"-"&IF(F9="","START",F9)&"-"&G9) -> JC-KG01-L23-20251022-AM-ORD-2025-00092-ORD-2025-00093 | T9: =IF(A9="","",SUM(I9:L9)+N9+P9) -> 4.68 | U9: =IF(S9="","",SUMIF(JobChangeImpact!$B$5:$B$100,S9,JobChangeImpact!$Q$5:$Q$100)) -> 4.68 | V9: =IF(A9="","",IF(ABS(T9-U9)<=0.001,"OK","CHECK")) -> OK | W9: =IF(A9="","",IF(AND(IF(L9>0,M9<>"",M9=""),IF(N9>0,O9<>"",O9=""),IF(P9>0,Q9<>"",Q9="")),"OK","CHECK")) -> OK | X9: =IF(A9="","",IF(OR(G9="",AND(F9<>"",F9=G9)),"CHECK","OK")) -> OK | Y9: =IF(S9="","",IF(COUNTIF($S$5:$S$100,S9)=1,"OK","CHECK")) -> OK | Z9: =IF(A9="","",IF(AND(V9="OK",W9="OK",X9="OK",Y9="OK",T9>0),"OK","CHECK")) -> OK
A10: KG01 | B10: 23 | C10: 45956 | D10: AM | E10: C | F10: ORD-2025-00093 | G10: ORD-2025-00094 | H10: Process | I10: 6.68 | J10: 2.81 | K10: 0.35 | L10: 0.47 | M10: Gob Distributor Jam | N10: 0.39 | O10: Conveyor Speed Mismatch | P10: 0 | R10: Stable restart | S10: =IF(A10="","", "JC-"&A10&"-L"&TEXT(B10,"00")&"-"&TEXT(C10,"yyyymmdd")&"-"&D10&"-"&IF(F10="","START",F10)&"-"&G10) -> JC-KG01-L23-20251026-AM-ORD-2025-00093-ORD-2025-00094 | T10: =IF(A10="","",SUM(I10:L10)+N10+P10) -> 10.7 | U10: =IF(S10="","",SUMIF(JobChangeImpact!$B$5:$B$100,S10,JobChangeImpact!$Q$5:$Q$100)) -> 10.7 | V10: =IF(A10="","",IF(ABS(T10-U10)<=0.001,"OK","CHECK")) -> OK | W10: =IF(A10="","",IF(AND(IF(L10>0,M10<>"",M10=""),IF(N10>0,O10<>"",O10=""),IF(P10>0,Q10<>"",Q10="")),"OK","CHECK")) -> OK | X10: =IF(A10="","",IF(OR(G10="",AND(F10<>"",F10=G10)),"CHECK","OK")) -> OK | Y10: =IF(S10="","",IF(COUNTIF($S$5:$S$100,S10)=1,"OK","CHECK")) -> OK | Z10: =IF(A10="","",IF(AND(V10="OK",W10="OK",X10="OK",Y10="OK",T10>0),"OK","CHECK")) -> OK
A11: KG01 | B11: 24 | C11: 45951 | D11: AM | E11: A | F11: ORD-2025-00124 | G11: ORD-2025-00125 | H11: Medium | I11: 3.5 | J11: 0.76 | K11: 0.5 | L11: 0 | N11: 0 | P11: 0 | R11: Stable restart | S11: =IF(A11="","", "JC-"&A11&"-L"&TEXT(B11,"00")&"-"&TEXT(C11,"yyyymmdd")&"-"&D11&"-"&IF(F11="","START",F11)&"-"&G11) -> JC-KG01-L24-20251021-AM-ORD-2025-00124-ORD-2025-00125 | T11: =IF(A11="","",SUM(I11:L11)+N11+P11) -> 4.76 | U11: =IF(S11="","",SUMIF(JobChangeImpact!$B$5:$B$100,S11,JobChangeImpact!$Q$5:$Q$100)) -> 4.76 | V11: =IF(A11="","",IF(ABS(T11-U11)<=0.001,"OK","CHECK")) -> OK | W11: =IF(A11="","",IF(AND(IF(L11>0,M11<>"",M11=""),IF(N11>0,O11<>"",O11=""),IF(P11>0,Q11<>"",Q11="")),"OK","CHECK")) -> OK | X11: =IF(A11="","",IF(OR(G11="",AND(F11<>"",F11=G11)),"CHECK","OK")) -> OK | Y11: =IF(S11="","",IF(COUNTIF($S$5:$S$100,S11)=1,"OK","CHECK")) -> OK | Z11: =IF(A11="","",IF(AND(V11="OK",W11="OK",X11="OK",Y11="OK",T11>0),"OK","CHECK")) -> OK
A12: KG01 | B12: 24 | C12: 45955 | D12: AM | E12: B | F12: ORD-2025-00125 | G12: ORD-2025-00126 | H12: Small | I12: 1.35 | J12: 0.42 | K12: 0.42 | L12: 0 | N12: 0 | P12: 0 | R12: Within target | S12: =IF(A12="","", "JC-"&A12&"-L"&TEXT(B12,"00")&"-"&TEXT(C12,"yyyymmdd")&"-"&D12&"-"&IF(F12="","START",F12)&"-"&G12) -> JC-KG01-L24-20251025-AM-ORD-2025-00125-ORD-2025-00126 | T12: =IF(A12="","",SUM(I12:L12)+N12+P12) -> 2.19 | U12: =IF(S12="","",SUMIF(JobChangeImpact!$B$5:$B$100,S12,JobChangeImpact!$Q$5:$Q$100)) -> 2.19 | V12: =IF(A12="","",IF(ABS(T12-U12)<=0.001,"OK","CHECK")) -> OK | W12: =IF(A12="","",IF(AND(IF(L12>0,M12<>"",M12=""),IF(N12>0,O12<>"",O12=""),IF(P12>0,Q12<>"",Q12="")),"OK","CHECK")) -> OK | X12: =IF(A12="","",IF(OR(G12="",AND(F12<>"",F12=G12)),"CHECK","OK")) -> OK | Y12: =IF(S12="","",IF(COUNTIF($S$5:$S$100,S12)=1,"OK","CHECK")) -> OK | Z12: =IF(A12="","",IF(AND(V12="OK",W12="OK",X12="OK",Y12="OK",T12>0),"OK","CHECK")) -> OK
A13: KG01 | B13: 25 | C13: 45953 | D13: AM | E13: C | F13: ORD-2025-00161 | G13: ORD-2025-00162 | H13: Medium | I13: 2.75 | J13: 0.89 | K13: 0.49 | L13: 0 | N13: 0 | P13: 0 | R13: Stable restart | S13: =IF(A13="","", "JC-"&A13&"-L"&TEXT(B13,"00")&"-"&TEXT(C13,"yyyymmdd")&"-"&D13&"-"&IF(F13="","START",F13)&"-"&G13) -> JC-KG01-L25-20251023-AM-ORD-2025-00161-ORD-2025-00162 | T13: =IF(A13="","",SUM(I13:L13)+N13+P13) -> 4.13 | U13: =IF(S13="","",SUMIF(JobChangeImpact!$B$5:$B$100,S13,JobChangeImpact!$Q$5:$Q$100)) -> 4.13 | V13: =IF(A13="","",IF(ABS(T13-U13)<=0.001,"OK","CHECK")) -> OK | W13: =IF(A13="","",IF(AND(IF(L13>0,M13<>"",M13=""),IF(N13>0,O13<>"",O13=""),IF(P13>0,Q13<>"",Q13="")),"OK","CHECK")) -> OK | X13: =IF(A13="","",IF(OR(G13="",AND(F13<>"",F13=G13)),"CHECK","OK")) -> OK | Y13: =IF(S13="","",IF(COUNTIF($S$5:$S$100,S13)=1,"OK","CHECK")) -> OK | Z13: =IF(A13="","",IF(AND(V13="OK",W13="OK",X13="OK",Y13="OK",T13>0),"OK","CHECK")) -> OK
S14: =IF(A14="","", "JC-"&A14&"-L"&TEXT(B14,"00")&"-"&TEXT(C14,"yyyymmdd")&"-"&D14&"-"&IF(F14="","START",F14)&"-"&G14) | T14: =IF(A14="","",SUM(I14:L14)+N14+P14) | U14: =IF(S14="","",SUMIF(JobChangeImpact!$B$5:$B$100,S14,JobChangeImpact!$Q$5:$Q$100)) | V14: =IF(A14="","",IF(ABS(T14-U14)<=0.001,"OK","CHECK")) | W14: =IF(A14="","",IF(AND(IF(L14>0,M14<>"",M14=""),IF(N14>0,O14<>"",O14=""),IF(P14>0,Q14<>"",Q14="")),"OK","CHECK")) | X14: =IF(A14="","",IF(OR(G14="",AND(F14<>"",F14=G14)),"CHECK","OK")) | Y14: =IF(S14="","",IF(COUNTIF($S$5:$S$100,S14)=1,"OK","CHECK")) | Z14: =IF(A14="","",IF(AND(V14="OK",W14="OK",X14="OK",Y14="OK",T14>0),"OK","CHECK"))
S15: =IF(A15="","", "JC-"&A15&"-L"&TEXT(B15,"00")&"-"&TEXT(C15,"yyyymmdd")&"-"&D15&"-"&IF(F15="","START",F15)&"-"&G15) | T15: =IF(A15="","",SUM(I15:L15)+N15+P15) | U15: =IF(S15="","",SUMIF(JobChangeImpact!$B$5:$B$100,S15,JobChangeImpact!$Q$5:$Q$100)) | V15: =IF(A15="","",IF(ABS(T15-U15)<=0.001,"OK","CHECK")) | W15: =IF(A15="","",IF(AND(IF(L15>0,M15<>"",M15=""),IF(N15>0,O15<>"",O15=""),IF(P15>0,Q15<>"",Q15="")),"OK","CHECK")) | X15: =IF(A15="","",IF(OR(G15="",AND(F15<>"",F15=G15)),"CHECK","OK")) | Y15: =IF(S15="","",IF(COUNTIF($S$5:$S$100,S15)=1,"OK","CHECK")) | Z15: =IF(A15="","",IF(AND(V15="OK",W15="OK",X15="OK",Y15="OK",T15>0),"OK","CHECK"))
S16: =IF(A16="","", "JC-"&A16&"-L"&TEXT(B16,"00")&"-"&TEXT(C16,"yyyymmdd")&"-"&D16&"-"&IF(F16="","START",F16)&"-"&G16) | T16: =IF(A16="","",SUM(I16:L16)+N16+P16) | U16: =IF(S16="","",SUMIF(JobChangeImpact!$B$5:$B$100,S16,JobChangeImpact!$Q$5:$Q$100)) | V16: =IF(A16="","",IF(ABS(T16-U16)<=0.001,"OK","CHECK")) | W16: =IF(A16="","",IF(AND(IF(L16>0,M16<>"",M16=""),IF(N16>0,O16<>"",O16=""),IF(P16>0,Q16<>"",Q16="")),"OK","CHECK")) | X16: =IF(A16="","",IF(OR(G16="",AND(F16<>"",F16=G16)),"CHECK","OK")) | Y16: =IF(S16="","",IF(COUNTIF($S$5:$S$100,S16)=1,"OK","CHECK")) | Z16: =IF(A16="","",IF(AND(V16="OK",W16="OK",X16="OK",Y16="OK",T16>0),"OK","CHECK"))
S17: =IF(A17="","", "JC-"&A17&"-L"&TEXT(B17,"00")&"-"&TEXT(C17,"yyyymmdd")&"-"&D17&"-"&IF(F17="","START",F17)&"-"&G17) | T17: =IF(A17="","",SUM(I17:L17)+N17+P17) | U17: =IF(S17="","",SUMIF(JobChangeImpact!$B$5:$B$100,S17,JobChangeImpact!$Q$5:$Q$100)) | V17: =IF(A17="","",IF(ABS(T17-U17)<=0.001,"OK","CHECK")) | W17: =IF(A17="","",IF(AND(IF(L17>0,M17<>"",M17=""),IF(N17>0,O17<>"",O17=""),IF(P17>0,Q17<>"",Q17="")),"OK","CHECK")) | X17: =IF(A17="","",IF(OR(G17="",AND(F17<>"",F17=G17)),"CHECK","OK")) | Y17: =IF(S17="","",IF(COUNTIF($S$5:$S$100,S17)=1,"OK","CHECK")) | Z17: =IF(A17="","",IF(AND(V17="OK",W17="OK",X17="OK",Y17="OK",T17>0),"OK","CHECK"))
S18: =IF(A18="","", "JC-"&A18&"-L"&TEXT(B18,"00")&"-"&TEXT(C18,"yyyymmdd")&"-"&D18&"-"&IF(F18="","START",F18)&"-"&G18) | T18: =IF(A18="","",SUM(I18:L18)+N18+P18) | U18: =IF(S18="","",SUMIF(JobChangeImpact!$B$5:$B$100,S18,JobChangeImpact!$Q$5:$Q$100)) | V18: =IF(A18="","",IF(ABS(T18-U18)<=0.001,"OK","CHECK")) | W18: =IF(A18="","",IF(AND(IF(L18>0,M18<>"",M18=""),IF(N18>0,O18<>"",O18=""),IF(P18>0,Q18<>"",Q18="")),"OK","CHECK")) | X18: =IF(A18="","",IF(OR(G18="",AND(F18<>"",F18=G18)),"CHECK","OK")) | Y18: =IF(S18="","",IF(COUNTIF($S$5:$S$100,S18)=1,"OK","CHECK")) | Z18: =IF(A18="","",IF(AND(V18="OK",W18="OK",X18="OK",Y18="OK",T18>0),"OK","CHECK"))
S19: =IF(A19="","", "JC-"&A19&"-L"&TEXT(B19,"00")&"-"&TEXT(C19,"yyyymmdd")&"-"&D19&"-"&IF(F19="","START",F19)&"-"&G19) | T19: =IF(A19="","",SUM(I19:L19)+N19+P19) | U19: =IF(S19="","",SUMIF(JobChangeImpact!$B$5:$B$100,S19,JobChangeImpact!$Q$5:$Q$100)) | V19: =IF(A19="","",IF(ABS(T19-U19)<=0.001,"OK","CHECK")) | W19: =IF(A19="","",IF(AND(IF(L19>0,M19<>"",M19=""),IF(N19>0,O19<>"",O19=""),IF(P19>0,Q19<>"",Q19="")),"OK","CHECK")) | X19: =IF(A19="","",IF(OR(G19="",AND(F19<>"",F19=G19)),"CHECK","OK")) | Y19: =IF(S19="","",IF(COUNTIF($S$5:$S$100,S19)=1,"OK","CHECK")) | Z19: =IF(A19="","",IF(AND(V19="OK",W19="OK",X19="OK",Y19="OK",T19>0),"OK","CHECK"))
S20: =IF(A20="","", "JC-"&A20&"-L"&TEXT(B20,"00")&"-"&TEXT(C20,"yyyymmdd")&"-"&D20&"-"&IF(F20="","START",F20)&"-"&G20) | T20: =IF(A20="","",SUM(I20:L20)+N20+P20) | U20: =IF(S20="","",SUMIF(JobChangeImpact!$B$5:$B$100,S20,JobChangeImpact!$Q$5:$Q$100)) | V20: =IF(A20="","",IF(ABS(T20-U20)<=0.001,"OK","CHECK")) | W20: =IF(A20="","",IF(AND(IF(L20>0,M20<>"",M20=""),IF(N20>0,O20<>"",O20=""),IF(P20>0,Q20<>"",Q20="")),"OK","CHECK")) | X20: =IF(A20="","",IF(OR(G20="",AND(F20<>"",F20=G20)),"CHECK","OK")) | Y20: =IF(S20="","",IF(COUNTIF($S$5:$S$100,S20)=1,"OK","CHECK")) | Z20: =IF(A20="","",IF(AND(V20="OK",W20="OK",X20="OK",Y20="OK",T20>0),"OK","CHECK"))
S21: =IF(A21="","", "JC-"&A21&"-L"&TEXT(B21,"00")&"-"&TEXT(C21,"yyyymmdd")&"-"&D21&"-"&IF(F21="","START",F21)&"-"&G21) | T21: =IF(A21="","",SUM(I21:L21)+N21+P21) | U21: =IF(S21="","",SUMIF(JobChangeImpact!$B$5:$B$100,S21,JobChangeImpact!$Q$5:$Q$100)) | V21: =IF(A21="","",IF(ABS(T21-U21)<=0.001,"OK","CHECK")) | W21: =IF(A21="","",IF(AND(IF(L21>0,M21<>"",M21=""),IF(N21>0,O21<>"",O21=""),IF(P21>0,Q21<>"",Q21="")),"OK","CHECK")) | X21: =IF(A21="","",IF(OR(G21="",AND(F21<>"",F21=G21)),"CHECK","OK")) | Y21: =IF(S21="","",IF(COUNTIF($S$5:$S$100,S21)=1,"OK","CHECK")) | Z21: =IF(A21="","",IF(AND(V21="OK",W21="OK",X21="OK",Y21="OK",T21>0),"OK","CHECK"))
S22: =IF(A22="","", "JC-"&A22&"-L"&TEXT(B22,"00")&"-"&TEXT(C22,"yyyymmdd")&"-"&D22&"-"&IF(F22="","START",F22)&"-"&G22) | T22: =IF(A22="","",SUM(I22:L22)+N22+P22) | U22: =IF(S22="","",SUMIF(JobChangeImpact!$B$5:$B$100,S22,JobChangeImpact!$Q$5:$Q$100)) | V22: =IF(A22="","",IF(ABS(T22-U22)<=0.001,"OK","CHECK")) | W22: =IF(A22="","",IF(AND(IF(L22>0,M22<>"",M22=""),IF(N22>0,O22<>"",O22=""),IF(P22>0,Q22<>"",Q22="")),"OK","CHECK")) | X22: =IF(A22="","",IF(OR(G22="",AND(F22<>"",F22=G22)),"CHECK","OK")) | Y22: =IF(S22="","",IF(COUNTIF($S$5:$S$100,S22)=1,"OK","CHECK")) | Z22: =IF(A22="","",IF(AND(V22="OK",W22="OK",X22="OK",Y22="OK",T22>0),"OK","CHECK"))
S23: =IF(A23="","", "JC-"&A23&"-L"&TEXT(B23,"00")&"-"&TEXT(C23,"yyyymmdd")&"-"&D23&"-"&IF(F23="","START",F23)&"-"&G23) | T23: =IF(A23="","",SUM(I23:L23)+N23+P23) | U23: =IF(S23="","",SUMIF(JobChangeImpact!$B$5:$B$100,S23,JobChangeImpact!$Q$5:$Q$100)) | V23: =IF(A23="","",IF(ABS(T23-U23)<=0.001,"OK","CHECK")) | W23: =IF(A23="","",IF(AND(IF(L23>0,M23<>"",M23=""),IF(N23>0,O23<>"",O23=""),IF(P23>0,Q23<>"",Q23="")),"OK","CHECK")) | X23: =IF(A23="","",IF(OR(G23="",AND(F23<>"",F23=G23)),"CHECK","OK")) | Y23: =IF(S23="","",IF(COUNTIF($S$5:$S$100,S23)=1,"OK","CHECK")) | Z23: =IF(A23="","",IF(AND(V23="OK",W23="OK",X23="OK",Y23="OK",T23>0),"OK","CHECK"))
S24: =IF(A24="","", "JC-"&A24&"-L"&TEXT(B24,"00")&"-"&TEXT(C24,"yyyymmdd")&"-"&D24&"-"&IF(F24="","START",F24)&"-"&G24) | T24: =IF(A24="","",SUM(I24:L24)+N24+P24) | U24: =IF(S24="","",SUMIF(JobChangeImpact!$B$5:$B$100,S24,JobChangeImpact!$Q$5:$Q$100)) | V24: =IF(A24="","",IF(ABS(T24-U24)<=0.001,"OK","CHECK")) | W24: =IF(A24="","",IF(AND(IF(L24>0,M24<>"",M24=""),IF(N24>0,O24<>"",O24=""),IF(P24>0,Q24<>"",Q24="")),"OK","CHECK")) | X24: =IF(A24="","",IF(OR(G24="",AND(F24<>"",F24=G24)),"CHECK","OK")) | Y24: =IF(S24="","",IF(COUNTIF($S$5:$S$100,S24)=1,"OK","CHECK")) | Z24: =IF(A24="","",IF(AND(V24="OK",W24="OK",X24="OK",Y24="OK",T24>0),"OK","CHECK"))
S25: =IF(A25="","", "JC-"&A25&"-L"&TEXT(B25,"00")&"-"&TEXT(C25,"yyyymmdd")&"-"&D25&"-"&IF(F25="","START",F25)&"-"&G25) | T25: =IF(A25="","",SUM(I25:L25)+N25+P25) | U25: =IF(S25="","",SUMIF(JobChangeImpact!$B$5:$B$100,S25,JobChangeImpact!$Q$5:$Q$100)) | V25: =IF(A25="","",IF(ABS(T25-U25)<=0.001,"OK","CHECK")) | W25: =IF(A25="","",IF(AND(IF(L25>0,M25<>"",M25=""),IF(N25>0,O25<>"",O25=""),IF(P25>0,Q25<>"",Q25="")),"OK","CHECK")) | X25: =IF(A25="","",IF(OR(G25="",AND(F25<>"",F25=G25)),"CHECK","OK")) | Y25: =IF(S25="","",IF(COUNTIF($S$5:$S$100,S25)=1,"OK","CHECK")) | Z25: =IF(A25="","",IF(AND(V25="OK",W25="OK",X25="OK",Y25="OK",T25>0),"OK","CHECK"))
... S100: =IF(A100="","", "JC-"&A100&"-L"&TEXT(B100,"00")&"-"&TEXT(C100,"yyyymmdd")&"-"&D100&"-"&IF(F100="","START",F100)&"-"&G100) | T100: =IF(A100="","",SUM(I100:L100)+N100+P100) | U100: =IF(S100="","",SUMIF(JobChangeImpact!$B$5:$B$100,S100,JobChangeImpact!$Q$5:$Q$100)) | V100: =IF(A100="","",IF(ABS(T100-U100)<=0.001,"OK","CHECK")) | W100: =IF(A100="","",IF(AND(IF(L100>0,M100<>"",M100=""),IF(N100>0,O100<>"",O100=""),IF(P100>0,Q100<>"",Q100="")),"OK","CHECK")) | X100: =IF(A100="","",IF(OR(G100="",AND(F100<>"",F100=G100)),"CHECK","OK")) | Y100: =IF(S100="","",IF(COUNTIF($S$5:$S$100,S100)=1,"OK","CHECK")) | Z100: =IF(A100="","",IF(AND(V100="OK",W100="OK",X100="OK",Y100="OK",T100>0),"OK","CHECK"))

Sheet JobChangeImpact
A1: JOB CHANGE IMPACT — DETAILED ASSET LOSS
A2: Historical summary components are seeded at Line scope; enter new detail at Line, Section, or Cavity scope.
A4: JobChangeImpactID | B4: JobChangeEventID | C4: ProductionEventID | D4: FactoryCode | E4: LineNumber | F4: EventDate | G4: ShiftCode | H4: ToOrderNumber | I4: LossArea | J4: AssetScopeKey | K4: AssetLevel | L4: SectionNumber | M4: CavityNumber | N4: Reason | O4: StartDateTime | P4: EndDateTime | Q4: DurationHrs | R4: TotalActiveCavities | S4: AffectedActiveCavities | T4: CapacityImpactPct | U4: LineEquivalentLossHrs | V4: DesignedCyclesPerMin | W4: EstimatedLostUnits | X4: ImpactSource | Y4: ParentEventCheck | Z4: ScopeCheck | AA4: DurationCheck | AB4: DataQualityCheck
A5: JCI-000001 | B5: JC-KG01-L21-20251021-AM-ORD-2025-00019-ORD-2025-00020 | C5: PE-KG01-L21-20251021-AM-ORD-2025-00020 | D5: KG01 | E5: 21 | F5: 45951 | G5: AM | H5: ORD-2025-00020 | I5: T1 | J5: L21-S01-C1 | K5: Cavity | L5: 1 | M5: 1 | N5: Historical summary | Q5: 3.08 | R5: =IF(B5="","",SUMIF(ProductionConfiguration!$B$5:$B$914,C5,ProductionConfiguration!$S$5:$S$914)) -> 20 | S5: =IF(B5="","",IF(K5="Line",R5,IF(K5="Section",SUMIFS(ProductionConfiguration!$S$5:$S$914,ProductionConfiguration!$B$5:$B$914,C5,ProductionConfiguration!$I$5:$I$914,L5),IF(K5="Cavity",IF(M5=1,SUMIFS(ProductionConfiguration!$P$5:$P$914,ProductionConfiguration!$B$5:$B$914,C5,ProductionConfiguration!$I$5:$I$914,L5),IF(M5=2,SUMIFS(ProductionConfiguration!$Q$5:$Q$914,ProductionConfiguration!$B$5:$B$914,C5,ProductionConfiguration!$I$5:$I$914,L5),SUMIFS(ProductionConfiguration!$R$5:$R$914,ProductionConfiguration!$B$5:$B$914,C5,ProductionConfiguration!$I$5:$I$914,L5))),0)))) -> 1 | T5: =IF(B5="","",IFERROR(S5/R5,0)) -> 0.05 | U5: =IF(B5="","",Q5*T5) -> 0.154 | V5: =IF(C5="","",SUMIF(DailyProduction!$Q$5:$Q$100,C5,DailyProduction!$J$5:$J$100)) -> 10 | W5: =IF(B5="","",Q5*60*V5*S5) -> 1848 | X5: HistoricalSummary | Y5: =IF(B5="","",IF(COUNTIF(JobChange!$S$5:$S$100,B5)=1,"OK","CHECK")) -> OK | Z5: =IF(B5="","",IF(OR(AND(K5="Line",J5="L"&E5),AND(K5="Section",J5="L"&E5&"-S"&TEXT(L5,"00")),AND(K5="Cavity",J5="L"&E5&"-S"&TEXT(L5,"00")&"-C"&M5)),"OK","CHECK")) -> OK | AA5: =IF(B5="","",IF(AND(Q5>0,OR(AND(O5="",P5=""),AND(O5<>"",P5<>"",P5>=O5,ABS(Q5-((P5-O5)*24))<=0.01))),"OK","CHECK")) -> OK | AB5: =IF(B5="","",IF(AND(Y5="OK",Z5="OK",AA5="OK",R5>0,S5>0),"OK","CHECK")) -> OK
A6: JCI-000002 | B6: JC-KG01-L21-20251021-AM-ORD-2025-00019-ORD-2025-00020 | C6: PE-KG01-L21-20251021-AM-ORD-2025-00020 | D6: KG01 | E6: 21 | F6: 45951 | G6: AM | H6: ORD-2025-00020 | I6: T2 | J6: L21-S02 | K6: Section | L6: 2 | N6: Historical summary | Q6: 1 | R6: =IF(B6="","",SUMIF(ProductionConfiguration!$B$5:$B$914,C6,ProductionConfiguration!$S$5:$S$914)) -> 20 | S6: =IF(B6="","",IF(K6="Line",R6,IF(K6="Section",SUMIFS(ProductionConfiguration!$S$5:$S$914,ProductionConfiguration!$B$5:$B$914,C6,ProductionConfiguration!$I$5:$I$914,L6),IF(K6="Cavity",IF(M6=1,SUMIFS(ProductionConfiguration!$P$5:$P$914,ProductionConfiguration!$B$5:$B$914,C6,ProductionConfiguration!$I$5:$I$914,L6),IF(M6=2,SUMIFS(ProductionConfiguration!$Q$5:$Q$914,ProductionConfiguration!$B$5:$B$914,C6,ProductionConfiguration!$I$5:$I$914,L6),SUMIFS(ProductionConfiguration!$R$5:$R$914,ProductionConfiguration!$B$5:$B$914,C6,ProductionConfiguration!$I$5:$I$914,L6))),0)))) -> 2 | T6: =IF(B6="","",IFERROR(S6/R6,0)) -> 0.1 | U6: =IF(B6="","",Q6*T6) -> 0.1 | V6: =IF(C6="","",SUMIF(DailyProduction!$Q$5:$Q$100,C6,DailyProduction!$J$5:$J$100)) -> 10 | W6: =IF(B6="","",Q6*60*V6*S6) -> 1200 | X6: HistoricalSummary | Y6: =IF(B6="","",IF(COUNTIF(JobChange!$S$5:$S$100,B6)=1,"OK","CHECK")) -> OK | Z6: =IF(B6="","",IF(OR(AND(K6="Line",J6="L"&E6),AND(K6="Section",J6="L"&E6&"-S"&TEXT(L6,"00")),AND(K6="Cavity",J6="L"&E6&"-S"&TEXT(L6,"00")&"-C"&M6)),"OK","CHECK")) -> OK | AA6: =IF(B6="","",IF(AND(Q6>0,OR(AND(O6="",P6=""),AND(O6<>"",P6<>"",P6>=O6,ABS(Q6-((P6-O6)*24))<=0.01))),"OK","CHECK")) -> OK | AB6: =IF(B6="","",IF(AND(Y6="OK",Z6="OK",AA6="OK",R6>0,S6>0),"OK","CHECK")) -> OK
A7: JCI-000003 | B7: JC-KG01-L21-20251021-AM-ORD-2025-00019-ORD-2025-00020 | C7: PE-KG01-L21-20251021-AM-ORD-2025-00020 | D7: KG01 | E7: 21 | F7: 45951 | G7: AM | H7: ORD-2025-00020 | I7: Trial | J7: L21-S03 | K7: Section | L7: 3 | N7: Historical summary | Q7: 0.19 | R7: =IF(B7="","",SUMIF(ProductionConfiguration!$B$5:$B$914,C7,ProductionConfiguration!$S$5:$S$914)) -> 20 | S7: =IF(B7="","",IF(K7="Line",R7,IF(K7="Section",SUMIFS(ProductionConfiguration!$S$5:$S$914,ProductionConfiguration!$B$5:$B$914,C7,ProductionConfiguration!$I$5:$I$914,L7),IF(K7="Cavity",IF(M7=1,SUMIFS(ProductionConfiguration!$P$5:$P$914,ProductionConfiguration!$B$5:$B$914,C7,ProductionConfiguration!$I$5:$I$914,L7),IF(M7=2,SUMIFS(ProductionConfiguration!$Q$5:$Q$914,ProductionConfiguration!$B$5:$B$914,C7,ProductionConfiguration!$I$5:$I$914,L7),SUMIFS(ProductionConfiguration!$R$5:$R$914,ProductionConfiguration!$B$5:$B$914,C7,ProductionConfiguration!$I$5:$I$914,L7))),0)))) -> 2 | T7: =IF(B7="","",IFERROR(S7/R7,0)) -> 0.1 | U7: =IF(B7="","",Q7*T7) -> 0.019 | V7: =IF(C7="","",SUMIF(DailyProduction!$Q$5:$Q$100,C7,DailyProduction!$J$5:$J$100)) -> 10 | W7: =IF(B7="","",Q7*60*V7*S7) -> 228 | X7: HistoricalSummary | Y7: =IF(B7="","",IF(COUNTIF(JobChange!$S$5:$S$100,B7)=1,"OK","CHECK")) -> OK | Z7: =IF(B7="","",IF(OR(AND(K7="Line",J7="L"&E7),AND(K7="Section",J7="L"&E7&"-S"&TEXT(L7,"00")),AND(K7="Cavity",J7="L"&E7&"-S"&TEXT(L7,"00")&"-C"&M7)),"OK","CHECK")) -> OK | AA7: =IF(B7="","",IF(AND(Q7>0,OR(AND(O7="",P7=""),AND(O7<>"",P7<>"",P7>=O7,ABS(Q7-((P7-O7)*24))<=0.01))),"OK","CHECK")) -> OK | AB7: =IF(B7="","",IF(AND(Y7="OK",Z7="OK",AA7="OK",R7>0,S7>0),"OK","CHECK")) -> OK
A8: JCI-000004 | B8: JC-KG01-L21-20251025-AM-ORD-2025-00020-ORD-2025-00021 | C8: PE-KG01-L21-20251025-AM-ORD-2025-00021 | D8: KG01 | E8: 21 | F8: 45955 | G8: AM | H8: ORD-2025-00021 | I8: T1 | J8: L21-S04 | K8: Section | L8: 4 | N8: Historical summary | Q8: 3.15 | R8: =IF(B8="","",SUMIF(ProductionConfiguration!$B$5:$B$914,C8,ProductionConfiguration!$S$5:$S$914)) -> 30 | S8: =IF(B8="","",IF(K8="Line",R8,IF(K8="Section",SUMIFS(ProductionConfiguration!$S$5:$S$914,ProductionConfiguration!$B$5:$B$914,C8,ProductionConfiguration!$I$5:$I$914,L8),IF(K8="Cavity",IF(M8=1,SUMIFS(ProductionConfiguration!$P$5:$P$914,ProductionConfiguration!$B$5:$B$914,C8,ProductionConfiguration!$I$5:$I$914,L8),IF(M8=2,SUMIFS(ProductionConfiguration!$Q$5:$Q$914,ProductionConfiguration!$B$5:$B$914,C8,ProductionConfiguration!$I$5:$I$914,L8),SUMIFS(ProductionConfiguration!$R$5:$R$914,ProductionConfiguration!$B$5:$B$914,C8,ProductionConfiguration!$I$5:$I$914,L8))),0)))) -> 3 | T8: =IF(B8="","",IFERROR(S8/R8,0)) -> 0.1 | U8: =IF(B8="","",Q8*T8) -> 0.315 | V8: =IF(C8="","",SUMIF(DailyProduction!$Q$5:$Q$100,C8,DailyProduction!$J$5:$J$100)) -> 11 | W8: =IF(B8="","",Q8*60*V8*S8) -> 6237 | X8: HistoricalSummary | Y8: =IF(B8="","",IF(COUNTIF(JobChange!$S$5:$S$100,B8)=1,"OK","CHECK")) -> OK | Z8: =IF(B8="","",IF(OR(AND(K8="Line",J8="L"&E8),AND(K8="Section",J8="L"&E8&"-S"&TEXT(L8,"00")),AND(K8="Cavity",J8="L"&E8&"-S"&TEXT(L8,"00")&"-C"&M8)),"OK","CHECK")) -> OK | AA8: =IF(B8="","",IF(AND(Q8>0,OR(AND(O8="",P8=""),AND(O8<>"",P8<>"",P8>=O8,ABS(Q8-((P8-O8)*24))<=0.01))),"OK","CHECK")) -> OK | AB8: =IF(B8="","",IF(AND(Y8="OK",Z8="OK",AA8="OK",R8>0,S8>0),"OK","CHECK")) -> OK
A9: JCI-000005 | B9: JC-KG01-L21-20251025-AM-ORD-2025-00020-ORD-2025-00021 | C9: PE-KG01-L21-20251025-AM-ORD-2025-00021 | D9: KG01 | E9: 21 | F9: 45955 | G9: AM | H9: ORD-2025-00021 | I9: T2 | J9: L21-S05 | K9: Section | L9: 5 | N9: Historical summary | Q9: 1.2 | R9: =IF(B9="","",SUMIF(ProductionConfiguration!$B$5:$B$914,C9,ProductionConfiguration!$S$5:$S$914)) -> 30 | S9: =IF(B9="","",IF(K9="Line",R9,IF(K9="Section",SUMIFS(ProductionConfiguration!$S$5:$S$914,ProductionConfiguration!$B$5:$B$914,C9,ProductionConfiguration!$I$5:$I$914,L9),IF(K9="Cavity",IF(M9=1,SUMIFS(ProductionConfiguration!$P$5:$P$914,ProductionConfiguration!$B$5:$B$914,C9,ProductionConfiguration!$I$5:$I$914,L9),IF(M9=2,SUMIFS(ProductionConfiguration!$Q$5:$Q$914,ProductionConfiguration!$B$5:$B$914,C9,ProductionConfiguration!$I$5:$I$914,L9),SUMIFS(ProductionConfiguration!$R$5:$R$914,ProductionConfiguration!$B$5:$B$914,C9,ProductionConfiguration!$I$5:$I$914,L9))),0)))) -> 3 | T9: =IF(B9="","",IFERROR(S9/R9,0)) -> 0.1 | U9: =IF(B9="","",Q9*T9) -> 0.12 | V9: =IF(C9="","",SUMIF(DailyProduction!$Q$5:$Q$100,C9,DailyProduction!$J$5:$J$100)) -> 11 | W9: =IF(B9="","",Q9*60*V9*S9) -> 2376 | X9: HistoricalSummary | Y9: =IF(B9="","",IF(COUNTIF(JobChange!$S$5:$S$100,B9)=1,"OK","CHECK")) -> OK | Z9: =IF(B9="","",IF(OR(AND(K9="Line",J9="L"&E9),AND(K9="Section",J9="L"&E9&"-S"&TEXT(L9,"00")),AND(K9="Cavity",J9="L"&E9&"-S"&TEXT(L9,"00")&"-C"&M9)),"OK","CHECK")) -> OK | AA9: =IF(B9="","",IF(AND(Q9>0,OR(AND(O9="",P9=""),AND(O9<>"",P9<>"",P9>=O9,ABS(Q9-((P9-O9)*24))<=0.01))),"OK","CHECK")) -> OK | AB9: =IF(B9="","",IF(AND(Y9="OK",Z9="OK",AA9="OK",R9>0,S9>0),"OK","CHECK")) -> OK
A10: JCI-000006 | B10: JC-KG01-L21-20251025-AM-ORD-2025-00020-ORD-2025-00021 | C10: PE-KG01-L21-20251025-AM-ORD-2025-00021 | D10: KG01 | E10: 21 | F10: 45955 | G10: AM | H10: ORD-2025-00021 | I10: Trial | J10: L21-S01-C2 | K10: Cavity | L10: 1 | M10: 2 | N10: Historical summary | Q10: 0.1 | R10: =IF(B10="","",SUMIF(ProductionConfiguration!$B$5:$B$914,C10,ProductionConfiguration!$S$5:$S$914)) -> 30 | S10: =IF(B10="","",IF(K10="Line",R10,IF(K10="Section",SUMIFS(ProductionConfiguration!$S$5:$S$914,ProductionConfiguration!$B$5:$B$914,C10,ProductionConfiguration!$I$5:$I$914,L10),IF(K10="Cavity",IF(M10=1,SUMIFS(ProductionConfiguration!$P$5:$P$914,ProductionConfiguration!$B$5:$B$914,C10,ProductionConfiguration!$I$5:$I$914,L10),IF(M10=2,SUMIFS(ProductionConfiguration!$Q$5:$Q$914,ProductionConfiguration!$B$5:$B$914,C10,ProductionConfiguration!$I$5:$I$914,L10),SUMIFS(ProductionConfiguration!$R$5:$R$914,ProductionConfiguration!$B$5:$B$914,C10,ProductionConfiguration!$I$5:$I$914,L10))),0)))) -> 1 | T10: =IF(B10="","",IFERROR(S10/R10,0)) -> 0.033333333 | U10: =IF(B10="","",Q10*T10) -> 0.0033333333 | V10: =IF(C10="","",SUMIF(DailyProduction!$Q$5:$Q$100,C10,DailyProduction!$J$5:$J$100)) -> 11 | W10: =IF(B10="","",Q10*60*V10*S10) -> 66 | X10: HistoricalSummary | Y10: =IF(B10="","",IF(COUNTIF(JobChange!$S$5:$S$100,B10)=1,"OK","CHECK")) -> OK | Z10: =IF(B10="","",IF(OR(AND(K10="Line",J10="L"&E10),AND(K10="Section",J10="L"&E10&"-S"&TEXT(L10,"00")),AND(K10="Cavity",J10="L"&E10&"-S"&TEXT(L10,"00")&"-C"&M10)),"OK","CHECK")) -> OK | AA10: =IF(B10="","",IF(AND(Q10>0,OR(AND(O10="",P10=""),AND(O10<>"",P10<>"",P10>=O10,ABS(Q10-((P10-O10)*24))<=0.01))),"OK","CHECK")) -> OK | AB10: =IF(B10="","",IF(AND(Y10="OK",Z10="OK",AA10="OK",R10>0,S10>0),"OK","CHECK")) -> OK
A11: JCI-000007 | B11: JC-KG01-L21-20251025-AM-ORD-2025-00020-ORD-2025-00021 | C11: PE-KG01-L21-20251025-AM-ORD-2025-00021 | D11: KG01 | E11: 21 | F11: 45955 | G11: AM | H11: ORD-2025-00021 | I11: HE | J11: L21-S01-C1 | K11: Cavity | L11: 1 | M11: 1 | N11: Gob Weight Adjustment | Q11: 0.51 | R11: =IF(B11="","",SUMIF(ProductionConfiguration!$B$5:$B$914,C11,ProductionConfiguration!$S$5:$S$914)) -> 30 | S11: =IF(B11="","",IF(K11="Line",R11,IF(K11="Section",SUMIFS(ProductionConfiguration!$S$5:$S$914,ProductionConfiguration!$B$5:$B$914,C11,ProductionConfiguration!$I$5:$I$914,L11),IF(K11="Cavity",IF(M11=1,SUMIFS(ProductionConfiguration!$P$5:$P$914,ProductionConfiguration!$B$5:$B$914,C11,ProductionConfiguration!$I$5:$I$914,L11),IF(M11=2,SUMIFS(ProductionConfiguration!$Q$5:$Q$914,ProductionConfiguration!$B$5:$B$914,C11,ProductionConfiguration!$I$5:$I$914,L11),SUMIFS(ProductionConfiguration!$R$5:$R$914,ProductionConfiguration!$B$5:$B$914,C11,ProductionConfiguration!$I$5:$I$914,L11))),0)))) -> 1 | T11: =IF(B11="","",IFERROR(S11/R11,0)) -> 0.033333333 | U11: =IF(B11="","",Q11*T11) -> 0.017 | V11: =IF(C11="","",SUMIF(DailyProduction!$Q$5:$Q$100,C11,DailyProduction!$J$5:$J$100)) -> 11 | W11: =IF(B11="","",Q11*60*V11*S11) -> 336.6 | X11: HistoricalSummary | Y11: =IF(B11="","",IF(COUNTIF(JobChange!$S$5:$S$100,B11)=1,"OK","CHECK")) -> OK | Z11: =IF(B11="","",IF(OR(AND(K11="Line",J11="L"&E11),AND(K11="Section",J11="L"&E11&"-S"&TEXT(L11,"00")),AND(K11="Cavity",J11="L"&E11&"-S"&TEXT(L11,"00")&"-C"&M11)),"OK","CHECK")) -> OK | AA11: =IF(B11="","",IF(AND(Q11>0,OR(AND(O11="",P11=""),AND(O11<>"",P11<>"",P11>=O11,ABS(Q11-((P11-O11)*24))<=0.01))),"OK","CHECK")) -> OK | AB11: =IF(B11="","",IF(AND(Y11="OK",Z11="OK",AA11="OK",R11>0,S11>0),"OK","CHECK")) -> OK
A12: JCI-000008 | B12: JC-KG01-L22-20251020-AM-ORD-2025-00055-ORD-2025-00056 | C12: PE-KG01-L22-20251020-AM-ORD-2025-00056 | D12: KG01 | E12: 22 | F12: 45950 | G12: AM | H12: ORD-2025-00056 | I12: T1 | J12: L22-S02 | K12: Section | L12: 2 | N12: Historical summary | Q12: 6.84 | R12: =IF(B12="","",SUMIF(ProductionConfiguration!$B$5:$B$914,C12,ProductionConfiguration!$S$5:$S$914)) -> 20 | S12: =IF(B12="","",IF(K12="Line",R12,IF(K12="Section",SUMIFS(ProductionConfiguration!$S$5:$S$914,ProductionConfiguration!$B$5:$B$914,C12,ProductionConfiguration!$I$5:$I$914,L12),IF(K12="Cavity",IF(M12=1,SUMIFS(ProductionConfiguration!$P$5:$P$914,ProductionConfiguration!$B$5:$B$914,C12,ProductionConfiguration!$I$5:$I$914,L12),IF(M12=2,SUMIFS(ProductionConfiguration!$Q$5:$Q$914,ProductionConfiguration!$B$5:$B$914,C12,ProductionConfiguration!$I$5:$I$914,L12),SUMIFS(ProductionConfiguration!$R$5:$R$914,ProductionConfiguration!$B$5:$B$914,C12,ProductionConfiguration!$I$5:$I$914,L12))),0)))) -> 2 | T12: =IF(B12="","",IFERROR(S12/R12,0)) -> 0.1 | U12: =IF(B12="","",Q12*T12) -> 0.684 | V12: =IF(C12="","",SUMIF(DailyProduction!$Q$5:$Q$100,C12,DailyProduction!$J$5:$J$100)) -> 10 | W12: =IF(B12="","",Q12*60*V12*S12) -> 8208 | X12: HistoricalSummary | Y12: =IF(B12="","",IF(COUNTIF(JobChange!$S$5:$S$100,B12)=1,"OK","CHECK")) -> OK | Z12: =IF(B12="","",IF(OR(AND(K12="Line",J12="L"&E12),AND(K12="Section",J12="L"&E12&"-S"&TEXT(L12,"00")),AND(K12="Cavity",J12="L"&E12&"-S"&TEXT(L12,"00")&"-C"&M12)),"OK","CHECK")) -> OK | AA12: =IF(B12="","",IF(AND(Q12>0,OR(AND(O12="",P12=""),AND(O12<>"",P12<>"",P12>=O12,ABS(Q12-((P12-O12)*24))<=0.01))),"OK","CHECK")) -> OK | AB12: =IF(B12="","",IF(AND(Y12="OK",Z12="OK",AA12="OK",R12>0,S12>0),"OK","CHECK")) -> OK
A13: JCI-000009 | B13: JC-KG01-L22-20251020-AM-ORD-2025-00055-ORD-2025-00056 | C13: PE-KG01-L22-20251020-AM-ORD-2025-00056 | D13: KG01 | E13: 22 | F13: 45950 | G13: AM | H13: ORD-2025-00056 | I13: T2 | J13: L22-S03 | K13: Section | L13: 3 | N13: Historical summary | Q13: 1.63 | R13: =IF(B13="","",SUMIF(ProductionConfiguration!$B$5:$B$914,C13,ProductionConfiguration!$S$5:$S$914)) -> 20 | S13: =IF(B13="","",IF(K13="Line",R13,IF(K13="Section",SUMIFS(ProductionConfiguration!$S$5:$S$914,ProductionConfiguration!$B$5:$B$914,C13,ProductionConfiguration!$I$5:$I$914,L13),IF(K13="Cavity",IF(M13=1,SUMIFS(ProductionConfiguration!$P$5:$P$914,ProductionConfiguration!$B$5:$B$914,C13,ProductionConfiguration!$I$5:$I$914,L13),IF(M13=2,SUMIFS(ProductionConfiguration!$Q$5:$Q$914,ProductionConfiguration!$B$5:$B$914,C13,ProductionConfiguration!$I$5:$I$914,L13),SUMIFS(ProductionConfiguration!$R$5:$R$914,ProductionConfiguration!$B$5:$B$914,C13,ProductionConfiguration!$I$5:$I$914,L13))),0)))) -> 2 | T13: =IF(B13="","",IFERROR(S13/R13,0)) -> 0.1 | U13: =IF(B13="","",Q13*T13) -> 0.163 | V13: =IF(C13="","",SUMIF(DailyProduction!$Q$5:$Q$100,C13,DailyProduction!$J$5:$J$100)) -> 10 | W13: =IF(B13="","",Q13*60*V13*S13) -> 1956 | X13: HistoricalSummary | Y13: =IF(B13="","",IF(COUNTIF(JobChange!$S$5:$S$100,B13)=1,"OK","CHECK")) -> OK | Z13: =IF(B13="","",IF(OR(AND(K13="Line",J13="L"&E13),AND(K13="Section",J13="L"&E13&"-S"&TEXT(L13,"00")),AND(K13="Cavity",J13="L"&E13&"-S"&TEXT(L13,"00")&"-C"&M13)),"OK","CHECK")) -> OK | AA13: =IF(B13="","",IF(AND(Q13>0,OR(AND(O13="",P13=""),AND(O13<>"",P13<>"",P13>=O13,ABS(Q13-((P13-O13)*24))<=0.01))),"OK","CHECK")) -> OK | AB13: =IF(B13="","",IF(AND(Y13="OK",Z13="OK",AA13="OK",R13>0,S13>0),"OK","CHECK")) -> OK
A14: JCI-000010 | B14: JC-KG01-L22-20251020-AM-ORD-2025-00055-ORD-2025-00056 | C14: PE-KG01-L22-20251020-AM-ORD-2025-00056 | D14: KG01 | E14: 22 | F14: 45950 | G14: AM | H14: ORD-2025-00056 | I14: Trial | J14: L22-S03-C1 | K14: Cavity | L14: 3 | M14: 1 | N14: Historical summary | Q14: 0.78 | R14: =IF(B14="","",SUMIF(ProductionConfiguration!$B$5:$B$914,C14,ProductionConfiguration!$S$5:$S$914)) -> 20 | S14: =IF(B14="","",IF(K14="Line",R14,IF(K14="Section",SUMIFS(ProductionConfiguration!$S$5:$S$914,ProductionConfiguration!$B$5:$B$914,C14,ProductionConfiguration!$I$5:$I$914,L14),IF(K14="Cavity",IF(M14=1,SUMIFS(ProductionConfiguration!$P$5:$P$914,ProductionConfiguration!$B$5:$B$914,C14,ProductionConfiguration!$I$5:$I$914,L14),IF(M14=2,SUMIFS(ProductionConfiguration!$Q$5:$Q$914,ProductionConfiguration!$B$5:$B$914,C14,ProductionConfiguration!$I$5:$I$914,L14),SUMIFS(ProductionConfiguration!$R$5:$R$914,ProductionConfiguration!$B$5:$B$914,C14,ProductionConfiguration!$I$5:$I$914,L14))),0)))) -> 1 | T14: =IF(B14="","",IFERROR(S14/R14,0)) -> 0.05 | U14: =IF(B14="","",Q14*T14) -> 0.039 | V14: =IF(C14="","",SUMIF(DailyProduction!$Q$5:$Q$100,C14,DailyProduction!$J$5:$J$100)) -> 10 | W14: =IF(B14="","",Q14*60*V14*S14) -> 468 | X14: HistoricalSummary | Y14: =IF(B14="","",IF(COUNTIF(JobChange!$S$5:$S$100,B14)=1,"OK","CHECK")) -> OK | Z14: =IF(B14="","",IF(OR(AND(K14="Line",J14="L"&E14),AND(K14="Section",J14="L"&E14&"-S"&TEXT(L14,"00")),AND(K14="Cavity",J14="L"&E14&"-S"&TEXT(L14,"00")&"-C"&M14)),"OK","CHECK")) -> OK | AA14: =IF(B14="","",IF(AND(Q14>0,OR(AND(O14="",P14=""),AND(O14<>"",P14<>"",P14>=O14,ABS(Q14-((P14-O14)*24))<=0.01))),"OK","CHECK")) -> OK | AB14: =IF(B14="","",IF(AND(Y14="OK",Z14="OK",AA14="OK",R14>0,S14>0),"OK","CHECK")) -> OK
A15: JCI-000011 | B15: JC-KG01-L22-20251020-AM-ORD-2025-00055-ORD-2025-00056 | C15: PE-KG01-L22-20251020-AM-ORD-2025-00056 | D15: KG01 | E15: 22 | F15: 45950 | G15: AM | H15: ORD-2025-00056 | I15: Palletizer | J15: L22-S04 | K15: Section | L15: 4 | N15: Pallet Conveyor Jam | Q15: 0.24 | R15: =IF(B15="","",SUMIF(ProductionConfiguration!$B$5:$B$914,C15,ProductionConfiguration!$S$5:$S$914)) -> 20 | S15: =IF(B15="","",IF(K15="Line",R15,IF(K15="Section",SUMIFS(ProductionConfiguration!$S$5:$S$914,ProductionConfiguration!$B$5:$B$914,C15,ProductionConfiguration!$I$5:$I$914,L15),IF(K15="Cavity",IF(M15=1,SUMIFS(ProductionConfiguration!$P$5:$P$914,ProductionConfiguration!$B$5:$B$914,C15,ProductionConfiguration!$I$5:$I$914,L15),IF(M15=2,SUMIFS(ProductionConfiguration!$Q$5:$Q$914,ProductionConfiguration!$B$5:$B$914,C15,ProductionConfiguration!$I$5:$I$914,L15),SUMIFS(ProductionConfiguration!$R$5:$R$914,ProductionConfiguration!$B$5:$B$914,C15,ProductionConfiguration!$I$5:$I$914,L15))),0)))) -> 2 | T15: =IF(B15="","",IFERROR(S15/R15,0)) -> 0.1 | U15: =IF(B15="","",Q15*T15) -> 0.024 | V15: =IF(C15="","",SUMIF(DailyProduction!$Q$5:$Q$100,C15,DailyProduction!$J$5:$J$100)) -> 10 | W15: =IF(B15="","",Q15*60*V15*S15) -> 288 | X15: HistoricalSummary | Y15: =IF(B15="","",IF(COUNTIF(JobChange!$S$5:$S$100,B15)=1,"OK","CHECK")) -> OK | Z15: =IF(B15="","",IF(OR(AND(K15="Line",J15="L"&E15),AND(K15="Section",J15="L"&E15&"-S"&TEXT(L15,"00")),AND(K15="Cavity",J15="L"&E15&"-S"&TEXT(L15,"00")&"-C"&M15)),"OK","CHECK")) -> OK | AA15: =IF(B15="","",IF(AND(Q15>0,OR(AND(O15="",P15=""),AND(O15<>"",P15<>"",P15>=O15,ABS(Q15-((P15-O15)*24))<=0.01))),"OK","CHECK")) -> OK | AB15: =IF(B15="","",IF(AND(Y15="OK",Z15="OK",AA15="OK",R15>0,S15>0),"OK","CHECK")) -> OK
A16: JCI-000012 | B16: JC-KG01-L22-20251026-AM-ORD-2025-00057-ORD-2025-00058 | C16: PE-KG01-L22-20251026-AM-ORD-2025-00058 | D16: KG01 | E16: 22 | F16: 45956 | G16: AM | H16: ORD-2025-00058 | I16: T1 | J16: L22-S05 | K16: Section | L16: 5 | N16: Historical summary | Q16: 5.65 | R16: =IF(B16="","",SUMIF(ProductionConfiguration!$B$5:$B$914,C16,ProductionConfiguration!$S$5:$S$914)) -> 30 | S16: =IF(B16="","",IF(K16="Line",R16,IF(K16="Section",SUMIFS(ProductionConfiguration!$S$5:$S$914,ProductionConfiguration!$B$5:$B$914,C16,ProductionConfiguration!$I$5:$I$914,L16),IF(K16="Cavity",IF(M16=1,SUMIFS(ProductionConfiguration!$P$5:$P$914,ProductionConfiguration!$B$5:$B$914,C16,ProductionConfiguration!$I$5:$I$914,L16),IF(M16=2,SUMIFS(ProductionConfiguration!$Q$5:$Q$914,ProductionConfiguration!$B$5:$B$914,C16,ProductionConfiguration!$I$5:$I$914,L16),SUMIFS(ProductionConfiguration!$R$5:$R$914,ProductionConfiguration!$B$5:$B$914,C16,ProductionConfiguration!$I$5:$I$914,L16))),0)))) -> 3 | T16: =IF(B16="","",IFERROR(S16/R16,0)) -> 0.1 | U16: =IF(B16="","",Q16*T16) -> 0.565 | V16: =IF(C16="","",SUMIF(DailyProduction!$Q$5:$Q$100,C16,DailyProduction!$J$5:$J$100)) -> 14 | W16: =IF(B16="","",Q16*60*V16*S16) -> 14238 | X16: HistoricalSummary | Y16: =IF(B16="","",IF(COUNTIF(JobChange!$S$5:$S$100,B16)=1,"OK","CHECK")) -> OK | Z16: =IF(B16="","",IF(OR(AND(K16="Line",J16="L"&E16),AND(K16="Section",J16="L"&E16&"-S"&TEXT(L16,"00")),AND(K16="Cavity",J16="L"&E16&"-S"&TEXT(L16,"00")&"-C"&M16)),"OK","CHECK")) -> OK | AA16: =IF(B16="","",IF(AND(Q16>0,OR(AND(O16="",P16=""),AND(O16<>"",P16<>"",P16>=O16,ABS(Q16-((P16-O16)*24))<=0.01))),"OK","CHECK")) -> OK | AB16: =IF(B16="","",IF(AND(Y16="OK",Z16="OK",AA16="OK",R16>0,S16>0),"OK","CHECK")) -> OK
A17: JCI-000013 | B17: JC-KG01-L22-20251026-AM-ORD-2025-00057-ORD-2025-00058 | C17: PE-KG01-L22-20251026-AM-ORD-2025-00058 | D17: KG01 | E17: 22 | F17: 45956 | G17: AM | H17: ORD-2025-00058 | I17: T2 | J17: L22-S02-C2 | K17: Cavity | L17: 2 | M17: 2 | N17: Historical summary | Q17: 1.35 | R17: =IF(B17="","",SUMIF(ProductionConfiguration!$B$5:$B$914,C17,ProductionConfiguration!$S$5:$S$914)) -> 30 | S17: =IF(B17="","",IF(K17="Line",R17,IF(K17="Section",SUMIFS(ProductionConfiguration!$S$5:$S$914,ProductionConfiguration!$B$5:$B$914,C17,ProductionConfiguration!$I$5:$I$914,L17),IF(K17="Cavity",IF(M17=1,SUMIFS(ProductionConfiguration!$P$5:$P$914,ProductionConfiguration!$B$5:$B$914,C17,ProductionConfiguration!$I$5:$I$914,L17),IF(M17=2,SUMIFS(ProductionConfiguration!$Q$5:$Q$914,ProductionConfiguration!$B$5:$B$914,C17,ProductionConfiguration!$I$5:$I$914,L17),SUMIFS(ProductionConfiguration!$R$5:$R$914,ProductionConfiguration!$B$5:$B$914,C17,ProductionConfiguration!$I$5:$I$914,L17))),0)))) -> 1 | T17: =IF(B17="","",IFERROR(S17/R17,0)) -> 0.033333333 | U17: =IF(B17="","",Q17*T17) -> 0.045 | V17: =IF(C17="","",SUMIF(DailyProduction!$Q$5:$Q$100,C17,DailyProduction!$J$5:$J$100)) -> 14 | W17: =IF(B17="","",Q17*60*V17*S17) -> 1134 | X17: HistoricalSummary | Y17: =IF(B17="","",IF(COUNTIF(JobChange!$S$5:$S$100,B17)=1,"OK","CHECK")) -> OK | Z17: =IF(B17="","",IF(OR(AND(K17="Line",J17="L"&E17),AND(K17="Section",J17="L"&E17&"-S"&TEXT(L17,"00")),AND(K17="Cavity",J17="L"&E17&"-S"&TEXT(L17,"00")&"-C"&M17)),"OK","CHECK")) -> OK | AA17: =IF(B17="","",IF(AND(Q17>0,OR(AND(O17="",P17=""),AND(O17<>"",P17<>"",P17>=O17,ABS(Q17-((P17-O17)*24))<=0.01))),"OK","CHECK")) -> OK | AB17: =IF(B17="","",IF(AND(Y17="OK",Z17="OK",AA17="OK",R17>0,S17>0),"OK","CHECK")) -> OK
A18: JCI-000014 | B18: JC-KG01-L22-20251026-AM-ORD-2025-00057-ORD-2025-00058 | C18: PE-KG01-L22-20251026-AM-ORD-2025-00058 | D18: KG01 | E18: 22 | F18: 45956 | G18: AM | H18: ORD-2025-00058 | I18: Trial | J18: L22-S02 | K18: Section | L18: 2 | N18: Historical summary | Q18: 0.78 | R18: =IF(B18="","",SUMIF(ProductionConfiguration!$B$5:$B$914,C18,ProductionConfiguration!$S$5:$S$914)) -> 30 | S18: =IF(B18="","",IF(K18="Line",R18,IF(K18="Section",SUMIFS(ProductionConfiguration!$S$5:$S$914,ProductionConfiguration!$B$5:$B$914,C18,ProductionConfiguration!$I$5:$I$914,L18),IF(K18="Cavity",IF(M18=1,SUMIFS(ProductionConfiguration!$P$5:$P$914,ProductionConfiguration!$B$5:$B$914,C18,ProductionConfiguration!$I$5:$I$914,L18),IF(M18=2,SUMIFS(ProductionConfiguration!$Q$5:$Q$914,ProductionConfiguration!$B$5:$B$914,C18,ProductionConfiguration!$I$5:$I$914,L18),SUMIFS(ProductionConfiguration!$R$5:$R$914,ProductionConfiguration!$B$5:$B$914,C18,ProductionConfiguration!$I$5:$I$914,L18))),0)))) -> 3 | T18: =IF(B18="","",IFERROR(S18/R18,0)) -> 0.1 | U18: =IF(B18="","",Q18*T18) -> 0.078 | V18: =IF(C18="","",SUMIF(DailyProduction!$Q$5:$Q$100,C18,DailyProduction!$J$5:$J$100)) -> 14 | W18: =IF(B18="","",Q18*60*V18*S18) -> 1965.6 | X18: HistoricalSummary | Y18: =IF(B18="","",IF(COUNTIF(JobChange!$S$5:$S$100,B18)=1,"OK","CHECK")) -> OK | Z18: =IF(B18="","",IF(OR(AND(K18="Line",J18="L"&E18),AND(K18="Section",J18="L"&E18&"-S"&TEXT(L18,"00")),AND(K18="Cavity",J18="L"&E18&"-S"&TEXT(L18,"00")&"-C"&M18)),"OK","CHECK")) -> OK | AA18: =IF(B18="","",IF(AND(Q18>0,OR(AND(O18="",P18=""),AND(O18<>"",P18<>"",P18>=O18,ABS(Q18-((P18-O18)*24))<=0.01))),"OK","CHECK")) -> OK | AB18: =IF(B18="","",IF(AND(Y18="OK",Z18="OK",AA18="OK",R18>0,S18>0),"OK","CHECK")) -> OK
A19: JCI-000015 | B19: JC-KG01-L22-20251026-AM-ORD-2025-00057-ORD-2025-00058 | C19: PE-KG01-L22-20251026-AM-ORD-2025-00058 | D19: KG01 | E19: 22 | F19: 45956 | G19: AM | H19: ORD-2025-00058 | I19: HE | J19: L22-S03 | K19: Section | L19: 3 | N19: Neck Ring Issue | Q19: 0.69 | R19: =IF(B19="","",SUMIF(ProductionConfiguration!$B$5:$B$914,C19,ProductionConfiguration!$S$5:$S$914)) -> 30 | S19: =IF(B19="","",IF(K19="Line",R19,IF(K19="Section",SUMIFS(ProductionConfiguration!$S$5:$S$914,ProductionConfiguration!$B$5:$B$914,C19,ProductionConfiguration!$I$5:$I$914,L19),IF(K19="Cavity",IF(M19=1,SUMIFS(ProductionConfiguration!$P$5:$P$914,ProductionConfiguration!$B$5:$B$914,C19,ProductionConfiguration!$I$5:$I$914,L19),IF(M19=2,SUMIFS(ProductionConfiguration!$Q$5:$Q$914,ProductionConfiguration!$B$5:$B$914,C19,ProductionConfiguration!$I$5:$I$914,L19),SUMIFS(ProductionConfiguration!$R$5:$R$914,ProductionConfiguration!$B$5:$B$914,C19,ProductionConfiguration!$I$5:$I$914,L19))),0)))) -> 3 | T19: =IF(B19="","",IFERROR(S19/R19,0)) -> 0.1 | U19: =IF(B19="","",Q19*T19) -> 0.069 | V19: =IF(C19="","",SUMIF(DailyProduction!$Q$5:$Q$100,C19,DailyProduction!$J$5:$J$100)) -> 14 | W19: =IF(B19="","",Q19*60*V19*S19) -> 1738.8 | X19: HistoricalSummary | Y19: =IF(B19="","",IF(COUNTIF(JobChange!$S$5:$S$100,B19)=1,"OK","CHECK")) -> OK | Z19: =IF(B19="","",IF(OR(AND(K19="Line",J19="L"&E19),AND(K19="Section",J19="L"&E19&"-S"&TEXT(L19,"00")),AND(K19="Cavity",J19="L"&E19&"-S"&TEXT(L19,"00")&"-C"&M19)),"OK","CHECK")) -> OK | AA19: =IF(B19="","",IF(AND(Q19>0,OR(AND(O19="",P19=""),AND(O19<>"",P19<>"",P19>=O19,ABS(Q19-((P19-O19)*24))<=0.01))),"OK","CHECK")) -> OK | AB19: =IF(B19="","",IF(AND(Y19="OK",Z19="OK",AA19="OK",R19>0,S19>0),"OK","CHECK")) -> OK
A20: JCI-000016 | B20: JC-KG01-L23-20251022-AM-ORD-2025-00092-ORD-2025-00093 | C20: PE-KG01-L23-20251022-AM-ORD-2025-00093 | D20: KG01 | E20: 23 | F20: 45952 | G20: AM | H20: ORD-2025-00093 | I20: T1 | J20: L23 | K20: Line | N20: Historical summary | Q20: 2.73 | R20: =IF(B20="","",SUMIF(ProductionConfiguration!$B$5:$B$914,C20,ProductionConfiguration!$S$5:$S$914)) -> 24 | S20: =IF(B20="","",IF(K20="Line",R20,IF(K20="Section",SUMIFS(ProductionConfiguration!$S$5:$S$914,ProductionConfiguration!$B$5:$B$914,C20,ProductionConfiguration!$I$5:$I$914,L20),IF(K20="Cavity",IF(M20=1,SUMIFS(ProductionConfiguration!$P$5:$P$914,ProductionConfiguration!$B$5:$B$914,C20,ProductionConfiguration!$I$5:$I$914,L20),IF(M20=2,SUMIFS(ProductionConfiguration!$Q$5:$Q$914,ProductionConfiguration!$B$5:$B$914,C20,ProductionConfiguration!$I$5:$I$914,L20),SUMIFS(ProductionConfiguration!$R$5:$R$914,ProductionConfiguration!$B$5:$B$914,C20,ProductionConfiguration!$I$5:$I$914,L20))),0)))) -> 24 | T20: =IF(B20="","",IFERROR(S20/R20,0)) -> 1 | U20: =IF(B20="","",Q20*T20) -> 2.73 | V20: =IF(C20="","",SUMIF(DailyProduction!$Q$5:$Q$100,C20,DailyProduction!$J$5:$J$100)) -> 9 | W20: =IF(B20="","",Q20*60*V20*S20) -> 35380.8 | X20: HistoricalSummary | Y20: =IF(B20="","",IF(COUNTIF(JobChange!$S$5:$S$100,B20)=1,"OK","CHECK")) -> OK | Z20: =IF(B20="","",IF(OR(AND(K20="Line",J20="L"&E20),AND(K20="Section",J20="L"&E20&"-S"&TEXT(L20,"00")),AND(K20="Cavity",J20="L"&E20&"-S"&TEXT(L20,"00")&"-C"&M20)),"OK","CHECK")) -> OK | AA20: =IF(B20="","",IF(AND(Q20>0,OR(AND(O20="",P20=""),AND(O20<>"",P20<>"",P20>=O20,ABS(Q20-((P20-O20)*24))<=0.01))),"OK","CHECK")) -> OK | AB20: =IF(B20="","",IF(AND(Y20="OK",Z20="OK",AA20="OK",R20>0,S20>0),"OK","CHECK")) -> OK
A21: JCI-000017 | B21: JC-KG01-L23-20251022-AM-ORD-2025-00092-ORD-2025-00093 | C21: PE-KG01-L23-20251022-AM-ORD-2025-00093 | D21: KG01 | E21: 23 | F21: 45952 | G21: AM | H21: ORD-2025-00093 | I21: T2 | J21: L23-S02-C1 | K21: Cavity | L21: 2 | M21: 1 | N21: Historical summary | Q21: 1.06 | R21: =IF(B21="","",SUMIF(ProductionConfiguration!$B$5:$B$914,C21,ProductionConfiguration!$S$5:$S$914)) -> 24 | S21: =IF(B21="","",IF(K21="Line",R21,IF(K21="Section",SUMIFS(ProductionConfiguration!$S$5:$S$914,ProductionConfiguration!$B$5:$B$914,C21,ProductionConfiguration!$I$5:$I$914,L21),IF(K21="Cavity",IF(M21=1,SUMIFS(ProductionConfiguration!$P$5:$P$914,ProductionConfiguration!$B$5:$B$914,C21,ProductionConfiguration!$I$5:$I$914,L21),IF(M21=2,SUMIFS(ProductionConfiguration!$Q$5:$Q$914,ProductionConfiguration!$B$5:$B$914,C21,ProductionConfiguration!$I$5:$I$914,L21),SUMIFS(ProductionConfiguration!$R$5:$R$914,ProductionConfiguration!$B$5:$B$914,C21,ProductionConfiguration!$I$5:$I$914,L21))),0)))) -> 1 | T21: =IF(B21="","",IFERROR(S21/R21,0)) -> 0.041666667 | U21: =IF(B21="","",Q21*T21) -> 0.044166667 | V21: =IF(C21="","",SUMIF(DailyProduction!$Q$5:$Q$100,C21,DailyProduction!$J$5:$J$100)) -> 9 | W21: =IF(B21="","",Q21*60*V21*S21) -> 572.4 | X21: HistoricalSummary | Y21: =IF(B21="","",IF(COUNTIF(JobChange!$S$5:$S$100,B21)=1,"OK","CHECK")) -> OK | Z21: =IF(B21="","",IF(OR(AND(K21="Line",J21="L"&E21),AND(K21="Section",J21="L"&E21&"-S"&TEXT(L21,"00")),AND(K21="Cavity",J21="L"&E21&"-S"&TEXT(L21,"00")&"-C"&M21)),"OK","CHECK")) -> OK | AA21: =IF(B21="","",IF(AND(Q21>0,OR(AND(O21="",P21=""),AND(O21<>"",P21<>"",P21>=O21,ABS(Q21-((P21-O21)*24))<=0.01))),"OK","CHECK")) -> OK | AB21: =IF(B21="","",IF(AND(Y21="OK",Z21="OK",AA21="OK",R21>0,S21>0),"OK","CHECK")) -> OK
A22: JCI-000018 | B22: JC-KG01-L23-20251022-AM-ORD-2025-00092-ORD-2025-00093 | C22: PE-KG01-L23-20251022-AM-ORD-2025-00093 | D22: KG01 | E22: 23 | F22: 45952 | G22: AM | H22: ORD-2025-00093 | I22: Trial | J22: L23-S01-C1 | K22: Cavity | L22: 1 | M22: 1 | N22: Historical summary | Q22: 0.49 | R22: =IF(B22="","",SUMIF(ProductionConfiguration!$B$5:$B$914,C22,ProductionConfiguration!$S$5:$S$914)) -> 24 | S22: =IF(B22="","",IF(K22="Line",R22,IF(K22="Section",SUMIFS(ProductionConfiguration!$S$5:$S$914,ProductionConfiguration!$B$5:$B$914,C22,ProductionConfiguration!$I$5:$I$914,L22),IF(K22="Cavity",IF(M22=1,SUMIFS(ProductionConfiguration!$P$5:$P$914,ProductionConfiguration!$B$5:$B$914,C22,ProductionConfiguration!$I$5:$I$914,L22),IF(M22=2,SUMIFS(ProductionConfiguration!$Q$5:$Q$914,ProductionConfiguration!$B$5:$B$914,C22,ProductionConfiguration!$I$5:$I$914,L22),SUMIFS(ProductionConfiguration!$R$5:$R$914,ProductionConfiguration!$B$5:$B$914,C22,ProductionConfiguration!$I$5:$I$914,L22))),0)))) -> 1 | T22: =IF(B22="","",IFERROR(S22/R22,0)) -> 0.041666667 | U22: =IF(B22="","",Q22*T22) -> 0.020416667 | V22: =IF(C22="","",SUMIF(DailyProduction!$Q$5:$Q$100,C22,DailyProduction!$J$5:$J$100)) -> 9 | W22: =IF(B22="","",Q22*60*V22*S22) -> 264.6 | X22: HistoricalSummary | Y22: =IF(B22="","",IF(COUNTIF(JobChange!$S$5:$S$100,B22)=1,"OK","CHECK")) -> OK | Z22: =IF(B22="","",IF(OR(AND(K22="Line",J22="L"&E22),AND(K22="Section",J22="L"&E22&"-S"&TEXT(L22,"00")),AND(K22="Cavity",J22="L"&E22&"-S"&TEXT(L22,"00")&"-C"&M22)),"OK","CHECK")) -> OK | AA22: =IF(B22="","",IF(AND(Q22>0,OR(AND(O22="",P22=""),AND(O22<>"",P22<>"",P22>=O22,ABS(Q22-((P22-O22)*24))<=0.01))),"OK","CHECK")) -> OK | AB22: =IF(B22="","",IF(AND(Y22="OK",Z22="OK",AA22="OK",R22>0,S22>0),"OK","CHECK")) -> OK
A23: JCI-000019 | B23: JC-KG01-L23-20251022-AM-ORD-2025-00092-ORD-2025-00093 | C23: PE-KG01-L23-20251022-AM-ORD-2025-00093 | D23: KG01 | E23: 23 | F23: 45952 | G23: AM | H23: ORD-2025-00093 | I23: Palletizer | J23: L23-S03-C1 | K23: Cavity | L23: 3 | M23: 1 | N23: Palletizer Robot Fault | Q23: 0.4 | R23: =IF(B23="","",SUMIF(ProductionConfiguration!$B$5:$B$914,C23,ProductionConfiguration!$S$5:$S$914)) -> 24 | S23: =IF(B23="","",IF(K23="Line",R23,IF(K23="Section",SUMIFS(ProductionConfiguration!$S$5:$S$914,ProductionConfiguration!$B$5:$B$914,C23,ProductionConfiguration!$I$5:$I$914,L23),IF(K23="Cavity",IF(M23=1,SUMIFS(ProductionConfiguration!$P$5:$P$914,ProductionConfiguration!$B$5:$B$914,C23,ProductionConfiguration!$I$5:$I$914,L23),IF(M23=2,SUMIFS(ProductionConfiguration!$Q$5:$Q$914,ProductionConfiguration!$B$5:$B$914,C23,ProductionConfiguration!$I$5:$I$914,L23),SUMIFS(ProductionConfiguration!$R$5:$R$914,ProductionConfiguration!$B$5:$B$914,C23,ProductionConfiguration!$I$5:$I$914,L23))),0)))) -> 1 | T23: =IF(B23="","",IFERROR(S23/R23,0)) -> 0.041666667 | U23: =IF(B23="","",Q23*T23) -> 0.016666667 | V23: =IF(C23="","",SUMIF(DailyProduction!$Q$5:$Q$100,C23,DailyProduction!$J$5:$J$100)) -> 9 | W23: =IF(B23="","",Q23*60*V23*S23) -> 216 | X23: HistoricalSummary | Y23: =IF(B23="","",IF(COUNTIF(JobChange!$S$5:$S$100,B23)=1,"OK","CHECK")) -> OK | Z23: =IF(B23="","",IF(OR(AND(K23="Line",J23="L"&E23),AND(K23="Section",J23="L"&E23&"-S"&TEXT(L23,"00")),AND(K23="Cavity",J23="L"&E23&"-S"&TEXT(L23,"00")&"-C"&M23)),"OK","CHECK")) -> OK | AA23: =IF(B23="","",IF(AND(Q23>0,OR(AND(O23="",P23=""),AND(O23<>"",P23<>"",P23>=O23,ABS(Q23-((P23-O23)*24))<=0.01))),"OK","CHECK")) -> OK | AB23: =IF(B23="","",IF(AND(Y23="OK",Z23="OK",AA23="OK",R23>0,S23>0),"OK","CHECK")) -> OK
A24: JCI-000020 | B24: JC-KG01-L23-20251026-AM-ORD-2025-00093-ORD-2025-00094 | C24: PE-KG01-L23-20251026-AM-ORD-2025-00094 | D24: KG01 | E24: 23 | F24: 45956 | G24: AM | H24: ORD-2025-00094 | I24: T1 | J24: L23 | K24: Line | N24: Historical summary | Q24: 6.68 | R24: =IF(B24="","",SUMIF(ProductionConfiguration!$B$5:$B$914,C24,ProductionConfiguration!$S$5:$S$914)) -> 24 | S24: =IF(B24="","",IF(K24="Line",R24,IF(K24="Section",SUMIFS(ProductionConfiguration!$S$5:$S$914,ProductionConfiguration!$B$5:$B$914,C24,ProductionConfiguration!$I$5:$I$914,L24),IF(K24="Cavity",IF(M24=1,SUMIFS(ProductionConfiguration!$P$5:$P$914,ProductionConfiguration!$B$5:$B$914,C24,ProductionConfiguration!$I$5:$I$914,L24),IF(M24=2,SUMIFS(ProductionConfiguration!$Q$5:$Q$914,ProductionConfiguration!$B$5:$B$914,C24,ProductionConfiguration!$I$5:$I$914,L24),SUMIFS(ProductionConfiguration!$R$5:$R$914,ProductionConfiguration!$B$5:$B$914,C24,ProductionConfiguration!$I$5:$I$914,L24))),0)))) -> 24 | T24: =IF(B24="","",IFERROR(S24/R24,0)) -> 1 | U24: =IF(B24="","",Q24*T24) -> 6.68 | V24: =IF(C24="","",SUMIF(DailyProduction!$Q$5:$Q$100,C24,DailyProduction!$J$5:$J$100)) -> 10 | W24: =IF(B24="","",Q24*60*V24*S24) -> 96192 | X24: HistoricalSummary | Y24: =IF(B24="","",IF(COUNTIF(JobChange!$S$5:$S$100,B24)=1,"OK","CHECK")) -> OK | Z24: =IF(B24="","",IF(OR(AND(K24="Line",J24="L"&E24),AND(K24="Section",J24="L"&E24&"-S"&TEXT(L24,"00")),AND(K24="Cavity",J24="L"&E24&"-S"&TEXT(L24,"00")&"-C"&M24)),"OK","CHECK")) -> OK | AA24: =IF(B24="","",IF(AND(Q24>0,OR(AND(O24="",P24=""),AND(O24<>"",P24<>"",P24>=O24,ABS(Q24-((P24-O24)*24))<=0.01))),"OK","CHECK")) -> OK | AB24: =IF(B24="","",IF(AND(Y24="OK",Z24="OK",AA24="OK",R24>0,S24>0),"OK","CHECK")) -> OK
A25: JCI-000021 | B25: JC-KG01-L23-20251026-AM-ORD-2025-00093-ORD-2025-00094 | C25: PE-KG01-L23-20251026-AM-ORD-2025-00094 | D25: KG01 | E25: 23 | F25: 45956 | G25: AM | H25: ORD-2025-00094 | I25: T2 | J25: L23-S01 | K25: Section | L25: 1 | N25: Historical summary | Q25: 2.81 | R25: =IF(B25="","",SUMIF(ProductionConfiguration!$B$5:$B$914,C25,ProductionConfiguration!$S$5:$S$914)) -> 24 | S25: =IF(B25="","",IF(K25="Line",R25,IF(K25="Section",SUMIFS(ProductionConfiguration!$S$5:$S$914,ProductionConfiguration!$B$5:$B$914,C25,ProductionConfiguration!$I$5:$I$914,L25),IF(K25="Cavity",IF(M25=1,SUMIFS(ProductionConfiguration!$P$5:$P$914,ProductionConfiguration!$B$5:$B$914,C25,ProductionConfiguration!$I$5:$I$914,L25),IF(M25=2,SUMIFS(ProductionConfiguration!$Q$5:$Q$914,ProductionConfiguration!$B$5:$B$914,C25,ProductionConfiguration!$I$5:$I$914,L25),SUMIFS(ProductionConfiguration!$R$5:$R$914,ProductionConfiguration!$B$5:$B$914,C25,ProductionConfiguration!$I$5:$I$914,L25))),0)))) -> 2 | T25: =IF(B25="","",IFERROR(S25/R25,0)) -> 0.083333333 | U25: =IF(B25="","",Q25*T25) -> 0.23416667 | V25: =IF(C25="","",SUMIF(DailyProduction!$Q$5:$Q$100,C25,DailyProduction!$J$5:$J$100)) -> 10 | W25: =IF(B25="","",Q25*60*V25*S25) -> 3372 | X25: HistoricalSummary | Y25: =IF(B25="","",IF(COUNTIF(JobChange!$S$5:$S$100,B25)=1,"OK","CHECK")) -> OK | Z25: =IF(B25="","",IF(OR(AND(K25="Line",J25="L"&E25),AND(K25="Section",J25="L"&E25&"-S"&TEXT(L25,"00")),AND(K25="Cavity",J25="L"&E25&"-S"&TEXT(L25,"00")&"-C"&M25)),"OK","CHECK")) -> OK | AA25: =IF(B25="","",IF(AND(Q25>0,OR(AND(O25="",P25=""),AND(O25<>"",P25<>"",P25>=O25,ABS(Q25-((P25-O25)*24))<=0.01))),"OK","CHECK")) -> OK | AB25: =IF(B25="","",IF(AND(Y25="OK",Z25="OK",AA25="OK",R25>0,S25>0),"OK","CHECK")) -> OK
A26: JCI-000022 | B26: JC-KG01-L23-20251026-AM-ORD-2025-00093-ORD-2025-00094 | C26: PE-KG01-L23-20251026-AM-ORD-2025-00094 | D26: KG01 | E26: 23 | F26: 45956 | G26: AM | H26: ORD-2025-00094 | I26: Trial | J26: L23 | K26: Line | N26: Historical summary | Q26: 0.35 | R26: =IF(B26="","",SUMIF(ProductionConfiguration!$B$5:$B$914,C26,ProductionConfiguration!$S$5:$S$914)) -> 24 | S26: =IF(B26="","",IF(K26="Line",R26,IF(K26="Section",SUMIFS(ProductionConfiguration!$S$5:$S$914,ProductionConfiguration!$B$5:$B$914,C26,ProductionConfiguration!$I$5:$I$914,L26),IF(K26="Cavity",IF(M26=1,SUMIFS(ProductionConfiguration!$P$5:$P$914,ProductionConfiguration!$B$5:$B$914,C26,ProductionConfiguration!$I$5:$I$914,L26),IF(M26=2,SUMIFS(ProductionConfiguration!$Q$5:$Q$914,ProductionConfiguration!$B$5:$B$914,C26,ProductionConfiguration!$I$5:$I$914,L26),SUMIFS(ProductionConfiguration!$R$5:$R$914,ProductionConfiguration!$B$5:$B$914,C26,ProductionConfiguration!$I$5:$I$914,L26))),0)))) -> 24 | T26: =IF(B26="","",IFERROR(S26/R26,0)) -> 1 | U26: =IF(B26="","",Q26*T26) -> 0.35 | V26: =IF(C26="","",SUMIF(DailyProduction!$Q$5:$Q$100,C26,DailyProduction!$J$5:$J$100)) -> 10 | W26: =IF(B26="","",Q26*60*V26*S26) -> 5040 | X26: HistoricalSummary | Y26: =IF(B26="","",IF(COUNTIF(JobChange!$S$5:$S$100,B26)=1,"OK","CHECK")) -> OK | Z26: =IF(B26="","",IF(OR(AND(K26="Line",J26="L"&E26),AND(K26="Section",J26="L"&E26&"-S"&TEXT(L26,"00")),AND(K26="Cavity",J26="L"&E26&"-S"&TEXT(L26,"00")&"-C"&M26)),"OK","CHECK")) -> OK | AA26: =IF(B26="","",IF(AND(Q26>0,OR(AND(O26="",P26=""),AND(O26<>"",P26<>"",P26>=O26,ABS(Q26-((P26-O26)*24))<=0.01))),"OK","CHECK")) -> OK | AB26: =IF(B26="","",IF(AND(Y26="OK",Z26="OK",AA26="OK",R26>0,S26>0),"OK","CHECK")) -> OK
A27: JCI-000023 | B27: JC-KG01-L23-20251026-AM-ORD-2025-00093-ORD-2025-00094 | C27: PE-KG01-L23-20251026-AM-ORD-2025-00094 | D27: KG01 | E27: 23 | F27: 45956 | G27: AM | H27: ORD-2025-00094 | I27: HE | J27: L23-S06 | K27: Section | L27: 6 | N27: Gob Distributor Jam | Q27: 0.47 | R27: =IF(B27="","",SUMIF(ProductionConfiguration!$B$5:$B$914,C27,ProductionConfiguration!$S$5:$S$914)) -> 24 | S27: =IF(B27="","",IF(K27="Line",R27,IF(K27="Section",SUMIFS(ProductionConfiguration!$S$5:$S$914,ProductionConfiguration!$B$5:$B$914,C27,ProductionConfiguration!$I$5:$I$914,L27),IF(K27="Cavity",IF(M27=1,SUMIFS(ProductionConfiguration!$P$5:$P$914,ProductionConfiguration!$B$5:$B$914,C27,ProductionConfiguration!$I$5:$I$914,L27),IF(M27=2,SUMIFS(ProductionConfiguration!$Q$5:$Q$914,ProductionConfiguration!$B$5:$B$914,C27,ProductionConfiguration!$I$5:$I$914,L27),SUMIFS(ProductionConfiguration!$R$5:$R$914,ProductionConfiguration!$B$5:$B$914,C27,ProductionConfiguration!$I$5:$I$914,L27))),0)))) -> 2 | T27: =IF(B27="","",IFERROR(S27/R27,0)) -> 0.083333333 | U27: =IF(B27="","",Q27*T27) -> 0.039166667 | V27: =IF(C27="","",SUMIF(DailyProduction!$Q$5:$Q$100,C27,DailyProduction!$J$5:$J$100)) -> 10 | W27: =IF(B27="","",Q27*60*V27*S27) -> 564 | X27: HistoricalSummary | Y27: =IF(B27="","",IF(COUNTIF(JobChange!$S$5:$S$100,B27)=1,"OK","CHECK")) -> OK | Z27: =IF(B27="","",IF(OR(AND(K27="Line",J27="L"&E27),AND(K27="Section",J27="L"&E27&"-S"&TEXT(L27,"00")),AND(K27="Cavity",J27="L"&E27&"-S"&TEXT(L27,"00")&"-C"&M27)),"OK","CHECK")) -> OK | AA27: =IF(B27="","",IF(AND(Q27>0,OR(AND(O27="",P27=""),AND(O27<>"",P27<>"",P27>=O27,ABS(Q27-((P27-O27)*24))<=0.01))),"OK","CHECK")) -> OK | AB27: =IF(B27="","",IF(AND(Y27="OK",Z27="OK",AA27="OK",R27>0,S27>0),"OK","CHECK")) -> OK
A28: JCI-000024 | B28: JC-KG01-L23-20251026-AM-ORD-2025-00093-ORD-2025-00094 | C28: PE-KG01-L23-20251026-AM-ORD-2025-00094 | D28: KG01 | E28: 23 | F28: 45956 | G28: AM | H28: ORD-2025-00094 | I28: CE | J28: L23 | K28: Line | N28: Conveyor Speed Mismatch | Q28: 0.39 | R28: =IF(B28="","",SUMIF(ProductionConfiguration!$B$5:$B$914,C28,ProductionConfiguration!$S$5:$S$914)) -> 24 | S28: =IF(B28="","",IF(K28="Line",R28,IF(K28="Section",SUMIFS(ProductionConfiguration!$S$5:$S$914,ProductionConfiguration!$B$5:$B$914,C28,ProductionConfiguration!$I$5:$I$914,L28),IF(K28="Cavity",IF(M28=1,SUMIFS(ProductionConfiguration!$P$5:$P$914,ProductionConfiguration!$B$5:$B$914,C28,ProductionConfiguration!$I$5:$I$914,L28),IF(M28=2,SUMIFS(ProductionConfiguration!$Q$5:$Q$914,ProductionConfiguration!$B$5:$B$914,C28,ProductionConfiguration!$I$5:$I$914,L28),SUMIFS(ProductionConfiguration!$R$5:$R$914,ProductionConfiguration!$B$5:$B$914,C28,ProductionConfiguration!$I$5:$I$914,L28))),0)))) -> 24 | T28: =IF(B28="","",IFERROR(S28/R28,0)) -> 1 | U28: =IF(B28="","",Q28*T28) -> 0.39 | V28: =IF(C28="","",SUMIF(DailyProduction!$Q$5:$Q$100,C28,DailyProduction!$J$5:$J$100)) -> 10 | W28: =IF(B28="","",Q28*60*V28*S28) -> 5616 | X28: HistoricalSummary | Y28: =IF(B28="","",IF(COUNTIF(JobChange!$S$5:$S$100,B28)=1,"OK","CHECK")) -> OK | Z28: =IF(B28="","",IF(OR(AND(K28="Line",J28="L"&E28),AND(K28="Section",J28="L"&E28&"-S"&TEXT(L28,"00")),AND(K28="Cavity",J28="L"&E28&"-S"&TEXT(L28,"00")&"-C"&M28)),"OK","CHECK")) -> OK | AA28: =IF(B28="","",IF(AND(Q28>0,OR(AND(O28="",P28=""),AND(O28<>"",P28<>"",P28>=O28,ABS(Q28-((P28-O28)*24))<=0.01))),"OK","CHECK")) -> OK | AB28: =IF(B28="","",IF(AND(Y28="OK",Z28="OK",AA28="OK",R28>0,S28>0),"OK","CHECK")) -> OK
A29: JCI-000025 | B29: JC-KG01-L24-20251021-AM-ORD-2025-00124-ORD-2025-00125 | C29: PE-KG01-L24-20251021-AM-ORD-2025-00125 | D29: KG01 | E29: 24 | F29: 45951 | G29: AM | H29: ORD-2025-00125 | I29: T1 | J29: L24-S04 | K29: Section | L29: 4 | N29: Historical summary | Q29: 3.5 | R29: =IF(B29="","",SUMIF(ProductionConfiguration!$B$5:$B$914,C29,ProductionConfiguration!$S$5:$S$914)) -> 36 | S29: =IF(B29="","",IF(K29="Line",R29,IF(K29="Section",SUMIFS(ProductionConfiguration!$S$5:$S$914,ProductionConfiguration!$B$5:$B$914,C29,ProductionConfiguration!$I$5:$I$914,L29),IF(K29="Cavity",IF(M29=1,SUMIFS(ProductionConfiguration!$P$5:$P$914,ProductionConfiguration!$B$5:$B$914,C29,ProductionConfiguration!$I$5:$I$914,L29),IF(M29=2,SUMIFS(ProductionConfiguration!$Q$5:$Q$914,ProductionConfiguration!$B$5:$B$914,C29,ProductionConfiguration!$I$5:$I$914,L29),SUMIFS(ProductionConfiguration!$R$5:$R$914,ProductionConfiguration!$B$5:$B$914,C29,ProductionConfiguration!$I$5:$I$914,L29))),0)))) -> 3 | T29: =IF(B29="","",IFERROR(S29/R29,0)) -> 0.083333333 | U29: =IF(B29="","",Q29*T29) -> 0.29166667 | V29: =IF(C29="","",SUMIF(DailyProduction!$Q$5:$Q$100,C29,DailyProduction!$J$5:$J$100)) -> 12 | W29: =IF(B29="","",Q29*60*V29*S29) -> 7560 | X29: HistoricalSummary | Y29: =IF(B29="","",IF(COUNTIF(JobChange!$S$5:$S$100,B29)=1,"OK","CHECK")) -> OK | Z29: =IF(B29="","",IF(OR(AND(K29="Line",J29="L"&E29),AND(K29="Section",J29="L"&E29&"-S"&TEXT(L29,"00")),AND(K29="Cavity",J29="L"&E29&"-S"&TEXT(L29,"00")&"-C"&M29)),"OK","CHECK")) -> OK | AA29: =IF(B29="","",IF(AND(Q29>0,OR(AND(O29="",P29=""),AND(O29<>"",P29<>"",P29>=O29,ABS(Q29-((P29-O29)*24))<=0.01))),"OK","CHECK")) -> OK | AB29: =IF(B29="","",IF(AND(Y29="OK",Z29="OK",AA29="OK",R29>0,S29>0),"OK","CHECK")) -> OK
A30: JCI-000026 | B30: JC-KG01-L24-20251021-AM-ORD-2025-00124-ORD-2025-00125 | C30: PE-KG01-L24-20251021-AM-ORD-2025-00125 | D30: KG01 | E30: 24 | F30: 45951 | G30: AM | H30: ORD-2025-00125 | I30: T2 | J30: L24 | K30: Line | N30: Historical summary | Q30: 0.76 | R30: =IF(B30="","",SUMIF(ProductionConfiguration!$B$5:$B$914,C30,ProductionConfiguration!$S$5:$S$914)) -> 36 | S30: =IF(B30="","",IF(K30="Line",R30,IF(K30="Section",SUMIFS(ProductionConfiguration!$S$5:$S$914,ProductionConfiguration!$B$5:$B$914,C30,ProductionConfiguration!$I$5:$I$914,L30),IF(K30="Cavity",IF(M30=1,SUMIFS(ProductionConfiguration!$P$5:$P$914,ProductionConfiguration!$B$5:$B$914,C30,ProductionConfiguration!$I$5:$I$914,L30),IF(M30=2,SUMIFS(ProductionConfiguration!$Q$5:$Q$914,ProductionConfiguration!$B$5:$B$914,C30,ProductionConfiguration!$I$5:$I$914,L30),SUMIFS(ProductionConfiguration!$R$5:$R$914,ProductionConfiguration!$B$5:$B$914,C30,ProductionConfiguration!$I$5:$I$914,L30))),0)))) -> 36 | T30: =IF(B30="","",IFERROR(S30/R30,0)) -> 1 | U30: =IF(B30="","",Q30*T30) -> 0.76 | V30: =IF(C30="","",SUMIF(DailyProduction!$Q$5:$Q$100,C30,DailyProduction!$J$5:$J$100)) -> 12 | W30: =IF(B30="","",Q30*60*V30*S30) -> 19699.2 | X30: HistoricalSummary | Y30: =IF(B30="","",IF(COUNTIF(JobChange!$S$5:$S$100,B30)=1,"OK","CHECK")) -> OK | Z30: =IF(B30="","",IF(OR(AND(K30="Line",J30="L"&E30),AND(K30="Section",J30="L"&E30&"-S"&TEXT(L30,"00")),AND(K30="Cavity",J30="L"&E30&"-S"&TEXT(L30,"00")&"-C"&M30)),"OK","CHECK")) -> OK | AA30: =IF(B30="","",IF(AND(Q30>0,OR(AND(O30="",P30=""),AND(O30<>"",P30<>"",P30>=O30,ABS(Q30-((P30-O30)*24))<=0.01))),"OK","CHECK")) -> OK | AB30: =IF(B30="","",IF(AND(Y30="OK",Z30="OK",AA30="OK",R30>0,S30>0),"OK","CHECK")) -> OK
A31: JCI-000027 | B31: JC-KG01-L24-20251021-AM-ORD-2025-00124-ORD-2025-00125 | C31: PE-KG01-L24-20251021-AM-ORD-2025-00125 | D31: KG01 | E31: 24 | F31: 45951 | G31: AM | H31: ORD-2025-00125 | I31: Trial | J31: L24-S07 | K31: Section | L31: 7 | N31: Historical summary | Q31: 0.5 | R31: =IF(B31="","",SUMIF(ProductionConfiguration!$B$5:$B$914,C31,ProductionConfiguration!$S$5:$S$914)) -> 36 | S31: =IF(B31="","",IF(K31="Line",R31,IF(K31="Section",SUMIFS(ProductionConfiguration!$S$5:$S$914,ProductionConfiguration!$B$5:$B$914,C31,ProductionConfiguration!$I$5:$I$914,L31),IF(K31="Cavity",IF(M31=1,SUMIFS(ProductionConfiguration!$P$5:$P$914,ProductionConfiguration!$B$5:$B$914,C31,ProductionConfiguration!$I$5:$I$914,L31),IF(M31=2,SUMIFS(ProductionConfiguration!$Q$5:$Q$914,ProductionConfiguration!$B$5:$B$914,C31,ProductionConfiguration!$I$5:$I$914,L31),SUMIFS(ProductionConfiguration!$R$5:$R$914,ProductionConfiguration!$B$5:$B$914,C31,ProductionConfiguration!$I$5:$I$914,L31))),0)))) -> 3 | T31: =IF(B31="","",IFERROR(S31/R31,0)) -> 0.083333333 | U31: =IF(B31="","",Q31*T31) -> 0.041666667 | V31: =IF(C31="","",SUMIF(DailyProduction!$Q$5:$Q$100,C31,DailyProduction!$J$5:$J$100)) -> 12 | W31: =IF(B31="","",Q31*60*V31*S31) -> 1080 | X31: HistoricalSummary | Y31: =IF(B31="","",IF(COUNTIF(JobChange!$S$5:$S$100,B31)=1,"OK","CHECK")) -> OK | Z31: =IF(B31="","",IF(OR(AND(K31="Line",J31="L"&E31),AND(K31="Section",J31="L"&E31&"-S"&TEXT(L31,"00")),AND(K31="Cavity",J31="L"&E31&"-S"&TEXT(L31,"00")&"-C"&M31)),"OK","CHECK")) -> OK | AA31: =IF(B31="","",IF(AND(Q31>0,OR(AND(O31="",P31=""),AND(O31<>"",P31<>"",P31>=O31,ABS(Q31-((P31-O31)*24))<=0.01))),"OK","CHECK")) -> OK | AB31: =IF(B31="","",IF(AND(Y31="OK",Z31="OK",AA31="OK",R31>0,S31>0),"OK","CHECK")) -> OK
A32: JCI-000028 | B32: JC-KG01-L24-20251025-AM-ORD-2025-00125-ORD-2025-00126 | C32: PE-KG01-L24-20251025-AM-ORD-2025-00126 | D32: KG01 | E32: 24 | F32: 45955 | G32: AM | H32: ORD-2025-00126 | I32: T1 | J32: L24 | K32: Line | N32: Historical summary | Q32: 1.35 | R32: =IF(B32="","",SUMIF(ProductionConfiguration!$B$5:$B$914,C32,ProductionConfiguration!$S$5:$S$914)) -> 24 | S32: =IF(B32="","",IF(K32="Line",R32,IF(K32="Section",SUMIFS(ProductionConfiguration!$S$5:$S$914,ProductionConfiguration!$B$5:$B$914,C32,ProductionConfiguration!$I$5:$I$914,L32),IF(K32="Cavity",IF(M32=1,SUMIFS(ProductionConfiguration!$P$5:$P$914,ProductionConfiguration!$B$5:$B$914,C32,ProductionConfiguration!$I$5:$I$914,L32),IF(M32=2,SUMIFS(ProductionConfiguration!$Q$5:$Q$914,ProductionConfiguration!$B$5:$B$914,C32,ProductionConfiguration!$I$5:$I$914,L32),SUMIFS(ProductionConfiguration!$R$5:$R$914,ProductionConfiguration!$B$5:$B$914,C32,ProductionConfiguration!$I$5:$I$914,L32))),0)))) -> 24 | T32: =IF(B32="","",IFERROR(S32/R32,0)) -> 1 | U32: =IF(B32="","",Q32*T32) -> 1.35 | V32: =IF(C32="","",SUMIF(DailyProduction!$Q$5:$Q$100,C32,DailyProduction!$J$5:$J$100)) -> 11 | W32: =IF(B32="","",Q32*60*V32*S32) -> 21384 | X32: HistoricalSummary | Y32: =IF(B32="","",IF(COUNTIF(JobChange!$S$5:$S$100,B32)=1,"OK","CHECK")) -> OK | Z32: =IF(B32="","",IF(OR(AND(K32="Line",J32="L"&E32),AND(K32="Section",J32="L"&E32&"-S"&TEXT(L32,"00")),AND(K32="Cavity",J32="L"&E32&"-S"&TEXT(L32,"00")&"-C"&M32)),"OK","CHECK")) -> OK | AA32: =IF(B32="","",IF(AND(Q32>0,OR(AND(O32="",P32=""),AND(O32<>"",P32<>"",P32>=O32,ABS(Q32-((P32-O32)*24))<=0.01))),"OK","CHECK")) -> OK | AB32: =IF(B32="","",IF(AND(Y32="OK",Z32="OK",AA32="OK",R32>0,S32>0),"OK","CHECK")) -> OK
A33: JCI-000029 | B33: JC-KG01-L24-20251025-AM-ORD-2025-00125-ORD-2025-00126 | C33: PE-KG01-L24-20251025-AM-ORD-2025-00126 | D33: KG01 | E33: 24 | F33: 45955 | G33: AM | H33: ORD-2025-00126 | I33: T2 | J33: L24-S04 | K33: Section | L33: 4 | N33: Historical summary | Q33: 0.42 | R33: =IF(B33="","",SUMIF(ProductionConfiguration!$B$5:$B$914,C33,ProductionConfiguration!$S$5:$S$914)) -> 24 | S33: =IF(B33="","",IF(K33="Line",R33,IF(K33="Section",SUMIFS(ProductionConfiguration!$S$5:$S$914,ProductionConfiguration!$B$5:$B$914,C33,ProductionConfiguration!$I$5:$I$914,L33),IF(K33="Cavity",IF(M33=1,SUMIFS(ProductionConfiguration!$P$5:$P$914,ProductionConfiguration!$B$5:$B$914,C33,ProductionConfiguration!$I$5:$I$914,L33),IF(M33=2,SUMIFS(ProductionConfiguration!$Q$5:$Q$914,ProductionConfiguration!$B$5:$B$914,C33,ProductionConfiguration!$I$5:$I$914,L33),SUMIFS(ProductionConfiguration!$R$5:$R$914,ProductionConfiguration!$B$5:$B$914,C33,ProductionConfiguration!$I$5:$I$914,L33))),0)))) -> 2 | T33: =IF(B33="","",IFERROR(S33/R33,0)) -> 0.083333333 | U33: =IF(B33="","",Q33*T33) -> 0.035 | V33: =IF(C33="","",SUMIF(DailyProduction!$Q$5:$Q$100,C33,DailyProduction!$J$5:$J$100)) -> 11 | W33: =IF(B33="","",Q33*60*V33*S33) -> 554.4 | X33: HistoricalSummary | Y33: =IF(B33="","",IF(COUNTIF(JobChange!$S$5:$S$100,B33)=1,"OK","CHECK")) -> OK | Z33: =IF(B33="","",IF(OR(AND(K33="Line",J33="L"&E33),AND(K33="Section",J33="L"&E33&"-S"&TEXT(L33,"00")),AND(K33="Cavity",J33="L"&E33&"-S"&TEXT(L33,"00")&"-C"&M33)),"OK","CHECK")) -> OK | AA33: =IF(B33="","",IF(AND(Q33>0,OR(AND(O33="",P33=""),AND(O33<>"",P33<>"",P33>=O33,ABS(Q33-((P33-O33)*24))<=0.01))),"OK","CHECK")) -> OK | AB33: =IF(B33="","",IF(AND(Y33="OK",Z33="OK",AA33="OK",R33>0,S33>0),"OK","CHECK")) -> OK
A34: JCI-000030 | B34: JC-KG01-L24-20251025-AM-ORD-2025-00125-ORD-2025-00126 | C34: PE-KG01-L24-20251025-AM-ORD-2025-00126 | D34: KG01 | E34: 24 | F34: 45955 | G34: AM | H34: ORD-2025-00126 | I34: Trial | J34: L24 | K34: Line | N34: Historical summary | Q34: 0.42 | R34: =IF(B34="","",SUMIF(ProductionConfiguration!$B$5:$B$914,C34,ProductionConfiguration!$S$5:$S$914)) -> 24 | S34: =IF(B34="","",IF(K34="Line",R34,IF(K34="Section",SUMIFS(ProductionConfiguration!$S$5:$S$914,ProductionConfiguration!$B$5:$B$914,C34,ProductionConfiguration!$I$5:$I$914,L34),IF(K34="Cavity",IF(M34=1,SUMIFS(ProductionConfiguration!$P$5:$P$914,ProductionConfiguration!$B$5:$B$914,C34,ProductionConfiguration!$I$5:$I$914,L34),IF(M34=2,SUMIFS(ProductionConfiguration!$Q$5:$Q$914,ProductionConfiguration!$B$5:$B$914,C34,ProductionConfiguration!$I$5:$I$914,L34),SUMIFS(ProductionConfiguration!$R$5:$R$914,ProductionConfiguration!$B$5:$B$914,C34,ProductionConfiguration!$I$5:$I$914,L34))),0)))) -> 24 | T34: =IF(B34="","",IFERROR(S34/R34,0)) -> 1 | U34: =IF(B34="","",Q34*T34) -> 0.42 | V34: =IF(C34="","",SUMIF(DailyProduction!$Q$5:$Q$100,C34,DailyProduction!$J$5:$J$100)) -> 11 | W34: =IF(B34="","",Q34*60*V34*S34) -> 6652.8 | X34: HistoricalSummary | Y34: =IF(B34="","",IF(COUNTIF(JobChange!$S$5:$S$100,B34)=1,"OK","CHECK")) -> OK | Z34: =IF(B34="","",IF(OR(AND(K34="Line",J34="L"&E34),AND(K34="Section",J34="L"&E34&"-S"&TEXT(L34,"00")),AND(K34="Cavity",J34="L"&E34&"-S"&TEXT(L34,"00")&"-C"&M34)),"OK","CHECK")) -> OK | AA34: =IF(B34="","",IF(AND(Q34>0,OR(AND(O34="",P34=""),AND(O34<>"",P34<>"",P34>=O34,ABS(Q34-((P34-O34)*24))<=0.01))),"OK","CHECK")) -> OK | AB34: =IF(B34="","",IF(AND(Y34="OK",Z34="OK",AA34="OK",R34>0,S34>0),"OK","CHECK")) -> OK
A35: JCI-000031 | B35: JC-KG01-L25-20251023-AM-ORD-2025-00161-ORD-2025-00162 | C35: PE-KG01-L25-20251023-AM-ORD-2025-00162 | D35: KG01 | E35: 25 | F35: 45953 | G35: AM | H35: ORD-2025-00162 | I35: T1 | J35: L25 | K35: Line | N35: Historical summary | Q35: 2.75 | R35: =IF(B35="","",SUMIF(ProductionConfiguration!$B$5:$B$914,C35,ProductionConfiguration!$S$5:$S$914)) -> 24 | S35: =IF(B35="","",IF(K35="Line",R35,IF(K35="Section",SUMIFS(ProductionConfiguration!$S$5:$S$914,ProductionConfiguration!$B$5:$B$914,C35,ProductionConfiguration!$I$5:$I$914,L35),IF(K35="Cavity",IF(M35=1,SUMIFS(ProductionConfiguration!$P$5:$P$914,ProductionConfiguration!$B$5:$B$914,C35,ProductionConfiguration!$I$5:$I$914,L35),IF(M35=2,SUMIFS(ProductionConfiguration!$Q$5:$Q$914,ProductionConfiguration!$B$5:$B$914,C35,ProductionConfiguration!$I$5:$I$914,L35),SUMIFS(ProductionConfiguration!$R$5:$R$914,ProductionConfiguration!$B$5:$B$914,C35,ProductionConfiguration!$I$5:$I$914,L35))),0)))) -> 24 | T35: =IF(B35="","",IFERROR(S35/R35,0)) -> 1 | U35: =IF(B35="","",Q35*T35) -> 2.75 | V35: =IF(C35="","",SUMIF(DailyProduction!$Q$5:$Q$100,C35,DailyProduction!$J$5:$J$100)) -> 12 | W35: =IF(B35="","",Q35*60*V35*S35) -> 47520 | X35: HistoricalSummary | Y35: =IF(B35="","",IF(COUNTIF(JobChange!$S$5:$S$100,B35)=1,"OK","CHECK")) -> OK | Z35: =IF(B35="","",IF(OR(AND(K35="Line",J35="L"&E35),AND(K35="Section",J35="L"&E35&"-S"&TEXT(L35,"00")),AND(K35="Cavity",J35="L"&E35&"-S"&TEXT(L35,"00")&"-C"&M35)),"OK","CHECK")) -> OK | AA35: =IF(B35="","",IF(AND(Q35>0,OR(AND(O35="",P35=""),AND(O35<>"",P35<>"",P35>=O35,ABS(Q35-((P35-O35)*24))<=0.01))),"OK","CHECK")) -> OK | AB35: =IF(B35="","",IF(AND(Y35="OK",Z35="OK",AA35="OK",R35>0,S35>0),"OK","CHECK")) -> OK
A36: JCI-000032 | B36: JC-KG01-L25-20251023-AM-ORD-2025-00161-ORD-2025-00162 | C36: PE-KG01-L25-20251023-AM-ORD-2025-00162 | D36: KG01 | E36: 25 | F36: 45953 | G36: AM | H36: ORD-2025-00162 | I36: T2 | J36: L25-S03 | K36: Section | L36: 3 | N36: Historical summary | Q36: 0.89 | R36: =IF(B36="","",SUMIF(ProductionConfiguration!$B$5:$B$914,C36,ProductionConfiguration!$S$5:$S$914)) -> 24 | S36: =IF(B36="","",IF(K36="Line",R36,IF(K36="Section",SUMIFS(ProductionConfiguration!$S$5:$S$914,ProductionConfiguration!$B$5:$B$914,C36,ProductionConfiguration!$I$5:$I$914,L36),IF(K36="Cavity",IF(M36=1,SUMIFS(ProductionConfiguration!$P$5:$P$914,ProductionConfiguration!$B$5:$B$914,C36,ProductionConfiguration!$I$5:$I$914,L36),IF(M36=2,SUMIFS(ProductionConfiguration!$Q$5:$Q$914,ProductionConfiguration!$B$5:$B$914,C36,ProductionConfiguration!$I$5:$I$914,L36),SUMIFS(ProductionConfiguration!$R$5:$R$914,ProductionConfiguration!$B$5:$B$914,C36,ProductionConfiguration!$I$5:$I$914,L36))),0)))) -> 3 | T36: =IF(B36="","",IFERROR(S36/R36,0)) -> 0.125 | U36: =IF(B36="","",Q36*T36) -> 0.11125 | V36: =IF(C36="","",SUMIF(DailyProduction!$Q$5:$Q$100,C36,DailyProduction!$J$5:$J$100)) -> 12 | W36: =IF(B36="","",Q36*60*V36*S36) -> 1922.4 | X36: HistoricalSummary | Y36: =IF(B36="","",IF(COUNTIF(JobChange!$S$5:$S$100,B36)=1,"OK","CHECK")) -> OK | Z36: =IF(B36="","",IF(OR(AND(K36="Line",J36="L"&E36),AND(K36="Section",J36="L"&E36&"-S"&TEXT(L36,"00")),AND(K36="Cavity",J36="L"&E36&"-S"&TEXT(L36,"00")&"-C"&M36)),"OK","CHECK")) -> OK | AA36: =IF(B36="","",IF(AND(Q36>0,OR(AND(O36="",P36=""),AND(O36<>"",P36<>"",P36>=O36,ABS(Q36-((P36-O36)*24))<=0.01))),"OK","CHECK")) -> OK | AB36: =IF(B36="","",IF(AND(Y36="OK",Z36="OK",AA36="OK",R36>0,S36>0),"OK","CHECK")) -> OK
A37: JCI-000033 | B37: JC-KG01-L25-20251023-AM-ORD-2025-00161-ORD-2025-00162 | C37: PE-KG01-L25-20251023-AM-ORD-2025-00162 | D37: KG01 | E37: 25 | F37: 45953 | G37: AM | H37: ORD-2025-00162 | I37: Trial | J37: L25-S02 | K37: Section | L37: 2 | N37: Historical summary | Q37: 0.49 | R37: =IF(B37="","",SUMIF(ProductionConfiguration!$B$5:$B$914,C37,ProductionConfiguration!$S$5:$S$914)) -> 24 | S37: =IF(B37="","",IF(K37="Line",R37,IF(K37="Section",SUMIFS(ProductionConfiguration!$S$5:$S$914,ProductionConfiguration!$B$5:$B$914,C37,ProductionConfiguration!$I$5:$I$914,L37),IF(K37="Cavity",IF(M37=1,SUMIFS(ProductionConfiguration!$P$5:$P$914,ProductionConfiguration!$B$5:$B$914,C37,ProductionConfiguration!$I$5:$I$914,L37),IF(M37=2,SUMIFS(ProductionConfiguration!$Q$5:$Q$914,ProductionConfiguration!$B$5:$B$914,C37,ProductionConfiguration!$I$5:$I$914,L37),SUMIFS(ProductionConfiguration!$R$5:$R$914,ProductionConfiguration!$B$5:$B$914,C37,ProductionConfiguration!$I$5:$I$914,L37))),0)))) -> 3 | T37: =IF(B37="","",IFERROR(S37/R37,0)) -> 0.125 | U37: =IF(B37="","",Q37*T37) -> 0.06125 | V37: =IF(C37="","",SUMIF(DailyProduction!$Q$5:$Q$100,C37,DailyProduction!$J$5:$J$100)) -> 12 | W37: =IF(B37="","",Q37*60*V37*S37) -> 1058.4 | X37: HistoricalSummary | Y37: =IF(B37="","",IF(COUNTIF(JobChange!$S$5:$S$100,B37)=1,"OK","CHECK")) -> OK | Z37: =IF(B37="","",IF(OR(AND(K37="Line",J37="L"&E37),AND(K37="Section",J37="L"&E37&"-S"&TEXT(L37,"00")),AND(K37="Cavity",J37="L"&E37&"-S"&TEXT(L37,"00")&"-C"&M37)),"OK","CHECK")) -> OK | AA37: =IF(B37="","",IF(AND(Q37>0,OR(AND(O37="",P37=""),AND(O37<>"",P37<>"",P37>=O37,ABS(Q37-((P37-O37)*24))<=0.01))),"OK","CHECK")) -> OK | AB37: =IF(B37="","",IF(AND(Y37="OK",Z37="OK",AA37="OK",R37>0,S37>0),"OK","CHECK")) -> OK
R38: =IF(B38="","",SUMIF(ProductionConfiguration!$B$5:$B$914,C38,ProductionConfiguration!$S$5:$S$914)) | S38: =IF(B38="","",IF(K38="Line",R38,IF(K38="Section",SUMIFS(ProductionConfiguration!$S$5:$S$914,ProductionConfiguration!$B$5:$B$914,C38,ProductionConfiguration!$I$5:$I$914,L38),IF(K38="Cavity",IF(M38=1,SUMIFS(ProductionConfiguration!$P$5:$P$914,ProductionConfiguration!$B$5:$B$914,C38,ProductionConfiguration!$I$5:$I$914,L38),IF(M38=2,SUMIFS(ProductionConfiguration!$Q$5:$Q$914,ProductionConfiguration!$B$5:$B$914,C38,ProductionConfiguration!$I$5:$I$914,L38),SUMIFS(ProductionConfiguration!$R$5:$R$914,ProductionConfiguration!$B$5:$B$914,C38,ProductionConfiguration!$I$5:$I$914,L38))),0)))) | T38: =IF(B38="","",IFERROR(S38/R38,0)) | U38: =IF(B38="","",Q38*T38) | V38: =IF(C38="","",SUMIF(DailyProduction!$Q$5:$Q$100,C38,DailyProduction!$J$5:$J$100)) | W38: =IF(B38="","",Q38*60*V38*S38) | Y38: =IF(B38="","",IF(COUNTIF(JobChange!$S$5:$S$100,B38)=1,"OK","CHECK")) | Z38: =IF(B38="","",IF(OR(AND(K38="Line",J38="L"&E38),AND(K38="Section",J38="L"&E38&"-S"&TEXT(L38,"00")),AND(K38="Cavity",J38="L"&E38&"-S"&TEXT(L38,"00")&"-C"&M38)),"OK","CHECK")) | AA38: =IF(B38="","",IF(AND(Q38>0,OR(AND(O38="",P38=""),AND(O38<>"",P38<>"",P38>=O38,ABS(Q38-((P38-O38)*24))<=0.01))),"OK","CHECK")) | AB38: =IF(B38="","",IF(AND(Y38="OK",Z38="OK",AA38="OK",R38>0,S38>0),"OK","CHECK"))
R39: =IF(B39="","",SUMIF(ProductionConfiguration!$B$5:$B$914,C39,ProductionConfiguration!$S$5:$S$914)) | S39: =IF(B39="","",IF(K39="Line",R39,IF(K39="Section",SUMIFS(ProductionConfiguration!$S$5:$S$914,ProductionConfiguration!$B$5:$B$914,C39,ProductionConfiguration!$I$5:$I$914,L39),IF(K39="Cavity",IF(M39=1,SUMIFS(ProductionConfiguration!$P$5:$P$914,ProductionConfiguration!$B$5:$B$914,C39,ProductionConfiguration!$I$5:$I$914,L39),IF(M39=2,SUMIFS(ProductionConfiguration!$Q$5:$Q$914,ProductionConfiguration!$B$5:$B$914,C39,ProductionConfiguration!$I$5:$I$914,L39),SUMIFS(ProductionConfiguration!$R$5:$R$914,ProductionConfiguration!$B$5:$B$914,C39,ProductionConfiguration!$I$5:$I$914,L39))),0)))) | T39: =IF(B39="","",IFERROR(S39/R39,0)) | U39: =IF(B39="","",Q39*T39) | V39: =IF(C39="","",SUMIF(DailyProduction!$Q$5:$Q$100,C39,DailyProduction!$J$5:$J$100)) | W39: =IF(B39="","",Q39*60*V39*S39) | Y39: =IF(B39="","",IF(COUNTIF(JobChange!$S$5:$S$100,B39)=1,"OK","CHECK")) | Z39: =IF(B39="","",IF(OR(AND(K39="Line",J39="L"&E39),AND(K39="Section",J39="L"&E39&"-S"&TEXT(L39,"00")),AND(K39="Cavity",J39="L"&E39&"-S"&TEXT(L39,"00")&"-C"&M39)),"OK","CHECK")) | AA39: =IF(B39="","",IF(AND(Q39>0,OR(AND(O39="",P39=""),AND(O39<>"",P39<>"",P39>=O39,ABS(Q39-((P39-O39)*24))<=0.01))),"OK","CHECK")) | AB39: =IF(B39="","",IF(AND(Y39="OK",Z39="OK",AA39="OK",R39>0,S39>0),"OK","CHECK"))
R40: =IF(B40="","",SUMIF(ProductionConfiguration!$B$5:$B$914,C40,ProductionConfiguration!$S$5:$S$914)) | S40: =IF(B40="","",IF(K40="Line",R40,IF(K40="Section",SUMIFS(ProductionConfiguration!$S$5:$S$914,ProductionConfiguration!$B$5:$B$914,C40,ProductionConfiguration!$I$5:$I$914,L40),IF(K40="Cavity",IF(M40=1,SUMIFS(ProductionConfiguration!$P$5:$P$914,ProductionConfiguration!$B$5:$B$914,C40,ProductionConfiguration!$I$5:$I$914,L40),IF(M40=2,SUMIFS(ProductionConfiguration!$Q$5:$Q$914,ProductionConfiguration!$B$5:$B$914,C40,ProductionConfiguration!$I$5:$I$914,L40),SUMIFS(ProductionConfiguration!$R$5:$R$914,ProductionConfiguration!$B$5:$B$914,C40,ProductionConfiguration!$I$5:$I$914,L40))),0)))) | T40: =IF(B40="","",IFERROR(S40/R40,0)) | U40: =IF(B40="","",Q40*T40) | V40: =IF(C40="","",SUMIF(DailyProduction!$Q$5:$Q$100,C40,DailyProduction!$J$5:$J$100)) | W40: =IF(B40="","",Q40*60*V40*S40) | Y40: =IF(B40="","",IF(COUNTIF(JobChange!$S$5:$S$100,B40)=1,"OK","CHECK")) | Z40: =IF(B40="","",IF(OR(AND(K40="Line",J40="L"&E40),AND(K40="Section",J40="L"&E40&"-S"&TEXT(L40,"00")),AND(K40="Cavity",J40="L"&E40&"-S"&TEXT(L40,"00")&"-C"&M40)),"OK","CHECK")) | AA40: =IF(B40="","",IF(AND(Q40>0,OR(AND(O40="",P40=""),AND(O40<>"",P40<>"",P40>=O40,ABS(Q40-((P40-O40)*24))<=0.01))),"OK","CHECK")) | AB40: =IF(B40="","",IF(AND(Y40="OK",Z40="OK",AA40="OK",R40>0,S40>0),"OK","CHECK"))
R41: =IF(B41="","",SUMIF(ProductionConfiguration!$B$5:$B$914,C41,ProductionConfiguration!$S$5:$S$914)) | S41: =IF(B41="","",IF(K41="Line",R41,IF(K41="Section",SUMIFS(ProductionConfiguration!$S$5:$S$914,ProductionConfiguration!$B$5:$B$914,C41,ProductionConfiguration!$I$5:$I$914,L41),IF(K41="Cavity",IF(M41=1,SUMIFS(ProductionConfiguration!$P$5:$P$914,ProductionConfiguration!$B$5:$B$914,C41,ProductionConfiguration!$I$5:$I$914,L41),IF(M41=2,SUMIFS(ProductionConfiguration!$Q$5:$Q$914,ProductionConfiguration!$B$5:$B$914,C41,ProductionConfiguration!$I$5:$I$914,L41),SUMIFS(ProductionConfiguration!$R$5:$R$914,ProductionConfiguration!$B$5:$B$914,C41,ProductionConfiguration!$I$5:$I$914,L41))),0)))) | T41: =IF(B41="","",IFERROR(S41/R41,0)) | U41: =IF(B41="","",Q41*T41) | V41: =IF(C41="","",SUMIF(DailyProduction!$Q$5:$Q$100,C41,DailyProduction!$J$5:$J$100)) | W41: =IF(B41="","",Q41*60*V41*S41) | Y41: =IF(B41="","",IF(COUNTIF(JobChange!$S$5:$S$100,B41)=1,"OK","CHECK")) | Z41: =IF(B41="","",IF(OR(AND(K41="Line",J41="L"&E41),AND(K41="Section",J41="L"&E41&"-S"&TEXT(L41,"00")),AND(K41="Cavity",J41="L"&E41&"-S"&TEXT(L41,"00")&"-C"&M41)),"OK","CHECK")) | AA41: =IF(B41="","",IF(AND(Q41>0,OR(AND(O41="",P41=""),AND(O41<>"",P41<>"",P41>=O41,ABS(Q41-((P41-O41)*24))<=0.01))),"OK","CHECK")) | AB41: =IF(B41="","",IF(AND(Y41="OK",Z41="OK",AA41="OK",R41>0,S41>0),"OK","CHECK"))
R42: =IF(B42="","",SUMIF(ProductionConfiguration!$B$5:$B$914,C42,ProductionConfiguration!$S$5:$S$914)) | S42: =IF(B42="","",IF(K42="Line",R42,IF(K42="Section",SUMIFS(ProductionConfiguration!$S$5:$S$914,ProductionConfiguration!$B$5:$B$914,C42,ProductionConfiguration!$I$5:$I$914,L42),IF(K42="Cavity",IF(M42=1,SUMIFS(ProductionConfiguration!$P$5:$P$914,ProductionConfiguration!$B$5:$B$914,C42,ProductionConfiguration!$I$5:$I$914,L42),IF(M42=2,SUMIFS(ProductionConfiguration!$Q$5:$Q$914,ProductionConfiguration!$B$5:$B$914,C42,ProductionConfiguration!$I$5:$I$914,L42),SUMIFS(ProductionConfiguration!$R$5:$R$914,ProductionConfiguration!$B$5:$B$914,C42,ProductionConfiguration!$I$5:$I$914,L42))),0)))) | T42: =IF(B42="","",IFERROR(S42/R42,0)) | U42: =IF(B42="","",Q42*T42) | V42: =IF(C42="","",SUMIF(DailyProduction!$Q$5:$Q$100,C42,DailyProduction!$J$5:$J$100)) | W42: =IF(B42="","",Q42*60*V42*S42) | Y42: =IF(B42="","",IF(COUNTIF(JobChange!$S$5:$S$100,B42)=1,"OK","CHECK")) | Z42: =IF(B42="","",IF(OR(AND(K42="Line",J42="L"&E42),AND(K42="Section",J42="L"&E42&"-S"&TEXT(L42,"00")),AND(K42="Cavity",J42="L"&E42&"-S"&TEXT(L42,"00")&"-C"&M42)),"OK","CHECK")) | AA42: =IF(B42="","",IF(AND(Q42>0,OR(AND(O42="",P42=""),AND(O42<>"",P42<>"",P42>=O42,ABS(Q42-((P42-O42)*24))<=0.01))),"OK","CHECK")) | AB42: =IF(B42="","",IF(AND(Y42="OK",Z42="OK",AA42="OK",R42>0,S42>0),"OK","CHECK"))
R43: =IF(B43="","",SUMIF(ProductionConfiguration!$B$5:$B$914,C43,ProductionConfiguration!$S$5:$S$914)) | S43: =IF(B43="","",IF(K43="Line",R43,IF(K43="Section",SUMIFS(ProductionConfiguration!$S$5:$S$914,ProductionConfiguration!$B$5:$B$914,C43,ProductionConfiguration!$I$5:$I$914,L43),IF(K43="Cavity",IF(M43=1,SUMIFS(ProductionConfiguration!$P$5:$P$914,ProductionConfiguration!$B$5:$B$914,C43,ProductionConfiguration!$I$5:$I$914,L43),IF(M43=2,SUMIFS(ProductionConfiguration!$Q$5:$Q$914,ProductionConfiguration!$B$5:$B$914,C43,ProductionConfiguration!$I$5:$I$914,L43),SUMIFS(ProductionConfiguration!$R$5:$R$914,ProductionConfiguration!$B$5:$B$914,C43,ProductionConfiguration!$I$5:$I$914,L43))),0)))) | T43: =IF(B43="","",IFERROR(S43/R43,0)) | U43: =IF(B43="","",Q43*T43) | V43: =IF(C43="","",SUMIF(DailyProduction!$Q$5:$Q$100,C43,DailyProduction!$J$5:$J$100)) | W43: =IF(B43="","",Q43*60*V43*S43) | Y43: =IF(B43="","",IF(COUNTIF(JobChange!$S$5:$S$100,B43)=1,"OK","CHECK")) | Z43: =IF(B43="","",IF(OR(AND(K43="Line",J43="L"&E43),AND(K43="Section",J43="L"&E43&"-S"&TEXT(L43,"00")),AND(K43="Cavity",J43="L"&E43&"-S"&TEXT(L43,"00")&"-C"&M43)),"OK","CHECK")) | AA43: =IF(B43="","",IF(AND(Q43>0,OR(AND(O43="",P43=""),AND(O43<>"",P43<>"",P43>=O43,ABS(Q43-((P43-O43)*24))<=0.01))),"OK","CHECK")) | AB43: =IF(B43="","",IF(AND(Y43="OK",Z43="OK",AA43="OK",R43>0,S43>0),"OK","CHECK"))
R44: =IF(B44="","",SUMIF(ProductionConfiguration!$B$5:$B$914,C44,ProductionConfiguration!$S$5:$S$914)) | S44: =IF(B44="","",IF(K44="Line",R44,IF(K44="Section",SUMIFS(ProductionConfiguration!$S$5:$S$914,ProductionConfiguration!$B$5:$B$914,C44,ProductionConfiguration!$I$5:$I$914,L44),IF(K44="Cavity",IF(M44=1,SUMIFS(ProductionConfiguration!$P$5:$P$914,ProductionConfiguration!$B$5:$B$914,C44,ProductionConfiguration!$I$5:$I$914,L44),IF(M44=2,SUMIFS(ProductionConfiguration!$Q$5:$Q$914,ProductionConfiguration!$B$5:$B$914,C44,ProductionConfiguration!$I$5:$I$914,L44),SUMIFS(ProductionConfiguration!$R$5:$R$914,ProductionConfiguration!$B$5:$B$914,C44,ProductionConfiguration!$I$5:$I$914,L44))),0)))) | T44: =IF(B44="","",IFERROR(S44/R44,0)) | U44: =IF(B44="","",Q44*T44) | V44: =IF(C44="","",SUMIF(DailyProduction!$Q$5:$Q$100,C44,DailyProduction!$J$5:$J$100)) | W44: =IF(B44="","",Q44*60*V44*S44) | Y44: =IF(B44="","",IF(COUNTIF(JobChange!$S$5:$S$100,B44)=1,"OK","CHECK")) | Z44: =IF(B44="","",IF(OR(AND(K44="Line",J44="L"&E44),AND(K44="Section",J44="L"&E44&"-S"&TEXT(L44,"00")),AND(K44="Cavity",J44="L"&E44&"-S"&TEXT(L44,"00")&"-C"&M44)),"OK","CHECK")) | AA44: =IF(B44="","",IF(AND(Q44>0,OR(AND(O44="",P44=""),AND(O44<>"",P44<>"",P44>=O44,ABS(Q44-((P44-O44)*24))<=0.01))),"OK","CHECK")) | AB44: =IF(B44="","",IF(AND(Y44="OK",Z44="OK",AA44="OK",R44>0,S44>0),"OK","CHECK"))
R45: =IF(B45="","",SUMIF(ProductionConfiguration!$B$5:$B$914,C45,ProductionConfiguration!$S$5:$S$914)) | S45: =IF(B45="","",IF(K45="Line",R45,IF(K45="Section",SUMIFS(ProductionConfiguration!$S$5:$S$914,ProductionConfiguration!$B$5:$B$914,C45,ProductionConfiguration!$I$5:$I$914,L45),IF(K45="Cavity",IF(M45=1,SUMIFS(ProductionConfiguration!$P$5:$P$914,ProductionConfiguration!$B$5:$B$914,C45,ProductionConfiguration!$I$5:$I$914,L45),IF(M45=2,SUMIFS(ProductionConfiguration!$Q$5:$Q$914,ProductionConfiguration!$B$5:$B$914,C45,ProductionConfiguration!$I$5:$I$914,L45),SUMIFS(ProductionConfiguration!$R$5:$R$914,ProductionConfiguration!$B$5:$B$914,C45,ProductionConfiguration!$I$5:$I$914,L45))),0)))) | T45: =IF(B45="","",IFERROR(S45/R45,0)) | U45: =IF(B45="","",Q45*T45) | V45: =IF(C45="","",SUMIF(DailyProduction!$Q$5:$Q$100,C45,DailyProduction!$J$5:$J$100)) | W45: =IF(B45="","",Q45*60*V45*S45) | Y45: =IF(B45="","",IF(COUNTIF(JobChange!$S$5:$S$100,B45)=1,"OK","CHECK")) | Z45: =IF(B45="","",IF(OR(AND(K45="Line",J45="L"&E45),AND(K45="Section",J45="L"&E45&"-S"&TEXT(L45,"00")),AND(K45="Cavity",J45="L"&E45&"-S"&TEXT(L45,"00")&"-C"&M45)),"OK","CHECK")) | AA45: =IF(B45="","",IF(AND(Q45>0,OR(AND(O45="",P45=""),AND(O45<>"",P45<>"",P45>=O45,ABS(Q45-((P45-O45)*24))<=0.01))),"OK","CHECK")) | AB45: =IF(B45="","",IF(AND(Y45="OK",Z45="OK",AA45="OK",R45>0,S45>0),"OK","CHECK"))
R46: =IF(B46="","",SUMIF(ProductionConfiguration!$B$5:$B$914,C46,ProductionConfiguration!$S$5:$S$914)) | S46: =IF(B46="","",IF(K46="Line",R46,IF(K46="Section",SUMIFS(ProductionConfiguration!$S$5:$S$914,ProductionConfiguration!$B$5:$B$914,C46,ProductionConfiguration!$I$5:$I$914,L46),IF(K46="Cavity",IF(M46=1,SUMIFS(ProductionConfiguration!$P$5:$P$914,ProductionConfiguration!$B$5:$B$914,C46,ProductionConfiguration!$I$5:$I$914,L46),IF(M46=2,SUMIFS(ProductionConfiguration!$Q$5:$Q$914,ProductionConfiguration!$B$5:$B$914,C46,ProductionConfiguration!$I$5:$I$914,L46),SUMIFS(ProductionConfiguration!$R$5:$R$914,ProductionConfiguration!$B$5:$B$914,C46,ProductionConfiguration!$I$5:$I$914,L46))),0)))) | T46: =IF(B46="","",IFERROR(S46/R46,0)) | U46: =IF(B46="","",Q46*T46) | V46: =IF(C46="","",SUMIF(DailyProduction!$Q$5:$Q$100,C46,DailyProduction!$J$5:$J$100)) | W46: =IF(B46="","",Q46*60*V46*S46) | Y46: =IF(B46="","",IF(COUNTIF(JobChange!$S$5:$S$100,B46)=1,"OK","CHECK")) | Z46: =IF(B46="","",IF(OR(AND(K46="Line",J46="L"&E46),AND(K46="Section",J46="L"&E46&"-S"&TEXT(L46,"00")),AND(K46="Cavity",J46="L"&E46&"-S"&TEXT(L46,"00")&"-C"&M46)),"OK","CHECK")) | AA46: =IF(B46="","",IF(AND(Q46>0,OR(AND(O46="",P46=""),AND(O46<>"",P46<>"",P46>=O46,ABS(Q46-((P46-O46)*24))<=0.01))),"OK","CHECK")) | AB46: =IF(B46="","",IF(AND(Y46="OK",Z46="OK",AA46="OK",R46>0,S46>0),"OK","CHECK"))
R47: =IF(B47="","",SUMIF(ProductionConfiguration!$B$5:$B$914,C47,ProductionConfiguration!$S$5:$S$914)) | S47: =IF(B47="","",IF(K47="Line",R47,IF(K47="Section",SUMIFS(ProductionConfiguration!$S$5:$S$914,ProductionConfiguration!$B$5:$B$914,C47,ProductionConfiguration!$I$5:$I$914,L47),IF(K47="Cavity",IF(M47=1,SUMIFS(ProductionConfiguration!$P$5:$P$914,ProductionConfiguration!$B$5:$B$914,C47,ProductionConfiguration!$I$5:$I$914,L47),IF(M47=2,SUMIFS(ProductionConfiguration!$Q$5:$Q$914,ProductionConfiguration!$B$5:$B$914,C47,ProductionConfiguration!$I$5:$I$914,L47),SUMIFS(ProductionConfiguration!$R$5:$R$914,ProductionConfiguration!$B$5:$B$914,C47,ProductionConfiguration!$I$5:$I$914,L47))),0)))) | T47: =IF(B47="","",IFERROR(S47/R47,0)) | U47: =IF(B47="","",Q47*T47) | V47: =IF(C47="","",SUMIF(DailyProduction!$Q$5:$Q$100,C47,DailyProduction!$J$5:$J$100)) | W47: =IF(B47="","",Q47*60*V47*S47) | Y47: =IF(B47="","",IF(COUNTIF(JobChange!$S$5:$S$100,B47)=1,"OK","CHECK")) | Z47: =IF(B47="","",IF(OR(AND(K47="Line",J47="L"&E47),AND(K47="Section",J47="L"&E47&"-S"&TEXT(L47,"00")),AND(K47="Cavity",J47="L"&E47&"-S"&TEXT(L47,"00")&"-C"&M47)),"OK","CHECK")) | AA47: =IF(B47="","",IF(AND(Q47>0,OR(AND(O47="",P47=""),AND(O47<>"",P47<>"",P47>=O47,ABS(Q47-((P47-O47)*24))<=0.01))),"OK","CHECK")) | AB47: =IF(B47="","",IF(AND(Y47="OK",Z47="OK",AA47="OK",R47>0,S47>0),"OK","CHECK"))
R48: =IF(B48="","",SUMIF(ProductionConfiguration!$B$5:$B$914,C48,ProductionConfiguration!$S$5:$S$914)) | S48: =IF(B48="","",IF(K48="Line",R48,IF(K48="Section",SUMIFS(ProductionConfiguration!$S$5:$S$914,ProductionConfiguration!$B$5:$B$914,C48,ProductionConfiguration!$I$5:$I$914,L48),IF(K48="Cavity",IF(M48=1,SUMIFS(ProductionConfiguration!$P$5:$P$914,ProductionConfiguration!$B$5:$B$914,C48,ProductionConfiguration!$I$5:$I$914,L48),IF(M48=2,SUMIFS(ProductionConfiguration!$Q$5:$Q$914,ProductionConfiguration!$B$5:$B$914,C48,ProductionConfiguration!$I$5:$I$914,L48),SUMIFS(ProductionConfiguration!$R$5:$R$914,ProductionConfiguration!$B$5:$B$914,C48,ProductionConfiguration!$I$5:$I$914,L48))),0)))) | T48: =IF(B48="","",IFERROR(S48/R48,0)) | U48: =IF(B48="","",Q48*T48) | V48: =IF(C48="","",SUMIF(DailyProduction!$Q$5:$Q$100,C48,DailyProduction!$J$5:$J$100)) | W48: =IF(B48="","",Q48*60*V48*S48) | Y48: =IF(B48="","",IF(COUNTIF(JobChange!$S$5:$S$100,B48)=1,"OK","CHECK")) | Z48: =IF(B48="","",IF(OR(AND(K48="Line",J48="L"&E48),AND(K48="Section",J48="L"&E48&"-S"&TEXT(L48,"00")),AND(K48="Cavity",J48="L"&E48&"-S"&TEXT(L48,"00")&"-C"&M48)),"OK","CHECK")) | AA48: =IF(B48="","",IF(AND(Q48>0,OR(AND(O48="",P48=""),AND(O48<>"",P48<>"",P48>=O48,ABS(Q48-((P48-O48)*24))<=0.01))),"OK","CHECK")) | AB48: =IF(B48="","",IF(AND(Y48="OK",Z48="OK",AA48="OK",R48>0,S48>0),"OK","CHECK"))
R49: =IF(B49="","",SUMIF(ProductionConfiguration!$B$5:$B$914,C49,ProductionConfiguration!$S$5:$S$914)) | S49: =IF(B49="","",IF(K49="Line",R49,IF(K49="Section",SUMIFS(ProductionConfiguration!$S$5:$S$914,ProductionConfiguration!$B$5:$B$914,C49,ProductionConfiguration!$I$5:$I$914,L49),IF(K49="Cavity",IF(M49=1,SUMIFS(ProductionConfiguration!$P$5:$P$914,ProductionConfiguration!$B$5:$B$914,C49,ProductionConfiguration!$I$5:$I$914,L49),IF(M49=2,SUMIFS(ProductionConfiguration!$Q$5:$Q$914,ProductionConfiguration!$B$5:$B$914,C49,ProductionConfiguration!$I$5:$I$914,L49),SUMIFS(ProductionConfiguration!$R$5:$R$914,ProductionConfiguration!$B$5:$B$914,C49,ProductionConfiguration!$I$5:$I$914,L49))),0)))) | T49: =IF(B49="","",IFERROR(S49/R49,0)) | U49: =IF(B49="","",Q49*T49) | V49: =IF(C49="","",SUMIF(DailyProduction!$Q$5:$Q$100,C49,DailyProduction!$J$5:$J$100)) | W49: =IF(B49="","",Q49*60*V49*S49) | Y49: =IF(B49="","",IF(COUNTIF(JobChange!$S$5:$S$100,B49)=1,"OK","CHECK")) | Z49: =IF(B49="","",IF(OR(AND(K49="Line",J49="L"&E49),AND(K49="Section",J49="L"&E49&"-S"&TEXT(L49,"00")),AND(K49="Cavity",J49="L"&E49&"-S"&TEXT(L49,"00")&"-C"&M49)),"OK","CHECK")) | AA49: =IF(B49="","",IF(AND(Q49>0,OR(AND(O49="",P49=""),AND(O49<>"",P49<>"",P49>=O49,ABS(Q49-((P49-O49)*24))<=0.01))),"OK","CHECK")) | AB49: =IF(B49="","",IF(AND(Y49="OK",Z49="OK",AA49="OK",R49>0,S49>0),"OK","CHECK"))
... R100: =IF(B100="","",SUMIF(ProductionConfiguration!$B$5:$B$914,C100,ProductionConfiguration!$S$5:$S$914)) | S100: =IF(B100="","",IF(K100="Line",R100,IF(K100="Section",SUMIFS(ProductionConfiguration!$S$5:$S$914,ProductionConfiguration!$B$5:$B$914,C100,ProductionConfiguration!$I$5:$I$914,L100),IF(K100="Cavity",IF(M100=1,SUMIFS(ProductionConfiguration!$P$5:$P$914,ProductionConfiguration!$B$5:$B$914,C100,ProductionConfiguration!$I$5:$I$914,L100),IF(M100=2,SUMIFS(ProductionConfiguration!$Q$5:$Q$914,ProductionConfiguration!$B$5:$B$914,C100,ProductionConfiguration!$I$5:$I$914,L100),SUMIFS(ProductionConfiguration!$R$5:$R$914,ProductionConfiguration!$B$5:$B$914,C100,ProductionConfiguration!$I$5:$I$914,L100))),0)))) | T100: =IF(B100="","",IFERROR(S100/R100,0)) | U100: =IF(B100="","",Q100*T100) | V100: =IF(C100="","",SUMIF(DailyProduction!$Q$5:$Q$100,C100,DailyProduction!$J$5:$J$100)) | W100: =IF(B100="","",Q100*60*V100*S100) | Y100: =IF(B100="","",IF(COUNTIF(JobChange!$S$5:$S$100,B100)=1,"OK","CHECK")) | Z100: =IF(B100="","",IF(OR(AND(K100="Line",J100="L"&E100),AND(K100="Section",J100="L"&E100&"-S"&TEXT(L100,"00")),AND(K100="Cavity",J100="L"&E100&"-S"&TEXT(L100,"00")&"-C"&M100)),"OK","CHECK")) | AA100: =IF(B100="","",IF(AND(Q100>0,OR(AND(O100="",P100=""),AND(O100<>"",P100<>"",P100>=O100,ABS(Q100-((P100-O100)*24))<=0.01))),"OK","CHECK")) | AB100: =IF(B100="","",IF(AND(Y100="OK",Z100="OK",AA100="OK",R100>0,S100>0),"OK","CHECK"))

Sheet DailyProduction
A1: DAILY PRODUCTION LOG
A2: Maps to STG_PRODUCTION → FACT_PRODUCTION
A3: FactoryCode is required. DesignOutput = DesignedCutsPerHour × WorkingHours; TotalReject = DesignOutput − ActualPack − TotalHold.
A4: FactoryCode | B4: EventDate | C4: ShiftCode | D4: CrewCode | E4: LineNumber | F4: OrderNumber | G4: CaseName | H4: NoSections | I4: NoCavities | J4: DesignedCyclesPerMin | K4: DesignedCutsPerHour | L4: WorkingHours | M4: DesignOutput | N4: ActualPack | O4: TotalHold | P4: TotalReject | Q4: ProductionEventID | R4: ActiveCavityCount | S4: PhysicalCapabilityCheck | T4: DesignCutsFormulaCheck | U4: DesignOutputCheck | V4: MaterialBalanceCheck | W4: ConfigActiveCavityCount | X4: ConfigurationReconciliationCheck | Y4: EventIDUniquenessCheck | Z4: DataQualityCheck
A5: KG01 | B5: 45950 | C5: AM | D5: C | E5: 21 | F5: ORD-2025-00019 | G5: Normal | H5: 10 | I5: 3 | J5: 12 | K5: 21600 | L5: 11.73 | M5: 253368 | N5: 238067 | O5: 2140 | P5: 13161 | Q5: =IF(A5="","", "PE-"&A5&"-L"&TEXT(E5,"00")&"-"&TEXT(B5,"yyyymmdd")&"-"&C5&"-"&F5) -> PE-KG01-L21-20251020-AM-ORD-2025-00019 | R5: =IF(A5="","",H5*I5) -> 30 | S5: =IF(A5="","",IF(AND(H5>=1,H5<=13,I5>=1,I5<=3),"OK","CHECK")) -> OK | T5: =IF(A5="","",IF(ABS(K5-(J5*H5*I5*60))<=0.5,"OK","CHECK")) -> OK | U5: =IF(A5="","",IF(ABS(M5-(K5*L5))<=1,"OK","CHECK")) -> OK | V5: =IF(A5="","",IF(ABS(M5-N5-O5-P5)<=1,"OK","CHECK")) -> OK | W5: =IF(Q5="","",SUMIF(ProductionConfiguration!$B$5:$B$914,Q5,ProductionConfiguration!$S$5:$S$914)) -> 30 | X5: =IF(A5="","",IF(R5=W5,"OK","CHECK")) -> OK | Y5: =IF(Q5="","",IF(COUNTIF($Q$5:$Q$100,Q5)=1,"OK","CHECK")) -> OK | Z5: =IF(A5="","",IF(AND(S5="OK",T5="OK",U5="OK",V5="OK",X5="OK",Y5="OK"),"OK","CHECK")) -> OK
A6: KG01 | B6: 45950 | C6: PM | D6: A | E6: 21 | F6: ORD-2025-00019 | G6: Normal | H6: 10 | I6: 3 | J6: 11 | K6: 19800 | L6: 11.55 | M6: 228690 | N6: 215868 | O6: 2247 | P6: 10575 | Q6: =IF(A6="","", "PE-"&A6&"-L"&TEXT(E6,"00")&"-"&TEXT(B6,"yyyymmdd")&"-"&C6&"-"&F6) -> PE-KG01-L21-20251020-PM-ORD-2025-00019 | R6: =IF(A6="","",H6*I6) -> 30 | S6: =IF(A6="","",IF(AND(H6>=1,H6<=13,I6>=1,I6<=3),"OK","CHECK")) -> OK | T6: =IF(A6="","",IF(ABS(K6-(J6*H6*I6*60))<=0.5,"OK","CHECK")) -> OK | U6: =IF(A6="","",IF(ABS(M6-(K6*L6))<=1,"OK","CHECK")) -> OK | V6: =IF(A6="","",IF(ABS(M6-N6-O6-P6)<=1,"OK","CHECK")) -> OK | W6: =IF(Q6="","",SUMIF(ProductionConfiguration!$B$5:$B$914,Q6,ProductionConfiguration!$S$5:$S$914)) -> 30 | X6: =IF(A6="","",IF(R6=W6,"OK","CHECK")) -> OK | Y6: =IF(Q6="","",IF(COUNTIF($Q$5:$Q$100,Q6)=1,"OK","CHECK")) -> OK | Z6: =IF(A6="","",IF(AND(S6="OK",T6="OK",U6="OK",V6="OK",X6="OK",Y6="OK"),"OK","CHECK")) -> OK
A7: KG01 | B7: 45951 | C7: AM | D7: A | E7: 21 | F7: ORD-2025-00020 | G7: Trial | H7: 10 | I7: 2 | J7: 10 | K7: 12000 | L7: 7.49 | M7: 89880 | N7: 79298 | O7: 1528 | P7: 9054 | Q7: =IF(A7="","", "PE-"&A7&"-L"&TEXT(E7,"00")&"-"&TEXT(B7,"yyyymmdd")&"-"&C7&"-"&F7) -> PE-KG01-L21-20251021-AM-ORD-2025-00020 | R7: =IF(A7="","",H7*I7) -> 20 | S7: =IF(A7="","",IF(AND(H7>=1,H7<=13,I7>=1,I7<=3),"OK","CHECK")) -> OK | T7: =IF(A7="","",IF(ABS(K7-(J7*H7*I7*60))<=0.5,"OK","CHECK")) -> OK | U7: =IF(A7="","",IF(ABS(M7-(K7*L7))<=1,"OK","CHECK")) -> OK | V7: =IF(A7="","",IF(ABS(M7-N7-O7-P7)<=1,"OK","CHECK")) -> OK | W7: =IF(Q7="","",SUMIF(ProductionConfiguration!$B$5:$B$914,Q7,ProductionConfiguration!$S$5:$S$914)) -> 20 | X7: =IF(A7="","",IF(R7=W7,"OK","CHECK")) -> OK | Y7: =IF(Q7="","",IF(COUNTIF($Q$5:$Q$100,Q7)=1,"OK","CHECK")) -> OK | Z7: =IF(A7="","",IF(AND(S7="OK",T7="OK",U7="OK",V7="OK",X7="OK",Y7="OK"),"OK","CHECK")) -> OK
A8: KG01 | B8: 45951 | C8: PM | D8: B | E8: 21 | F8: ORD-2025-00020 | G8: Normal | H8: 10 | I8: 2 | J8: 10 | K8: 12000 | L8: 11.62 | M8: 139440 | N8: 132234 | O8: 560 | P8: 6646 | Q8: =IF(A8="","", "PE-"&A8&"-L"&TEXT(E8,"00")&"-"&TEXT(B8,"yyyymmdd")&"-"&C8&"-"&F8) -> PE-KG01-L21-20251021-PM-ORD-2025-00020 | R8: =IF(A8="","",H8*I8) -> 20 | S8: =IF(A8="","",IF(AND(H8>=1,H8<=13,I8>=1,I8<=3),"OK","CHECK")) -> OK | T8: =IF(A8="","",IF(ABS(K8-(J8*H8*I8*60))<=0.5,"OK","CHECK")) -> OK | U8: =IF(A8="","",IF(ABS(M8-(K8*L8))<=1,"OK","CHECK")) -> OK | V8: =IF(A8="","",IF(ABS(M8-N8-O8-P8)<=1,"OK","CHECK")) -> OK | W8: =IF(Q8="","",SUMIF(ProductionConfiguration!$B$5:$B$914,Q8,ProductionConfiguration!$S$5:$S$914)) -> 20 | X8: =IF(A8="","",IF(R8=W8,"OK","CHECK")) -> OK | Y8: =IF(Q8="","",IF(COUNTIF($Q$5:$Q$100,Q8)=1,"OK","CHECK")) -> OK | Z8: =IF(A8="","",IF(AND(S8="OK",T8="OK",U8="OK",V8="OK",X8="OK",Y8="OK"),"OK","CHECK")) -> OK
A9: KG01 | B9: 45952 | C9: AM | D9: B | E9: 21 | F9: ORD-2025-00020 | G9: Normal | H9: 10 | I9: 2 | J9: 9 | K9: 10800 | L9: 11.54 | M9: 124632 | N9: 116395 | O9: 1286 | P9: 6951 | Q9: =IF(A9="","", "PE-"&A9&"-L"&TEXT(E9,"00")&"-"&TEXT(B9,"yyyymmdd")&"-"&C9&"-"&F9) -> PE-KG01-L21-20251022-AM-ORD-2025-00020 | R9: =IF(A9="","",H9*I9) -> 20 | S9: =IF(A9="","",IF(AND(H9>=1,H9<=13,I9>=1,I9<=3),"OK","CHECK")) -> OK | T9: =IF(A9="","",IF(ABS(K9-(J9*H9*I9*60))<=0.5,"OK","CHECK")) -> OK | U9: =IF(A9="","",IF(ABS(M9-(K9*L9))<=1,"OK","CHECK")) -> OK | V9: =IF(A9="","",IF(ABS(M9-N9-O9-P9)<=1,"OK","CHECK")) -> OK | W9: =IF(Q9="","",SUMIF(ProductionConfiguration!$B$5:$B$914,Q9,ProductionConfiguration!$S$5:$S$914)) -> 20 | X9: =IF(A9="","",IF(R9=W9,"OK","CHECK")) -> OK | Y9: =IF(Q9="","",IF(COUNTIF($Q$5:$Q$100,Q9)=1,"OK","CHECK")) -> OK | Z9: =IF(A9="","",IF(AND(S9="OK",T9="OK",U9="OK",V9="OK",X9="OK",Y9="OK"),"OK","CHECK")) -> OK
A10: KG01 | B10: 45952 | C10: PM | D10: C | E10: 21 | F10: ORD-2025-00020 | G10: Normal | H10: 10 | I10: 2 | J10: 11 | K10: 13200 | L10: 11.68 | M10: 154176 | N10: 146166 | O10: 1622 | P10: 6388 | Q10: =IF(A10="","", "PE-"&A10&"-L"&TEXT(E10,"00")&"-"&TEXT(B10,"yyyymmdd")&"-"&C10&"-"&F10) -> PE-KG01-L21-20251022-PM-ORD-2025-00020 | R10: =IF(A10="","",H10*I10) -> 20 | S10: =IF(A10="","",IF(AND(H10>=1,H10<=13,I10>=1,I10<=3),"OK","CHECK")) -> OK | T10: =IF(A10="","",IF(ABS(K10-(J10*H10*I10*60))<=0.5,"OK","CHECK")) -> OK | U10: =IF(A10="","",IF(ABS(M10-(K10*L10))<=1,"OK","CHECK")) -> OK | V10: =IF(A10="","",IF(ABS(M10-N10-O10-P10)<=1,"OK","CHECK")) -> OK | W10: =IF(Q10="","",SUMIF(ProductionConfiguration!$B$5:$B$914,Q10,ProductionConfiguration!$S$5:$S$914)) -> 20 | X10: =IF(A10="","",IF(R10=W10,"OK","CHECK")) -> OK | Y10: =IF(Q10="","",IF(COUNTIF($Q$5:$Q$100,Q10)=1,"OK","CHECK")) -> OK | Z10: =IF(A10="","",IF(AND(S10="OK",T10="OK",U10="OK",V10="OK",X10="OK",Y10="OK"),"OK","CHECK")) -> OK
A11: KG01 | B11: 45953 | C11: AM | D11: C | E11: 21 | F11: ORD-2025-00020 | G11: Normal | H11: 10 | I11: 2 | J11: 10 | K11: 12000 | L11: 11.45 | M11: 137400 | N11: 130459 | O11: 1515 | P11: 5426 | Q11: =IF(A11="","", "PE-"&A11&"-L"&TEXT(E11,"00")&"-"&TEXT(B11,"yyyymmdd")&"-"&C11&"-"&F11) -> PE-KG01-L21-20251023-AM-ORD-2025-00020 | R11: =IF(A11="","",H11*I11) -> 20 | S11: =IF(A11="","",IF(AND(H11>=1,H11<=13,I11>=1,I11<=3),"OK","CHECK")) -> OK | T11: =IF(A11="","",IF(ABS(K11-(J11*H11*I11*60))<=0.5,"OK","CHECK")) -> OK | U11: =IF(A11="","",IF(ABS(M11-(K11*L11))<=1,"OK","CHECK")) -> OK | V11: =IF(A11="","",IF(ABS(M11-N11-O11-P11)<=1,"OK","CHECK")) -> OK | W11: =IF(Q11="","",SUMIF(ProductionConfiguration!$B$5:$B$914,Q11,ProductionConfiguration!$S$5:$S$914)) -> 20 | X11: =IF(A11="","",IF(R11=W11,"OK","CHECK")) -> OK | Y11: =IF(Q11="","",IF(COUNTIF($Q$5:$Q$100,Q11)=1,"OK","CHECK")) -> OK | Z11: =IF(A11="","",IF(AND(S11="OK",T11="OK",U11="OK",V11="OK",X11="OK",Y11="OK"),"OK","CHECK")) -> OK
A12: KG01 | B12: 45953 | C12: PM | D12: A | E12: 21 | F12: ORD-2025-00020 | G12: Normal | H12: 10 | I12: 2 | J12: 9 | K12: 10800 | L12: 11.69 | M12: 126252 | N12: 121745 | O12: 957 | P12: 3550 | Q12: =IF(A12="","", "PE-"&A12&"-L"&TEXT(E12,"00")&"-"&TEXT(B12,"yyyymmdd")&"-"&C12&"-"&F12) -> PE-KG01-L21-20251023-PM-ORD-2025-00020 | R12: =IF(A12="","",H12*I12) -> 20 | S12: =IF(A12="","",IF(AND(H12>=1,H12<=13,I12>=1,I12<=3),"OK","CHECK")) -> OK | T12: =IF(A12="","",IF(ABS(K12-(J12*H12*I12*60))<=0.5,"OK","CHECK")) -> OK | U12: =IF(A12="","",IF(ABS(M12-(K12*L12))<=1,"OK","CHECK")) -> OK | V12: =IF(A12="","",IF(ABS(M12-N12-O12-P12)<=1,"OK","CHECK")) -> OK | W12: =IF(Q12="","",SUMIF(ProductionConfiguration!$B$5:$B$914,Q12,ProductionConfiguration!$S$5:$S$914)) -> 20 | X12: =IF(A12="","",IF(R12=W12,"OK","CHECK")) -> OK | Y12: =IF(Q12="","",IF(COUNTIF($Q$5:$Q$100,Q12)=1,"OK","CHECK")) -> OK | Z12: =IF(A12="","",IF(AND(S12="OK",T12="OK",U12="OK",V12="OK",X12="OK",Y12="OK"),"OK","CHECK")) -> OK
A13: KG01 | B13: 45954 | C13: AM | D13: A | E13: 21 | F13: ORD-2025-00020 | G13: Normal | H13: 10 | I13: 2 | J13: 11 | K13: 13200 | L13: 11.74 | M13: 154968 | N13: 147296 | O13: 3173 | P13: 4499 | Q13: =IF(A13="","", "PE-"&A13&"-L"&TEXT(E13,"00")&"-"&TEXT(B13,"yyyymmdd")&"-"&C13&"-"&F13) -> PE-KG01-L21-20251024-AM-ORD-2025-00020 | R13: =IF(A13="","",H13*I13) -> 20 | S13: =IF(A13="","",IF(AND(H13>=1,H13<=13,I13>=1,I13<=3),"OK","CHECK")) -> OK | T13: =IF(A13="","",IF(ABS(K13-(J13*H13*I13*60))<=0.5,"OK","CHECK")) -> OK | U13: =IF(A13="","",IF(ABS(M13-(K13*L13))<=1,"OK","CHECK")) -> OK | V13: =IF(A13="","",IF(ABS(M13-N13-O13-P13)<=1,"OK","CHECK")) -> OK | W13: =IF(Q13="","",SUMIF(ProductionConfiguration!$B$5:$B$914,Q13,ProductionConfiguration!$S$5:$S$914)) -> 20 | X13: =IF(A13="","",IF(R13=W13,"OK","CHECK")) -> OK | Y13: =IF(Q13="","",IF(COUNTIF($Q$5:$Q$100,Q13)=1,"OK","CHECK")) -> OK | Z13: =IF(A13="","",IF(AND(S13="OK",T13="OK",U13="OK",V13="OK",X13="OK",Y13="OK"),"OK","CHECK")) -> OK
A14: KG01 | B14: 45954 | C14: PM | D14: B | E14: 21 | F14: ORD-2025-00020 | G14: Normal | H14: 10 | I14: 2 | J14: 9 | K14: 10800 | L14: 11.45 | M14: 123660 | N14: 119226 | O14: 675 | P14: 3759 | Q14: =IF(A14="","", "PE-"&A14&"-L"&TEXT(E14,"00")&"-"&TEXT(B14,"yyyymmdd")&"-"&C14&"-"&F14) -> PE-KG01-L21-20251024-PM-ORD-2025-00020 | R14: =IF(A14="","",H14*I14) -> 20 | S14: =IF(A14="","",IF(AND(H14>=1,H14<=13,I14>=1,I14<=3),"OK","CHECK")) -> OK | T14: =IF(A14="","",IF(ABS(K14-(J14*H14*I14*60))<=0.5,"OK","CHECK")) -> OK | U14: =IF(A14="","",IF(ABS(M14-(K14*L14))<=1,"OK","CHECK")) -> OK | V14: =IF(A14="","",IF(ABS(M14-N14-O14-P14)<=1,"OK","CHECK")) -> OK | W14: =IF(Q14="","",SUMIF(ProductionConfiguration!$B$5:$B$914,Q14,ProductionConfiguration!$S$5:$S$914)) -> 20 | X14: =IF(A14="","",IF(R14=W14,"OK","CHECK")) -> OK | Y14: =IF(Q14="","",IF(COUNTIF($Q$5:$Q$100,Q14)=1,"OK","CHECK")) -> OK | Z14: =IF(A14="","",IF(AND(S14="OK",T14="OK",U14="OK",V14="OK",X14="OK",Y14="OK"),"OK","CHECK")) -> OK
A15: KG01 | B15: 45955 | C15: AM | D15: B | E15: 21 | F15: ORD-2025-00021 | G15: Trial | H15: 10 | I15: 3 | J15: 11 | K15: 19800 | L15: 6.62 | M15: 131076 | N15: 114150 | O15: 2878 | P15: 14048 | Q15: =IF(A15="","", "PE-"&A15&"-L"&TEXT(E15,"00")&"-"&TEXT(B15,"yyyymmdd")&"-"&C15&"-"&F15) -> PE-KG01-L21-20251025-AM-ORD-2025-00021 | R15: =IF(A15="","",H15*I15) -> 30 | S15: =IF(A15="","",IF(AND(H15>=1,H15<=13,I15>=1,I15<=3),"OK","CHECK")) -> OK | T15: =IF(A15="","",IF(ABS(K15-(J15*H15*I15*60))<=0.5,"OK","CHECK")) -> OK | U15: =IF(A15="","",IF(ABS(M15-(K15*L15))<=1,"OK","CHECK")) -> OK | V15: =IF(A15="","",IF(ABS(M15-N15-O15-P15)<=1,"OK","CHECK")) -> OK | W15: =IF(Q15="","",SUMIF(ProductionConfiguration!$B$5:$B$914,Q15,ProductionConfiguration!$S$5:$S$914)) -> 30 | X15: =IF(A15="","",IF(R15=W15,"OK","CHECK")) -> OK | Y15: =IF(Q15="","",IF(COUNTIF($Q$5:$Q$100,Q15)=1,"OK","CHECK")) -> OK | Z15: =IF(A15="","",IF(AND(S15="OK",T15="OK",U15="OK",V15="OK",X15="OK",Y15="OK"),"OK","CHECK")) -> OK
A16: KG01 | B16: 45955 | C16: PM | D16: C | E16: 21 | F16: ORD-2025-00021 | G16: Normal | H16: 10 | I16: 3 | J16: 13 | K16: 23400 | L16: 11.64 | M16: 272376 | N16: 255880 | O16: 2961 | P16: 13535 | Q16: =IF(A16="","", "PE-"&A16&"-L"&TEXT(E16,"00")&"-"&TEXT(B16,"yyyymmdd")&"-"&C16&"-"&F16) -> PE-KG01-L21-20251025-PM-ORD-2025-00021 | R16: =IF(A16="","",H16*I16) -> 30 | S16: =IF(A16="","",IF(AND(H16>=1,H16<=13,I16>=1,I16<=3),"OK","CHECK")) -> OK | T16: =IF(A16="","",IF(ABS(K16-(J16*H16*I16*60))<=0.5,"OK","CHECK")) -> OK | U16: =IF(A16="","",IF(ABS(M16-(K16*L16))<=1,"OK","CHECK")) -> OK | V16: =IF(A16="","",IF(ABS(M16-N16-O16-P16)<=1,"OK","CHECK")) -> OK | W16: =IF(Q16="","",SUMIF(ProductionConfiguration!$B$5:$B$914,Q16,ProductionConfiguration!$S$5:$S$914)) -> 30 | X16: =IF(A16="","",IF(R16=W16,"OK","CHECK")) -> OK | Y16: =IF(Q16="","",IF(COUNTIF($Q$5:$Q$100,Q16)=1,"OK","CHECK")) -> OK | Z16: =IF(A16="","",IF(AND(S16="OK",T16="OK",U16="OK",V16="OK",X16="OK",Y16="OK"),"OK","CHECK")) -> OK
... A74: KG01 | B74: 45956 | C74: PM | D74: A | E74: 25 | F74: ORD-2025-00162 | G74: Normal | H74: 8 | I74: 3 | J74: 11 | K74: 15840 | L74: 11.74 | M74: 185962 | N74: 176117 | O74: 1546 | P74: 8299 | Q74: =IF(A74="","", "PE-"&A74&"-L"&TEXT(E74,"00")&"-"&TEXT(B74,"yyyymmdd")&"-"&C74&"-"&F74) -> PE-KG01-L25-20251026-PM-ORD-2025-00162 | R74: =IF(A74="","",H74*I74) -> 24 | S74: =IF(A74="","",IF(AND(H74>=1,H74<=13,I74>=1,I74<=3),"OK","CHECK")) -> OK | T74: =IF(A74="","",IF(ABS(K74-(J74*H74*I74*60))<=0.5,"OK","CHECK")) -> OK | U74: =IF(A74="","",IF(ABS(M74-(K74*L74))<=1,"OK","CHECK")) -> OK | V74: =IF(A74="","",IF(ABS(M74-N74-O74-P74)<=1,"OK","CHECK")) -> OK | W74: =IF(Q74="","",SUMIF(ProductionConfiguration!$B$5:$B$914,Q74,ProductionConfiguration!$S$5:$S$914)) -> 24 | X74: =IF(A74="","",IF(R74=W74,"OK","CHECK")) -> OK | Y74: =IF(Q74="","",IF(COUNTIF($Q$5:$Q$100,Q74)=1,"OK","CHECK")) -> OK | Z74: =IF(A74="","",IF(AND(S74="OK",T74="OK",U74="OK",V74="OK",X74="OK",Y74="OK"),"OK","CHECK")) -> OK
Q75: =IF(A75="","", "PE-"&A75&"-L"&TEXT(E75,"00")&"-"&TEXT(B75,"yyyymmdd")&"-"&C75&"-"&F75) | R75: =IF(A75="","",H75*I75) | S75: =IF(A75="","",IF(AND(H75>=1,H75<=13,I75>=1,I75<=3),"OK","CHECK")) | T75: =IF(A75="","",IF(ABS(K75-(J75*H75*I75*60))<=0.5,"OK","CHECK")) | U75: =IF(A75="","",IF(ABS(M75-(K75*L75))<=1,"OK","CHECK")) | V75: =IF(A75="","",IF(ABS(M75-N75-O75-P75)<=1,"OK","CHECK")) | W75: =IF(Q75="","",SUMIF(ProductionConfiguration!$B$5:$B$914,Q75,ProductionConfiguration!$S$5:$S$914)) | X75: =IF(A75="","",IF(R75=W75,"OK","CHECK")) | Y75: =IF(Q75="","",IF(COUNTIF($Q$5:$Q$100,Q75)=1,"OK","CHECK")) | Z75: =IF(A75="","",IF(AND(S75="OK",T75="OK",U75="OK",V75="OK",X75="OK",Y75="OK"),"OK","CHECK"))
Q76: =IF(A76="","", "PE-"&A76&"-L"&TEXT(E76,"00")&"-"&TEXT(B76,"yyyymmdd")&"-"&C76&"-"&F76) | R76: =IF(A76="","",H76*I76) | S76: =IF(A76="","",IF(AND(H76>=1,H76<=13,I76>=1,I76<=3),"OK","CHECK")) | T76: =IF(A76="","",IF(ABS(K76-(J76*H76*I76*60))<=0.5,"OK","CHECK")) | U76: =IF(A76="","",IF(ABS(M76-(K76*L76))<=1,"OK","CHECK")) | V76: =IF(A76="","",IF(ABS(M76-N76-O76-P76)<=1,"OK","CHECK")) | W76: =IF(Q76="","",SUMIF(ProductionConfiguration!$B$5:$B$914,Q76,ProductionConfiguration!$S$5:$S$914)) | X76: =IF(A76="","",IF(R76=W76,"OK","CHECK")) | Y76: =IF(Q76="","",IF(COUNTIF($Q$5:$Q$100,Q76)=1,"OK","CHECK")) | Z76: =IF(A76="","",IF(AND(S76="OK",T76="OK",U76="OK",V76="OK",X76="OK",Y76="OK"),"OK","CHECK"))
Q77: =IF(A77="","", "PE-"&A77&"-L"&TEXT(E77,"00")&"-"&TEXT(B77,"yyyymmdd")&"-"&C77&"-"&F77) | R77: =IF(A77="","",H77*I77) | S77: =IF(A77="","",IF(AND(H77>=1,H77<=13,I77>=1,I77<=3),"OK","CHECK")) | T77: =IF(A77="","",IF(ABS(K77-(J77*H77*I77*60))<=0.5,"OK","CHECK")) | U77: =IF(A77="","",IF(ABS(M77-(K77*L77))<=1,"OK","CHECK")) | V77: =IF(A77="","",IF(ABS(M77-N77-O77-P77)<=1,"OK","CHECK")) | W77: =IF(Q77="","",SUMIF(ProductionConfiguration!$B$5:$B$914,Q77,ProductionConfiguration!$S$5:$S$914)) | X77: =IF(A77="","",IF(R77=W77,"OK","CHECK")) | Y77: =IF(Q77="","",IF(COUNTIF($Q$5:$Q$100,Q77)=1,"OK","CHECK")) | Z77: =IF(A77="","",IF(AND(S77="OK",T77="OK",U77="OK",V77="OK",X77="OK",Y77="OK"),"OK","CHECK"))
Q78: =IF(A78="","", "PE-"&A78&"-L"&TEXT(E78,"00")&"-"&TEXT(B78,"yyyymmdd")&"-"&C78&"-"&F78) | R78: =IF(A78="","",H78*I78) | S78: =IF(A78="","",IF(AND(H78>=1,H78<=13,I78>=1,I78<=3),"OK","CHECK")) | T78: =IF(A78="","",IF(ABS(K78-(J78*H78*I78*60))<=0.5,"OK","CHECK")) | U78: =IF(A78="","",IF(ABS(M78-(K78*L78))<=1,"OK","CHECK")) | V78: =IF(A78="","",IF(ABS(M78-N78-O78-P78)<=1,"OK","CHECK")) | W78: =IF(Q78="","",SUMIF(ProductionConfiguration!$B$5:$B$914,Q78,ProductionConfiguration!$S$5:$S$914)) | X78: =IF(A78="","",IF(R78=W78,"OK","CHECK")) | Y78: =IF(Q78="","",IF(COUNTIF($Q$5:$Q$100,Q78)=1,"OK","CHECK")) | Z78: =IF(A78="","",IF(AND(S78="OK",T78="OK",U78="OK",V78="OK",X78="OK",Y78="OK"),"OK","CHECK"))
Q79: =IF(A79="","", "PE-"&A79&"-L"&TEXT(E79,"00")&"-"&TEXT(B79,"yyyymmdd")&"-"&C79&"-"&F79) | R79: =IF(A79="","",H79*I79) | S79: =IF(A79="","",IF(AND(H79>=1,H79<=13,I79>=1,I79<=3),"OK","CHECK")) | T79: =IF(A79="","",IF(ABS(K79-(J79*H79*I79*60))<=0.5,"OK","CHECK")) | U79: =IF(A79="","",IF(ABS(M79-(K79*L79))<=1,"OK","CHECK")) | V79: =IF(A79="","",IF(ABS(M79-N79-O79-P79)<=1,"OK","CHECK")) | W79: =IF(Q79="","",SUMIF(ProductionConfiguration!$B$5:$B$914,Q79,ProductionConfiguration!$S$5:$S$914)) | X79: =IF(A79="","",IF(R79=W79,"OK","CHECK")) | Y79: =IF(Q79="","",IF(COUNTIF($Q$5:$Q$100,Q79)=1,"OK","CHECK")) | Z79: =IF(A79="","",IF(AND(S79="OK",T79="OK",U79="OK",V79="OK",X79="OK",Y79="OK"),"OK","CHECK"))
Q80: =IF(A80="","", "PE-"&A80&"-L"&TEXT(E80,"00")&"-"&TEXT(B80,"yyyymmdd")&"-"&C80&"-"&F80) | R80: =IF(A80="","",H80*I80) | S80: =IF(A80="","",IF(AND(H80>=1,H80<=13,I80>=1,I80<=3),"OK","CHECK")) | T80: =IF(A80="","",IF(ABS(K80-(J80*H80*I80*60))<=0.5,"OK","CHECK")) | U80: =IF(A80="","",IF(ABS(M80-(K80*L80))<=1,"OK","CHECK")) | V80: =IF(A80="","",IF(ABS(M80-N80-O80-P80)<=1,"OK","CHECK")) | W80: =IF(Q80="","",SUMIF(ProductionConfiguration!$B$5:$B$914,Q80,ProductionConfiguration!$S$5:$S$914)) | X80: =IF(A80="","",IF(R80=W80,"OK","CHECK")) | Y80: =IF(Q80="","",IF(COUNTIF($Q$5:$Q$100,Q80)=1,"OK","CHECK")) | Z80: =IF(A80="","",IF(AND(S80="OK",T80="OK",U80="OK",V80="OK",X80="OK",Y80="OK"),"OK","CHECK"))
Q81: =IF(A81="","", "PE-"&A81&"-L"&TEXT(E81,"00")&"-"&TEXT(B81,"yyyymmdd")&"-"&C81&"-"&F81) | R81: =IF(A81="","",H81*I81) | S81: =IF(A81="","",IF(AND(H81>=1,H81<=13,I81>=1,I81<=3),"OK","CHECK")) | T81: =IF(A81="","",IF(ABS(K81-(J81*H81*I81*60))<=0.5,"OK","CHECK")) | U81: =IF(A81="","",IF(ABS(M81-(K81*L81))<=1,"OK","CHECK")) | V81: =IF(A81="","",IF(ABS(M81-N81-O81-P81)<=1,"OK","CHECK")) | W81: =IF(Q81="","",SUMIF(ProductionConfiguration!$B$5:$B$914,Q81,ProductionConfiguration!$S$5:$S$914)) | X81: =IF(A81="","",IF(R81=W81,"OK","CHECK")) | Y81: =IF(Q81="","",IF(COUNTIF($Q$5:$Q$100,Q81)=1,"OK","CHECK")) | Z81: =IF(A81="","",IF(AND(S81="OK",T81="OK",U81="OK",V81="OK",X81="OK",Y81="OK"),"OK","CHECK"))
Q82: =IF(A82="","", "PE-"&A82&"-L"&TEXT(E82,"00")&"-"&TEXT(B82,"yyyymmdd")&"-"&C82&"-"&F82) | R82: =IF(A82="","",H82*I82) | S82: =IF(A82="","",IF(AND(H82>=1,H82<=13,I82>=1,I82<=3),"OK","CHECK")) | T82: =IF(A82="","",IF(ABS(K82-(J82*H82*I82*60))<=0.5,"OK","CHECK")) | U82: =IF(A82="","",IF(ABS(M82-(K82*L82))<=1,"OK","CHECK")) | V82: =IF(A82="","",IF(ABS(M82-N82-O82-P82)<=1,"OK","CHECK")) | W82: =IF(Q82="","",SUMIF(ProductionConfiguration!$B$5:$B$914,Q82,ProductionConfiguration!$S$5:$S$914)) | X82: =IF(A82="","",IF(R82=W82,"OK","CHECK")) | Y82: =IF(Q82="","",IF(COUNTIF($Q$5:$Q$100,Q82)=1,"OK","CHECK")) | Z82: =IF(A82="","",IF(AND(S82="OK",T82="OK",U82="OK",V82="OK",X82="OK",Y82="OK"),"OK","CHECK"))
Q83: =IF(A83="","", "PE-"&A83&"-L"&TEXT(E83,"00")&"-"&TEXT(B83,"yyyymmdd")&"-"&C83&"-"&F83) | R83: =IF(A83="","",H83*I83) | S83: =IF(A83="","",IF(AND(H83>=1,H83<=13,I83>=1,I83<=3),"OK","CHECK")) | T83: =IF(A83="","",IF(ABS(K83-(J83*H83*I83*60))<=0.5,"OK","CHECK")) | U83: =IF(A83="","",IF(ABS(M83-(K83*L83))<=1,"OK","CHECK")) | V83: =IF(A83="","",IF(ABS(M83-N83-O83-P83)<=1,"OK","CHECK")) | W83: =IF(Q83="","",SUMIF(ProductionConfiguration!$B$5:$B$914,Q83,ProductionConfiguration!$S$5:$S$914)) | X83: =IF(A83="","",IF(R83=W83,"OK","CHECK")) | Y83: =IF(Q83="","",IF(COUNTIF($Q$5:$Q$100,Q83)=1,"OK","CHECK")) | Z83: =IF(A83="","",IF(AND(S83="OK",T83="OK",U83="OK",V83="OK",X83="OK",Y83="OK"),"OK","CHECK"))
Q84: =IF(A84="","", "PE-"&A84&"-L"&TEXT(E84,"00")&"-"&TEXT(B84,"yyyymmdd")&"-"&C84&"-"&F84) | R84: =IF(A84="","",H84*I84) | S84: =IF(A84="","",IF(AND(H84>=1,H84<=13,I84>=1,I84<=3),"OK","CHECK")) | T84: =IF(A84="","",IF(ABS(K84-(J84*H84*I84*60))<=0.5,"OK","CHECK")) | U84: =IF(A84="","",IF(ABS(M84-(K84*L84))<=1,"OK","CHECK")) | V84: =IF(A84="","",IF(ABS(M84-N84-O84-P84)<=1,"OK","CHECK")) | W84: =IF(Q84="","",SUMIF(ProductionConfiguration!$B$5:$B$914,Q84,ProductionConfiguration!$S$5:$S$914)) | X84: =IF(A84="","",IF(R84=W84,"OK","CHECK")) | Y84: =IF(Q84="","",IF(COUNTIF($Q$5:$Q$100,Q84)=1,"OK","CHECK")) | Z84: =IF(A84="","",IF(AND(S84="OK",T84="OK",U84="OK",V84="OK",X84="OK",Y84="OK"),"OK","CHECK"))
Q85: =IF(A85="","", "PE-"&A85&"-L"&TEXT(E85,"00")&"-"&TEXT(B85,"yyyymmdd")&"-"&C85&"-"&F85) | R85: =IF(A85="","",H85*I85) | S85: =IF(A85="","",IF(AND(H85>=1,H85<=13,I85>=1,I85<=3),"OK","CHECK")) | T85: =IF(A85="","",IF(ABS(K85-(J85*H85*I85*60))<=0.5,"OK","CHECK")) | U85: =IF(A85="","",IF(ABS(M85-(K85*L85))<=1,"OK","CHECK")) | V85: =IF(A85="","",IF(ABS(M85-N85-O85-P85)<=1,"OK","CHECK")) | W85: =IF(Q85="","",SUMIF(ProductionConfiguration!$B$5:$B$914,Q85,ProductionConfiguration!$S$5:$S$914)) | X85: =IF(A85="","",IF(R85=W85,"OK","CHECK")) | Y85: =IF(Q85="","",IF(COUNTIF($Q$5:$Q$100,Q85)=1,"OK","CHECK")) | Z85: =IF(A85="","",IF(AND(S85="OK",T85="OK",U85="OK",V85="OK",X85="OK",Y85="OK"),"OK","CHECK"))
Q86: =IF(A86="","", "PE-"&A86&"-L"&TEXT(E86,"00")&"-"&TEXT(B86,"yyyymmdd")&"-"&C86&"-"&F86) | R86: =IF(A86="","",H86*I86) | S86: =IF(A86="","",IF(AND(H86>=1,H86<=13,I86>=1,I86<=3),"OK","CHECK")) | T86: =IF(A86="","",IF(ABS(K86-(J86*H86*I86*60))<=0.5,"OK","CHECK")) | U86: =IF(A86="","",IF(ABS(M86-(K86*L86))<=1,"OK","CHECK")) | V86: =IF(A86="","",IF(ABS(M86-N86-O86-P86)<=1,"OK","CHECK")) | W86: =IF(Q86="","",SUMIF(ProductionConfiguration!$B$5:$B$914,Q86,ProductionConfiguration!$S$5:$S$914)) | X86: =IF(A86="","",IF(R86=W86,"OK","CHECK")) | Y86: =IF(Q86="","",IF(COUNTIF($Q$5:$Q$100,Q86)=1,"OK","CHECK")) | Z86: =IF(A86="","",IF(AND(S86="OK",T86="OK",U86="OK",V86="OK",X86="OK",Y86="OK"),"OK","CHECK"))
... Q100: =IF(A100="","", "PE-"&A100&"-L"&TEXT(E100,"00")&"-"&TEXT(B100,"yyyymmdd")&"-"&C100&"-"&F100) | R100: =IF(A100="","",H100*I100) | S100: =IF(A100="","",IF(AND(H100>=1,H100<=13,I100>=1,I100<=3),"OK","CHECK")) | T100: =IF(A100="","",IF(ABS(K100-(J100*H100*I100*60))<=0.5,"OK","CHECK")) | U100: =IF(A100="","",IF(ABS(M100-(K100*L100))<=1,"OK","CHECK")) | V100: =IF(A100="","",IF(ABS(M100-N100-O100-P100)<=1,"OK","CHECK")) | W100: =IF(Q100="","",SUMIF(ProductionConfiguration!$B$5:$B$914,Q100,ProductionConfiguration!$S$5:$S$914)) | X100: =IF(A100="","",IF(R100=W100,"OK","CHECK")) | Y100: =IF(Q100="","",IF(COUNTIF($Q$5:$Q$100,Q100)=1,"OK","CHECK")) | Z100: =IF(A100="","",IF(AND(S100="OK",T100="OK",U100="OK",V100="OK",X100="OK",Y100="OK"),"OK","CHECK"))

Sheet ProductionConfiguration
A1: PRODUCTION CONFIGURATION — EVENT × SECTION
A2: Use Cavity1/2/3 overrides to record the exact active subset. Power Query can unpivot the three Active columns into cavity-grain rows.
A4: ProductionConfigID | B4: ProductionEventID | C4: FactoryCode | D4: EventDate | E4: ShiftCode | F4: CrewCode | G4: LineNumber | H4: OrderNumber | I4: SectionNumber | J4: ParentNoSections | K4: ParentNoCavities | L4: DefaultSectionActive | M4: Cavity1Override | N4: Cavity2Override | O4: Cavity3Override | P4: Cavity1Active | Q4: Cavity2Active | R4: Cavity3Active | S4: ActiveCavityCount | T4: ConfigurationSource | U4: ParentEventCheck | V4: PhysicalCapabilityCheck | W4: EventReconciliationCheck
A5: PC-PE-KG01-L21-20251020-AM-ORD-2025-00019-S01 | B5: PE-KG01-L21-20251020-AM-ORD-2025-00019 | C5: KG01 | D5: 45950 | E5: AM | F5: C | G5: 21 | H5: ORD-2025-00019 | I5: 1 | J5: 10 | K5: 3 | L5: =IF(I5<=J5,1,0) -> 1 | P5: =IF(M5="",IF(AND(L5=1,K5>=1),1,0),M5) -> 1 | Q5: =IF(N5="",IF(AND(L5=1,K5>=2),1,0),N5) -> 1 | R5: =IF(O5="",IF(AND(L5=1,K5>=3),1,0),O5) -> 1 | S5: =SUM(P5:R5) -> 3 | T5: =IF(COUNTA(M5:O5)=0,"DerivedFromCount","ManualOverride") -> DerivedFromCount | U5: =IF(COUNTIF(DailyProduction!$Q$5:$Q$100,B5)=1,"OK","CHECK") -> OK | V5: =IF(AND(I5>=1,I5<=13,K5>=1,K5<=3),"OK","CHECK") -> OK | W5: =IF(SUMIF($B$5:$B$914,B5,$S$5:$S$914)=SUMIF(DailyProduction!$Q$5:$Q$100,B5,DailyProduction!$R$5:$R$100),"OK","CHECK") -> OK
A6: PC-PE-KG01-L21-20251020-AM-ORD-2025-00019-S02 | B6: PE-KG01-L21-20251020-AM-ORD-2025-00019 | C6: KG01 | D6: 45950 | E6: AM | F6: C | G6: 21 | H6: ORD-2025-00019 | I6: 2 | J6: 10 | K6: 3 | L6: =IF(I6<=J6,1,0) -> 1 | P6: =IF(M6="",IF(AND(L6=1,K6>=1),1,0),M6) -> 1 | Q6: =IF(N6="",IF(AND(L6=1,K6>=2),1,0),N6) -> 1 | R6: =IF(O6="",IF(AND(L6=1,K6>=3),1,0),O6) -> 1 | S6: =SUM(P6:R6) -> 3 | T6: =IF(COUNTA(M6:O6)=0,"DerivedFromCount","ManualOverride") -> DerivedFromCount | U6: =IF(COUNTIF(DailyProduction!$Q$5:$Q$100,B6)=1,"OK","CHECK") -> OK | V6: =IF(AND(I6>=1,I6<=13,K6>=1,K6<=3),"OK","CHECK") -> OK | W6: =IF(SUMIF($B$5:$B$914,B6,$S$5:$S$914)=SUMIF(DailyProduction!$Q$5:$Q$100,B6,DailyProduction!$R$5:$R$100),"OK","CHECK") -> OK
A7: PC-PE-KG01-L21-20251020-AM-ORD-2025-00019-S03 | B7: PE-KG01-L21-20251020-AM-ORD-2025-00019 | C7: KG01 | D7: 45950 | E7: AM | F7: C | G7: 21 | H7: ORD-2025-00019 | I7: 3 | J7: 10 | K7: 3 | L7: =IF(I7<=J7,1,0) -> 1 | P7: =IF(M7="",IF(AND(L7=1,K7>=1),1,0),M7) -> 1 | Q7: =IF(N7="",IF(AND(L7=1,K7>=2),1,0),N7) -> 1 | R7: =IF(O7="",IF(AND(L7=1,K7>=3),1,0),O7) -> 1 | S7: =SUM(P7:R7) -> 3 | T7: =IF(COUNTA(M7:O7)=0,"DerivedFromCount","ManualOverride") -> DerivedFromCount | U7: =IF(COUNTIF(DailyProduction!$Q$5:$Q$100,B7)=1,"OK","CHECK") -> OK | V7: =IF(AND(I7>=1,I7<=13,K7>=1,K7<=3),"OK","CHECK") -> OK | W7: =IF(SUMIF($B$5:$B$914,B7,$S$5:$S$914)=SUMIF(DailyProduction!$Q$5:$Q$100,B7,DailyProduction!$R$5:$R$100),"OK","CHECK") -> OK
A8: PC-PE-KG01-L21-20251020-AM-ORD-2025-00019-S04 | B8: PE-KG01-L21-20251020-AM-ORD-2025-00019 | C8: KG01 | D8: 45950 | E8: AM | F8: C | G8: 21 | H8: ORD-2025-00019 | I8: 4 | J8: 10 | K8: 3 | L8: =IF(I8<=J8,1,0) -> 1 | P8: =IF(M8="",IF(AND(L8=1,K8>=1),1,0),M8) -> 1 | Q8: =IF(N8="",IF(AND(L8=1,K8>=2),1,0),N8) -> 1 | R8: =IF(O8="",IF(AND(L8=1,K8>=3),1,0),O8) -> 1 | S8: =SUM(P8:R8) -> 3 | T8: =IF(COUNTA(M8:O8)=0,"DerivedFromCount","ManualOverride") -> DerivedFromCount | U8: =IF(COUNTIF(DailyProduction!$Q$5:$Q$100,B8)=1,"OK","CHECK") -> OK | V8: =IF(AND(I8>=1,I8<=13,K8>=1,K8<=3),"OK","CHECK") -> OK | W8: =IF(SUMIF($B$5:$B$914,B8,$S$5:$S$914)=SUMIF(DailyProduction!$Q$5:$Q$100,B8,DailyProduction!$R$5:$R$100),"OK","CHECK") -> OK
A9: PC-PE-KG01-L21-20251020-AM-ORD-2025-00019-S05 | B9: PE-KG01-L21-20251020-AM-ORD-2025-00019 | C9: KG01 | D9: 45950 | E9: AM | F9: C | G9: 21 | H9: ORD-2025-00019 | I9: 5 | J9: 10 | K9: 3 | L9: =IF(I9<=J9,1,0) -> 1 | P9: =IF(M9="",IF(AND(L9=1,K9>=1),1,0),M9) -> 1 | Q9: =IF(N9="",IF(AND(L9=1,K9>=2),1,0),N9) -> 1 | R9: =IF(O9="",IF(AND(L9=1,K9>=3),1,0),O9) -> 1 | S9: =SUM(P9:R9) -> 3 | T9: =IF(COUNTA(M9:O9)=0,"DerivedFromCount","ManualOverride") -> DerivedFromCount | U9: =IF(COUNTIF(DailyProduction!$Q$5:$Q$100,B9)=1,"OK","CHECK") -> OK | V9: =IF(AND(I9>=1,I9<=13,K9>=1,K9<=3),"OK","CHECK") -> OK | W9: =IF(SUMIF($B$5:$B$914,B9,$S$5:$S$914)=SUMIF(DailyProduction!$Q$5:$Q$100,B9,DailyProduction!$R$5:$R$100),"OK","CHECK") -> OK
A10: PC-PE-KG01-L21-20251020-AM-ORD-2025-00019-S06 | B10: PE-KG01-L21-20251020-AM-ORD-2025-00019 | C10: KG01 | D10: 45950 | E10: AM | F10: C | G10: 21 | H10: ORD-2025-00019 | I10: 6 | J10: 10 | K10: 3 | L10: =IF(I10<=J10,1,0) -> 1 | P10: =IF(M10="",IF(AND(L10=1,K10>=1),1,0),M10) -> 1 | Q10: =IF(N10="",IF(AND(L10=1,K10>=2),1,0),N10) -> 1 | R10: =IF(O10="",IF(AND(L10=1,K10>=3),1,0),O10) -> 1 | S10: =SUM(P10:R10) -> 3 | T10: =IF(COUNTA(M10:O10)=0,"DerivedFromCount","ManualOverride") -> DerivedFromCount | U10: =IF(COUNTIF(DailyProduction!$Q$5:$Q$100,B10)=1,"OK","CHECK") -> OK | V10: =IF(AND(I10>=1,I10<=13,K10>=1,K10<=3),"OK","CHECK") -> OK | W10: =IF(SUMIF($B$5:$B$914,B10,$S$5:$S$914)=SUMIF(DailyProduction!$Q$5:$Q$100,B10,DailyProduction!$R$5:$R$100),"OK","CHECK") -> OK
A11: PC-PE-KG01-L21-20251020-AM-ORD-2025-00019-S07 | B11: PE-KG01-L21-20251020-AM-ORD-2025-00019 | C11: KG01 | D11: 45950 | E11: AM | F11: C | G11: 21 | H11: ORD-2025-00019 | I11: 7 | J11: 10 | K11: 3 | L11: =IF(I11<=J11,1,0) -> 1 | P11: =IF(M11="",IF(AND(L11=1,K11>=1),1,0),M11) -> 1 | Q11: =IF(N11="",IF(AND(L11=1,K11>=2),1,0),N11) -> 1 | R11: =IF(O11="",IF(AND(L11=1,K11>=3),1,0),O11) -> 1 | S11: =SUM(P11:R11) -> 3 | T11: =IF(COUNTA(M11:O11)=0,"DerivedFromCount","ManualOverride") -> DerivedFromCount | U11: =IF(COUNTIF(DailyProduction!$Q$5:$Q$100,B11)=1,"OK","CHECK") -> OK | V11: =IF(AND(I11>=1,I11<=13,K11>=1,K11<=3),"OK","CHECK") -> OK | W11: =IF(SUMIF($B$5:$B$914,B11,$S$5:$S$914)=SUMIF(DailyProduction!$Q$5:$Q$100,B11,DailyProduction!$R$5:$R$100),"OK","CHECK") -> OK
A12: PC-PE-KG01-L21-20251020-AM-ORD-2025-00019-S08 | B12: PE-KG01-L21-20251020-AM-ORD-2025-00019 | C12: KG01 | D12: 45950 | E12: AM | F12: C | G12: 21 | H12: ORD-2025-00019 | I12: 8 | J12: 10 | K12: 3 | L12: =IF(I12<=J12,1,0) -> 1 | P12: =IF(M12="",IF(AND(L12=1,K12>=1),1,0),M12) -> 1 | Q12: =IF(N12="",IF(AND(L12=1,K12>=2),1,0),N12) -> 1 | R12: =IF(O12="",IF(AND(L12=1,K12>=3),1,0),O12) -> 1 | S12: =SUM(P12:R12) -> 3 | T12: =IF(COUNTA(M12:O12)=0,"DerivedFromCount","ManualOverride") -> DerivedFromCount | U12: =IF(COUNTIF(DailyProduction!$Q$5:$Q$100,B12)=1,"OK","CHECK") -> OK | V12: =IF(AND(I12>=1,I12<=13,K12>=1,K12<=3),"OK","CHECK") -> OK | W12: =IF(SUMIF($B$5:$B$914,B12,$S$5:$S$914)=SUMIF(DailyProduction!$Q$5:$Q$100,B12,DailyProduction!$R$5:$R$100),"OK","CHECK") -> OK
A13: PC-PE-KG01-L21-20251020-AM-ORD-2025-00019-S09 | B13: PE-KG01-L21-20251020-AM-ORD-2025-00019 | C13: KG01 | D13: 45950 | E13: AM | F13: C | G13: 21 | H13: ORD-2025-00019 | I13: 9 | J13: 10 | K13: 3 | L13: =IF(I13<=J13,1,0) -> 1 | P13: =IF(M13="",IF(AND(L13=1,K13>=1),1,0),M13) -> 1 | Q13: =IF(N13="",IF(AND(L13=1,K13>=2),1,0),N13) -> 1 | R13: =IF(O13="",IF(AND(L13=1,K13>=3),1,0),O13) -> 1 | S13: =SUM(P13:R13) -> 3 | T13: =IF(COUNTA(M13:O13)=0,"DerivedFromCount","ManualOverride") -> DerivedFromCount | U13: =IF(COUNTIF(DailyProduction!$Q$5:$Q$100,B13)=1,"OK","CHECK") -> OK | V13: =IF(AND(I13>=1,I13<=13,K13>=1,K13<=3),"OK","CHECK") -> OK | W13: =IF(SUMIF($B$5:$B$914,B13,$S$5:$S$914)=SUMIF(DailyProduction!$Q$5:$Q$100,B13,DailyProduction!$R$5:$R$100),"OK","CHECK") -> OK
A14: PC-PE-KG01-L21-20251020-AM-ORD-2025-00019-S10 | B14: PE-KG01-L21-20251020-AM-ORD-2025-00019 | C14: KG01 | D14: 45950 | E14: AM | F14: C | G14: 21 | H14: ORD-2025-00019 | I14: 10 | J14: 10 | K14: 3 | L14: =IF(I14<=J14,1,0) -> 1 | P14: =IF(M14="",IF(AND(L14=1,K14>=1),1,0),M14) -> 1 | Q14: =IF(N14="",IF(AND(L14=1,K14>=2),1,0),N14) -> 1 | R14: =IF(O14="",IF(AND(L14=1,K14>=3),1,0),O14) -> 1 | S14: =SUM(P14:R14) -> 3 | T14: =IF(COUNTA(M14:O14)=0,"DerivedFromCount","ManualOverride") -> DerivedFromCount | U14: =IF(COUNTIF(DailyProduction!$Q$5:$Q$100,B14)=1,"OK","CHECK") -> OK | V14: =IF(AND(I14>=1,I14<=13,K14>=1,K14<=3),"OK","CHECK") -> OK | W14: =IF(SUMIF($B$5:$B$914,B14,$S$5:$S$914)=SUMIF(DailyProduction!$Q$5:$Q$100,B14,DailyProduction!$R$5:$R$100),"OK","CHECK") -> OK
A15: PC-PE-KG01-L21-20251020-AM-ORD-2025-00019-S11 | B15: PE-KG01-L21-20251020-AM-ORD-2025-00019 | C15: KG01 | D15: 45950 | E15: AM | F15: C | G15: 21 | H15: ORD-2025-00019 | I15: 11 | J15: 10 | K15: 3 | L15: =IF(I15<=J15,1,0) -> 0 | P15: =IF(M15="",IF(AND(L15=1,K15>=1),1,0),M15) -> 0 | Q15: =IF(N15="",IF(AND(L15=1,K15>=2),1,0),N15) -> 0 | R15: =IF(O15="",IF(AND(L15=1,K15>=3),1,0),O15) -> 0 | S15: =SUM(P15:R15) -> 0 | T15: =IF(COUNTA(M15:O15)=0,"DerivedFromCount","ManualOverride") -> DerivedFromCount | U15: =IF(COUNTIF(DailyProduction!$Q$5:$Q$100,B15)=1,"OK","CHECK") -> OK | V15: =IF(AND(I15>=1,I15<=13,K15>=1,K15<=3),"OK","CHECK") -> OK | W15: =IF(SUMIF($B$5:$B$914,B15,$S$5:$S$914)=SUMIF(DailyProduction!$Q$5:$Q$100,B15,DailyProduction!$R$5:$R$100),"OK","CHECK") -> OK
A16: PC-PE-KG01-L21-20251020-AM-ORD-2025-00019-S12 | B16: PE-KG01-L21-20251020-AM-ORD-2025-00019 | C16: KG01 | D16: 45950 | E16: AM | F16: C | G16: 21 | H16: ORD-2025-00019 | I16: 12 | J16: 10 | K16: 3 | L16: =IF(I16<=J16,1,0) -> 0 | P16: =IF(M16="",IF(AND(L16=1,K16>=1),1,0),M16) -> 0 | Q16: =IF(N16="",IF(AND(L16=1,K16>=2),1,0),N16) -> 0 | R16: =IF(O16="",IF(AND(L16=1,K16>=3),1,0),O16) -> 0 | S16: =SUM(P16:R16) -> 0 | T16: =IF(COUNTA(M16:O16)=0,"DerivedFromCount","ManualOverride") -> DerivedFromCount | U16: =IF(COUNTIF(DailyProduction!$Q$5:$Q$100,B16)=1,"OK","CHECK") -> OK | V16: =IF(AND(I16>=1,I16<=13,K16>=1,K16<=3),"OK","CHECK") -> OK | W16: =IF(SUMIF($B$5:$B$914,B16,$S$5:$S$914)=SUMIF(DailyProduction!$Q$5:$Q$100,B16,DailyProduction!$R$5:$R$100),"OK","CHECK") -> OK
... A914: PC-PE-KG01-L25-20251026-PM-ORD-2025-00162-S13 | B914: PE-KG01-L25-20251026-PM-ORD-2025-00162 | C914: KG01 | D914: 45956 | E914: PM | F914: A | G914: 25 | H914: ORD-2025-00162 | I914: 13 | J914: 8 | K914: 3 | L914: =IF(I914<=J914,1,0) -> 0 | P914: =IF(M914="",IF(AND(L914=1,K914>=1),1,0),M914) -> 0 | Q914: =IF(N914="",IF(AND(L914=1,K914>=2),1,0),N914) -> 0 | R914: =IF(O914="",IF(AND(L914=1,K914>=3),1,0),O914) -> 0 | S914: =SUM(P914:R914) -> 0 | T914: =IF(COUNTA(M914:O914)=0,"DerivedFromCount","ManualOverride") -> DerivedFromCount | U914: =IF(COUNTIF(DailyProduction!$Q$5:$Q$100,B914)=1,"OK","CHECK") -> OK | V914: =IF(AND(I914>=1,I914<=13,K914>=1,K914<=3),"OK","CHECK") -> OK | W914: =IF(SUMIF($B$5:$B$914,B914,$S$5:$S$914)=SUMIF(DailyProduction!$Q$5:$Q$100,B914,DailyProduction!$R$5:$R$100),"OK","CHECK") -> OK

Sheet _ValidationLists
A1: LineNumber | B1: ShiftCode | C1: CrewCode | D1: OrderNumber | E1: AssetLevel | F1: LossArea | G1: ActiveOverride | H1: AssetScopeKey
A2: 21 | B2: AM | C2: A | D2: ORD-2025-00019 | E2: Line | F2: T1 | G2: 0 | H2: L21
A3: 22 | B3: PM | C3: B | D3: ORD-2025-00020 | E3: Section | F3: T2 | G3: 1 | H3: L21-S01
A4: 23 | C4: C | D4: ORD-2025-00021 | E4: Cavity | F4: Trial | H4: L21-S01-C1
A5: 24 | D5: ORD-2025-00055 | F5: HE | H5: L21-S01-C2
A6: 25 | D6: ORD-2025-00056 | F6: CE | H6: L21-S01-C3
D7: ORD-2025-00057 | F7: Palletizer | H7: L21-S02
D8: ORD-2025-00058 | H8: L21-S02-C1
D9: ORD-2025-00092 | H9: L21-S02-C2
D10: ORD-2025-00093 | H10: L21-S02-C3
D11: ORD-2025-00094 | H11: L21-S03
D12: ORD-2025-00124 | H12: L21-S03-C1
D13: ORD-2025-00125 | H13: L21-S03-C2
D14: ORD-2025-00126 | H14: L21-S03-C3
D15: ORD-2025-00161 | H15: L21-S04
D16: ORD-2025-00162 | H16: L21-S04-C1
H17: L21-S04-C2
H18: L21-S04-C3
H19: L21-S05
H20: L21-S05-C1
H21: L21-S05-C2
H22: L21-S05-C3
H23: L21-S06
H24: L21-S06-C1
H25: L21-S06-C2
H26: L21-S06-C3
H27: L21-S07
H28: L21-S07-C1
... H266: L25-S13-C3
