Workbook

Sheet Sheet1
A2: Month | B2: Date | C2: Product code | D2: Job change Type | E2: Job order | F2: Shift | G2: Line | H2: Stop machine | I2: Trail | J2: Mechanical work T1(hr.) | K2: Start forming | L2: Forming time T2 | M2: HE downtime | N2: HE Downtime reason | O2: lehr entry without Breakdown | P2: lehr entry with Breakdown | Q2: Leht time | R2: CE | S2: Ready to pass time | T2: CE losses | U2: Delay Reason | V2: reson | W2: Issue | X2: 1st packed layer | Y2: Palletizer losses | Z2: Delayed Packed reason | AA2: 24 hr. Eff% | AB2: T1 taregt | AC2: T2 Target | AD2: Trial losses | AE2: T1 lossess | AF2: T2 losses | AG2: CE losses% | AH2: Plletizer losses% | AI2: HE break down % | AJ2: Extra losses T1 % | AK2: Extra losses T2 % | AL2: Total job change losses | AM2: Theritical Eff% | AN2: Eff. Gap
A3: =MONTH(B3) -> 6 | B3: 46174 | C3: HOT 6 | D3: Process Change | F3: A/AM | G3: L21 | H3: 0.35416667 | I3: 5 | J3: 0 | K3: =H3+(I3/24)+(J3/24) -> 0.5625 | L3: 1 | M3: 0 | O3: =K3+(L3/24) -> 0.60416667 | P3: =K3+(L3/24)+(M3/24) -> 0.60416667 | Q3: 0.7 | R3: =P3+(Q3/24) -> 0.63333333 | S3: 0.63333333 | T3: =S3-R3 -> 0 | X3: 0.63541667 | Y3: =X3-S3 -> 0.0020833333 | AA3: 0.72 | AB3: =VLOOKUP(D3,Sheet2!J:K,2,0) -> 3 | AC3: =VLOOKUP(D3,Sheet2!J:L,3,0) -> 1 | AD3: =I3/24 -> 0.20833333 | AE3: =J3/24 -> 0 | AF3: =L3/24 -> 0.041666667 | AG3: =T3/24 -> 0 | AH3: =Y3/24 -> 8.6805556e-05 | AI3: =M3/24 -> 0 | AJ3: =IF(I3<>0,0,(J3-AB3)/24) -> 0 | AK3: =(L3-AC3)/24 -> 0 | AL3: =AD3+AE3+AF3+AG3+AH3+AI3 -> 0.25008681 | AM3: =1-AL3 -> 0.74991319 | AN3: =AM3-AA3 -> 0.029913194
A4: =MONTH(B4) -> 6 | B4: 46177 | C4: SPC 4 | D4: Medium Change | F4: C/AM | G4: L23 | H4: 0.35416667 | I4: 0 | J4: 1.25 | K4: =H4+(I4/24)+(J4/24) -> 0.40625 | L4: 3 | M4: 0.5 | N4: Shear | O4: =K4+(L4/24) -> 0.53125 | P4: =K4+(L4/24)+(M4/24) -> 0.55208333 | Q4: 1.5 | R4: =P4+(Q4/24) -> 0.61458333 | S4: 0.64583333 | T4: =S4-R4 -> 0.03125 | U4: CE Issue | V4: Conveyor | X4: 0.66666667 | Y4: =X4-S4 -> 0.020833333 | Z4: Palletizer | AA4: 0.79991319 | AB4: =VLOOKUP(D4,Sheet2!J:K,2,0) -> 1 | AC4: =VLOOKUP(D4,Sheet2!J:L,3,0) -> 1 | AD4: =I4/24 -> 0 | AE4: =J4/24 -> 0.052083333 | AF4: =L4/24 -> 0.125 | AG4: =T4/24 -> 0.0013020833 | AH4: =Y4/24 -> 0.00086805556 | AI4: =M4/24 -> 0.020833333 | AJ4: =IF(I4<>0,0,(J4-AB4)/24) -> 0.010416667 | AK4: =(L4-AC4)/24 -> 0.083333333 | AL4: =AD4+AE4+AF4+AG4+AH4+AI4 -> 0.20008681 | AM4: =1-AL4 -> 0.79991319 | AN4: =AM4-AA4 -> 0
A5: =MONTH(B5) -> 6 | B5: 46180 | C5: CRV 300 | D5: Medium Change | F5: A/PM | G5: L22 | H5: 0.35416667 | I5: 8 | J5: 0 | K5: =H5+(I5/24)+(J5/24) -> 0.6875 | L5: 2 | M5: 0 | O5: =K5+(L5/24) -> 0.77083333 | P5: =K5+(L5/24)+(M5/24) -> 0.77083333 | Q5: 1 | R5: =P5+(Q5/24) -> 0.8125 | S5: 0.8125 | T5: =S5-R5 -> 0 | X5: 0.81944444 | Y5: =X5-S5 -> 0.0069444444 | AA5: 0.58304398 | AB5: =VLOOKUP(D5,Sheet2!J:K,2,0) -> 1 | AC5: =VLOOKUP(D5,Sheet2!J:L,3,0) -> 1 | AD5: =I5/24 -> 0.33333333 | AE5: =J5/24 -> 0 | AF5: =L5/24 -> 0.083333333 | AG5: =T5/24 -> 0 | AH5: =Y5/24 -> 0.00028935185 | AI5: =M5/24 -> 0 | AJ5: =IF(I5<>0,0,(J5-AB5)/24) -> 0 | AK5: =(L5-AC5)/24 -> 0.041666667 | AL5: =AD5+AE5+AF5+AG5+AH5+AI5 -> 0.41695602 | AM5: =1-AL5 -> 0.58304398 | AN5: =AM5-AA5 -> 0
A6: =MONTH(B6) -> 6 | B6: 46177 | C6: CYL 350 | D6: Process Change | F6: D/PM | G6: L24 | H6: 0.35416667 | I6: 0 | J6: 3 | K6: =H6+(I6/24)+(J6/24) -> 0.47916667 | L6: 1 | M6: 1.3 | N6: Machine | O6: =K6+(L6/24) -> 0.52083333 | P6: =K6+(L6/24)+(M6/24) -> 0.575 | Q6: 0.7 | R6: =P6+(Q6/24) -> 0.60416667 | S6: 0.625 | T6: =S6-R6 -> 0.020833333 | U6: Forming Issue | V6: Defect | X6: 0.62638889 | Y6: =X6-S6 -> 0.0013888889 | AA6: 0.77824074 | AB6: =VLOOKUP(D6,Sheet2!J:K,2,0) -> 3 | AC6: =VLOOKUP(D6,Sheet2!J:L,3,0) -> 1 | AD6: =I6/24 -> 0 | AE6: =J6/24 -> 0.125 | AF6: =L6/24 -> 0.041666667 | AG6: =T6/24 -> 0.00086805556 | AH6: =Y6/24 -> 5.787037e-05 | AI6: =M6/24 -> 0.054166667 | AJ6: =IF(I6<>0,0,(J6-AB6)/24) -> 0 | AK6: =(L6-AC6)/24 -> 0 | AL6: =AD6+AE6+AF6+AG6+AH6+AI6 -> 0.22175926 | AM6: =1-AL6 -> 0.77824074 | AN6: =AM6-AA6 -> 0
A7: =MONTH(B7) -> 6 | B7: 46182 | C7: MYO 12 | D7: Small Change | F7: A/AM | G7: L25 | H7: 0.35416667 | I7: 0 | J7: 1 | K7: =H7+(I7/24)+(J7/24) -> 0.39583333 | L7: 2 | M7: 0 | O7: =K7+(L7/24) -> 0.47916667 | P7: =K7+(L7/24)+(M7/24) -> 0.47916667 | Q7: 0.5 | R7: =P7+(Q7/24) -> 0.5 | S7: 0.625 | T7: =S7-R7 -> 0.125 | U7: CE Issue | V7: lowerator | X7: 0.66666667 | Y7: =X7-S7 -> 0.041666667 | Z7: Palletizer | AA7: 0.86805556 | AB7: =VLOOKUP(D7,Sheet2!J:K,2,0) -> 0.5 | AC7: =VLOOKUP(D7,Sheet2!J:L,3,0) -> 1 | AD7: =I7/24 -> 0 | AE7: =J7/24 -> 0.041666667 | AF7: =L7/24 -> 0.083333333 | AG7: =T7/24 -> 0.0052083333 | AH7: =Y7/24 -> 0.0017361111 | AI7: =M7/24 -> 0 | AJ7: =IF(I7<>0,0,(J7-AB7)/24) -> 0.020833333 | AK7: =(L7-AC7)/24 -> 0.041666667 | AL7: =AD7+AE7+AF7+AG7+AH7+AI7 -> 0.13194444 | AM7: =1-AL7 -> 0.86805556 | AN7: =AM7-AA7 -> 0
A8: =MONTH(B8) -> 6 | B8: 46182 | C8: CON 110 | D8: Process Change | F8: C/PM | G8: L23 | H8: 0.4375 | I8: 5 | J8: 0 | K8: =H8+(I8/24)+(J8/24) -> 0.64583333 | L8: 2 | M8: 0.5 | N8: Machine | O8: =K8+(L8/24) -> 0.72916667 | P8: =K8+(L8/24)+(M8/24) -> 0.75 | Q8: 1 | R8: =P8+(Q8/24) -> 0.79166667 | S8: 0.8125 | T8: =S8-R8 -> 0.020833333 | U8: Forming Issue | V8: Defect | X8: 0.81597222 | Y8: =X8-S8 -> 0.0034722222 | AA8: 0.68648727 | AB8: =VLOOKUP(D8,Sheet2!J:K,2,0) -> 3 | AC8: =VLOOKUP(D8,Sheet2!J:L,3,0) -> 1 | AD8: =I8/24 -> 0.20833333 | AE8: =J8/24 -> 0 | AF8: =L8/24 -> 0.083333333 | AG8: =T8/24 -> 0.00086805556 | AH8: =Y8/24 -> 0.00014467593 | AI8: =M8/24 -> 0.020833333 | AJ8: =IF(I8<>0,0,(J8-AB8)/24) -> 0 | AK8: =(L8-AC8)/24 -> 0.041666667 | AL8: =AD8+AE8+AF8+AG8+AH8+AI8 -> 0.31351273 | AM8: =1-AL8 -> 0.68648727 | AN8: =AM8-AA8 -> 0
A9: =MONTH(B9) -> 6 | B9: 46184 | C9: MYO 14 | D9: Medium Change | F9: A/AM | G9: L25 | H9: 0.4375 | I9: 6 | J9: 0 | K9: =H9+(I9/24)+(J9/24) -> 0.6875 | L9: 2.5 | M9: 0.5 | N9: Machine | O9: =K9+(L9/24) -> 0.79166667 | P9: =K9+(L9/24)+(M9/24) -> 0.8125 | Q9: 0.7 | R9: =P9+(Q9/24) -> 0.84166667 | S9: 0.91666667 | T9: =S9-R9 -> 0.075 | U9: Forming Issue | V9: Defect | X9: 0.95833333 | Y9: =X9-S9 -> 0.041666667 | Z9: Palletizer | AA9: 0.62013889 | AB9: =VLOOKUP(D9,Sheet2!J:K,2,0) -> 1 | AC9: =VLOOKUP(D9,Sheet2!J:L,3,0) -> 1 | AD9: =I9/24 -> 0.25 | AE9: =J9/24 -> 0 | AF9: =L9/24 -> 0.10416667 | AG9: =T9/24 -> 0.003125 | AH9: =Y9/24 -> 0.0017361111 | AI9: =M9/24 -> 0.020833333 | AJ9: =IF(I9<>0,0,(J9-AB9)/24) -> 0 | AK9: =(L9-AC9)/24 -> 0.0625 | AL9: =AD9+AE9+AF9+AG9+AH9+AI9 -> 0.37986111 | AM9: =1-AL9 -> 0.62013889 | AN9: =AM9-AA9 -> 0
A10: =MONTH(B10) -> 6 | B10: 46187 | C10: HNZ 150 | D10: Big Change | F10: B/PM | G10: L21 | H10: 0.4375 | I10: 0 | J10: 3 | K10: =H10+(I10/24)+(J10/24) -> 0.5625 | L10: 5 | M10: 0.5 | N10: Machine | O10: =K10+(L10/24) -> 0.77083333 | P10: =K10+(L10/24)+(M10/24) -> 0.79166667 | Q10: 0.7 | R10: =P10+(Q10/24) -> 0.82083333 | S10: 0.85416667 | T10: =S10-R10 -> 0.033333333 | U10: CE Issue | V10: Inspection machine | X10: 0.85416667 | Y10: =X10-S10 -> 0 | AA10: 0.64444444 | AB10: =VLOOKUP(D10,Sheet2!J:K,2,0) -> 2 | AC10: =VLOOKUP(D10,Sheet2!J:L,3,0) -> 1 | AD10: =I10/24 -> 0 | AE10: =J10/24 -> 0.125 | AF10: =L10/24 -> 0.20833333 | AG10: =T10/24 -> 0.0013888889 | AH10: =Y10/24 -> 0 | AI10: =M10/24 -> 0.020833333 | AJ10: =IF(I10<>0,0,(J10-AB10)/24) -> 0.041666667 | AK10: =(L10-AC10)/24 -> 0.16666667 | AL10: =AD10+AE10+AF10+AG10+AH10+AI10 -> 0.35555556 | AM10: =1-AL10 -> 0.64444444 | AN10: =AM10-AA10 -> 0
A11: =MONTH(B11) -> 6 | B11: 46193 | C11: OLE 50 | D11: Medium Change | F11: D/AM | G11: L21 | H11: 0.4375 | I11: 0 | J11: 3 | K11: =H11+(I11/24)+(J11/24) -> 0.5625 | L11: 2 | M11: 0.5 | N11: Machine | O11: =K11+(L11/24) -> 0.64583333 | P11: =K11+(L11/24)+(M11/24) -> 0.66666667 | Q11: 0.7 | R11: =P11+(Q11/24) -> 0.69583333 | S11: 0.69583333 | T11: =S11-R11 -> 0 | X11: 0.69583333 | Y11: =X11-S11 -> 0 | AA11: 0.77083333 | AB11: =VLOOKUP(D11,Sheet2!J:K,2,0) -> 1 | AC11: =VLOOKUP(D11,Sheet2!J:L,3,0) -> 1 | AD11: =I11/24 -> 0 | AE11: =J11/24 -> 0.125 | AF11: =L11/24 -> 0.083333333 | AG11: =T11/24 -> 0 | AH11: =Y11/24 -> 0 | AI11: =M11/24 -> 0.020833333 | AJ11: =IF(I11<>0,0,(J11-AB11)/24) -> 0.083333333 | AK11: =(L11-AC11)/24 -> 0.041666667 | AL11: =AD11+AE11+AF11+AG11+AH11+AI11 -> 0.22916667 | AM11: =1-AL11 -> 0.77083333 | AN11: =AM11-AA11 -> 0
A12: =MONTH(B12) -> 6 | B12: 46196 | C12: HLW 316 | D12: Big Change | F12: C/PM | G12: L23 | H12: 0.4375 | I12: 0 | J12: 2 | K12: =H12+(I12/24)+(J12/24) -> 0.52083333 | L12: 6 | M12: 0.5 | N12: Machine | O12: =K12+(L12/24) -> 0.77083333 | P12: =K12+(L12/24)+(M12/24) -> 0.79166667 | Q12: 0.7 | R12: =P12+(Q12/24) -> 0.82083333 | S12: 0.82291667 | T12: =S12-R12 -> 0.0020833333 | X12: 0.83333333 | Y12: =X12-S12 -> 0.010416667 | Z12: Palletizer | AA12: 0.6453125 | AB12: =VLOOKUP(D12,Sheet2!J:K,2,0) -> 2 | AC12: =VLOOKUP(D12,Sheet2!J:L,3,0) -> 1 | AD12: =I12/24 -> 0 | AE12: =J12/24 -> 0.083333333 | AF12: =L12/24 -> 0.25 | AG12: =T12/24 -> 8.6805556e-05 | AH12: =Y12/24 -> 0.00043402778 | AI12: =M12/24 -> 0.020833333 | AJ12: =IF(I12<>0,0,(J12-AB12)/24) -> 0 | AK12: =(L12-AC12)/24 -> 0.20833333 | AL12: =AD12+AE12+AF12+AG12+AH12+AI12 -> 0.3546875 | AM12: =1-AL12 -> 0.6453125 | AN12: =AM12-AA12 -> 0
A200: =MONTH(B200) -> 1 | B200: 46415
A201: =MONTH(B201) -> 1 | B201: 46416

Sheet Sheet2
K2: T1 | L2: T2
B3: A/AM | C3: L21 | E3: New product | G3: Forming Issue | H3: Palletizer | J3: Small Change | K3: 0.5 | L3: 1
B4: B/AM | C4: L22 | E4: Resort | G4: CE Issue | H4: Inspection machine | J4: Medium Change | K4: 1 | L4: 1
B5: C/AM | C5: L23 | E5: Break down | H5: Conveyor | J5: Big Change | K5: 2 | L5: 1
B6: D/AM | C6: L24 | H6: lowerator | J6: Process Change | K6: 3 | L6: 1
B7: A/PM | C7: L25 | H7: Defect
B8: B/PM | H8: Resort
B9: C/PM | H9: New product | K9: 0.020833333 | L9: 0.041666667
B10: D/PM | K10: 0.041666667 | L10: 0.041666667
K11: 0.083333333 | L11: 0.041666667
K12: 0.125 | L12: 0.041666667
