Workbook

Sheet ReadMe
A1: Factory Quality Defect Tracker
A2: Star-schema data model for daily Power BI reporting across Lines 21-25
A5: Sheet | B5: Purpose | C5: Sheet Type
A6: Data_Entry | B6: Operators log new defects here daily (yellow cells, dropdown lists). | C6: Input
A7: Summary_MoltenUnits | B7: Daily Total Molten Units per Line/Shift/Product (input by ops/planning). | C7: Input / Fact 2
A8: Fact_Quality_Defects | B8: Auto-calculated transaction fact table. Import THIS into Power BI. | C8: Fact 1
A9: Dim_Date | B9: Calendar dimension. | C9: Dimension
A10: Dim_Line | B10: Production line dimension (21-25). | C10: Dimension
A11: Dim_Shift | B11: Shift dimension. | C11: Dimension
A12: Dim_Product | B12: Product code dimension. | C12: Dimension
A13: Dim_Defect | B13: Defect catalogue, linked to classification. | C13: Dimension
A14: Dim_Classification | B14: Critical / Major / Minor severity dimension. | C14: Dimension
A15: Dim_Status | B15: Hold / Resorted / Move to Cullet disposition dimension. | C15: Dimension
A18: Daily Workflow
A19: 1. Operators add one row per defect found in Data_Entry (dropdowns for Line/Shift/Product/Defect/Status).
A20: 2. Planning/production enters Total Molten Units per Line/Shift/Product/Day in Summary_MoltenUnits.
A21: 3. Fact_Quality_Defects recalculates automatically (extend formulas down for new Data_Entry rows).
A22: 4. Power BI refreshes from Fact_Quality_Defects, Summary_MoltenUnits and the Dim_ tables.
A25: Extending the workbook
A26: To add new daily records: insert new Excel Table rows in Data_Entry (Ctrl+T tables auto-expand); then copy the last row's formulas down in Fact_Quality_Defects for the matching row count.

Sheet Data_Entry
A1: Data Entry - Daily Defect Log
A2: Operators fill ONLY the yellow columns. Pick values from the dropdowns.
A4: RecordID | B4: Date | C4: Line | D4: Shift | E4: ProductCode | F4: DefectName | G4: NumberOfPallets | H4: ArticlesPerPallet | I4: Status
A5: =ROW()-4 -> 1 | B5: 46174 | C5: L21 | D5: AMA | E5: PC-2101 | F5: Crack | G5: 2 | H5: 48 | I5: Hold
A6: =ROW()-4 -> 2 | B6: 46175 | C6: L22 | D6: AMB | E6: PC-2202 | F6: Warpage | G6: 5 | H6: 60 | I6: Resorted
A7: =ROW()-4 -> 3 | B7: 46176 | C7: L23 | D7: AMC | E7: PC-2301 | F7: Contamination | G7: 4 | H7: 60 | I7: Move to Cullet
A8: =ROW()-4 -> 4 | B8: 46177 | C8: L24 | D8: AMD | E8: PC-2402 | F8: Short Fill | G8: 2 | H8: 48 | I8: Hold
A9: =ROW()-4 -> 5 | B9: 46178 | C9: L25 | D9: AMA | E9: PC-2501 | F9: Warpage | G9: 7 | H9: 48 | I9: Resorted
A10: =ROW()-4 -> 6 | B10: 46179 | C10: L22 | D10: PMB | E10: PC-2102 | F10: Dimension Out of Spec | G10: 1 | H10: 48 | I10: Move to Cullet
A11: =ROW()-4 -> 7 | B11: 46174 | C11: L23 | D11: PMC | E11: PC-2201 | F11: Flash | G11: 4 | H11: 60 | I11: Hold
A12: =ROW()-4 -> 8 | B12: 46175 | C12: L21 | D12: PMD | E12: PC-2302 | F12: Color Mismatch | G12: 1 | H12: 60 | I12: Resorted
A13: =ROW()-4 -> 9 | B13: 46176 | C13: L25 | D13: AMD | E13: PC-2401 | F13: Bubble | G13: 7 | H13: 60 | I13: Move to Cullet
A14: =ROW()-4 -> 10 | B14: 46177 | C14: L23 | D14: AMA | E14: PC-2502 | F14: Scratch | G14: 8 | H14: 72 | I14: Hold
A15: =ROW()-4 -> 11 | B15: 46178 | C15: L24 | D15: AMB | E15: PC-2101 | F15: Crack | G15: 1 | H15: 60 | I15: Resorted
A16: =ROW()-4 -> 12 | B16: 46179 | C16: L24 | D16: AMC | E16: PC-2202 | F16: Foreign Material | G16: 7 | H16: 72 | I16: Move to Cullet
... A20: =ROW()-4 -> 16 | B20: 46180 | C20: L23 | D20: AMD | E20: PC-2202 | F20: Contamination | G20: 4 | H20: 48 | I20: Resorted
A34: Instructions: 1) Choose Date. 2) Pick Line, Shift, ProductCode, DefectName, Status from dropdown lists (sourced from dimension tables). 3) Enter NumberOfPallets and ArticlesPerPallet. All other calculations happen automatically in Fact_Quality_Defects - do not edit that sheet directly.

Sheet Summary_MoltenUnits
A1: Summary_MoltenUnits
A2: Daily Total Molten Units by Line / Shift / Product (input by production team)
A4: MoltenRecordID | B4: Date | C4: LineID | D4: ShiftID | E4: ProductCode | F4: TotalMoltenUnits | G4: MoltenKey
A5: 1 | B5: 46174 | C5: L21 | D5: AMA | E5: PC-2101 | F5: 44898 | G5: =TEXT(B5,"yyyymmdd")&"|"&C5&"|"&D5&"|"&E5 -> 20260601|L21|AMA|PC-2101
A6: 2 | B6: 46174 | C6: L22 | D6: PMC | E6: PC-2201 | F6: 26338 | G6: =TEXT(B6,"yyyymmdd")&"|"&C6&"|"&D6&"|"&E6 -> 20260601|L22|PMC|PC-2201
A7: 3 | B7: 46174 | C7: L23 | D7: AMD | E7: PC-2301 | F7: 43526 | G7: =TEXT(B7,"yyyymmdd")&"|"&C7&"|"&D7&"|"&E7 -> 20260601|L23|AMD|PC-2301
A8: 4 | B8: 46175 | C8: L22 | D8: AMB | E8: PC-2202 | F8: 42541 | G8: =TEXT(B8,"yyyymmdd")&"|"&C8&"|"&D8&"|"&E8 -> 20260602|L22|AMB|PC-2202
A9: 5 | B9: 46175 | C9: L23 | D9: PMD | E9: PC-2302 | F9: 59565 | G9: =TEXT(B9,"yyyymmdd")&"|"&C9&"|"&D9&"|"&E9 -> 20260602|L23|PMD|PC-2302
A10: 6 | B10: 46175 | C10: L24 | D10: AMA | E10: PC-2402 | F10: 37335 | G10: =TEXT(B10,"yyyymmdd")&"|"&C10&"|"&D10&"|"&E10 -> 20260602|L24|AMA|PC-2402
A11: 7 | B11: 46176 | C11: L23 | D11: AMC | E11: PC-2301 | F11: 22847 | G11: =TEXT(B11,"yyyymmdd")&"|"&C11&"|"&D11&"|"&E11 -> 20260603|L23|AMC|PC-2301
A12: 8 | B12: 46176 | C12: L24 | D12: PMA | E12: PC-2401 | F12: 50108 | G12: =TEXT(B12,"yyyymmdd")&"|"&C12&"|"&D12&"|"&E12 -> 20260603|L24|PMA|PC-2401
A13: 9 | B13: 46176 | C13: L25 | D13: PMB | E13: PC-2501 | F13: 55142 | G13: =TEXT(B13,"yyyymmdd")&"|"&C13&"|"&D13&"|"&E13 -> 20260603|L25|PMB|PC-2501
A14: 10 | B14: 46177 | C14: L24 | D14: AMD | E14: PC-2402 | F14: 28180 | G14: =TEXT(B14,"yyyymmdd")&"|"&C14&"|"&D14&"|"&E14 -> 20260604|L24|AMD|PC-2402
A15: 11 | B15: 46177 | C15: L25 | D15: AMA | E15: PC-2502 | F15: 44807 | G15: =TEXT(B15,"yyyymmdd")&"|"&C15&"|"&D15&"|"&E15 -> 20260604|L25|AMA|PC-2502
A16: 12 | B16: 46178 | C16: L21 | D16: AMB | E16: PC-2101 | F16: 25164 | G16: =TEXT(B16,"yyyymmdd")&"|"&C16&"|"&D16&"|"&E16 -> 20260605|L21|AMB|PC-2101
... A20: 16 | B20: 46180 | C20: L25 | D20: AMD | E20: PC-2202 | F20: 43701 | G20: =TEXT(B20,"yyyymmdd")&"|"&C20&"|"&D20&"|"&E20 -> 20260607|L25|AMD|PC-2202
A33: Note: This table represents a second fact table at Date x Line x Shift x Product grain. In Power BI it links to the SAME shared dimensions (Dim_Date, Dim_Line, Dim_Shift, Dim_Product) as Fact_Quality_Defects, enabling Hold%/Resorted%/Cullet% measures to be calculated across both fact tables.

Sheet Fact_Quality_Defects
A1: Fact_Quality_Defects
A2: Transaction-level fact table - one row per defect occurrence. Feeds Power BI.
A4: DefectRecordID | B4: Date | C4: DateKey | D4: LineID | E4: ShiftID | F4: ProductCode | G4: DefectID | H4: DefectName | I4: ClassificationID | J4: ClassificationName | K4: StatusID | L4: StatusName | M4: NumberOfPallets | N4: ArticlesPerPallet | O4: DecisionValue | P4: HoldQty | Q4: ResortedQty | R4: CulletQty | S4: MoltenKey | T4: TotalMoltenUnits | U4: Losses | V4: HoldPct | W4: ResortedPct | X4: CulletPct | Y4: DefectRatePct
A5: =Data_Entry!A5 -> 1 | B5: =Data_Entry!B5 -> 46174 | C5: =VALUE(TEXT(B5,"yyyymmdd")) -> 20260601 | D5: =Data_Entry!C5 -> L21 | E5: =Data_Entry!D5 -> AMA | F5: =Data_Entry!E5 -> PC-2101 | G5: =INDEX(Dim_Defect[DefectID],MATCH(Data_Entry!F5,Dim_Defect[DefectName],0)) -> D01 | H5: =Data_Entry!F5 -> Crack | I5: =INDEX(Dim_Defect[ClassificationID],MATCH(G5,Dim_Defect[DefectID],0)) -> C1 | J5: =INDEX(Dim_Classification[ClassificationName],MATCH(I5,Dim_Classification[ClassificationID],0)) -> Critical | K5: =INDEX(Dim_Status[StatusID],MATCH(Data_Entry!I5,Dim_Status[StatusName],0)) -> S1 | L5: =Data_Entry!I5 -> Hold | M5: =Data_Entry!G5 -> 2 | N5: =Data_Entry!H5 -> 48 | O5: =INDEX(Dim_Status[DecisionValue],MATCH(K5,Dim_Status[StatusID],0)) -> 0 | P5: =IF(L5="Hold",M5*N5,0) -> 96 | Q5: =IF(L5="Resorted",M5*N5,0) -> 0 | R5: =IF(L5="Move to Cullet",M5*N5,0) -> 0 | S5: =TEXT(B5,"yyyymmdd")&"|"&D5&"|"&E5&"|"&F5 -> 20260601|L21|AMA|PC-2101 | T5: =IFERROR(INDEX(Summary_MoltenUnits[TotalMoltenUnits],MATCH(S5,Summary_MoltenUnits[MoltenKey],0)),0) -> 44898 | U5: =M5-O5 -> 2 | V5: =IFERROR(P5/T5,0) -> 0.0021381799 | W5: =IFERROR(Q5/T5,0) -> 0 | X5: =IFERROR(R5/T5,0) -> 0 | Y5: =IFERROR((P5+Q5+R5)/T5,0) -> 0.0021381799
A6: =Data_Entry!A6 -> 2 | B6: =Data_Entry!B6 -> 46175 | C6: =VALUE(TEXT(B6,"yyyymmdd")) -> 20260602 | D6: =Data_Entry!C6 -> L22 | E6: =Data_Entry!D6 -> AMB | F6: =Data_Entry!E6 -> PC-2202 | G6: =INDEX(Dim_Defect[DefectID],MATCH(Data_Entry!F6,Dim_Defect[DefectName],0)) -> D05 | H6: =Data_Entry!F6 -> Warpage | I6: =INDEX(Dim_Defect[ClassificationID],MATCH(G6,Dim_Defect[DefectID],0)) -> C2 | J6: =INDEX(Dim_Classification[ClassificationName],MATCH(I6,Dim_Classification[ClassificationID],0)) -> Major | K6: =INDEX(Dim_Status[StatusID],MATCH(Data_Entry!I6,Dim_Status[StatusName],0)) -> S2 | L6: =Data_Entry!I6 -> Resorted | M6: =Data_Entry!G6 -> 5 | N6: =Data_Entry!H6 -> 60 | O6: =INDEX(Dim_Status[DecisionValue],MATCH(K6,Dim_Status[StatusID],0)) -> 1 | P6: =IF(L6="Hold",M6*N6,0) -> 0 | Q6: =IF(L6="Resorted",M6*N6,0) -> 300 | R6: =IF(L6="Move to Cullet",M6*N6,0) -> 0 | S6: =TEXT(B6,"yyyymmdd")&"|"&D6&"|"&E6&"|"&F6 -> 20260602|L22|AMB|PC-2202 | T6: =IFERROR(INDEX(Summary_MoltenUnits[TotalMoltenUnits],MATCH(S6,Summary_MoltenUnits[MoltenKey],0)),0) -> 42541 | U6: =M6-O6 -> 4 | V6: =IFERROR(P6/T6,0) -> 0 | W6: =IFERROR(Q6/T6,0) -> 0.0070520204 | X6: =IFERROR(R6/T6,0) -> 0 | Y6: =IFERROR((P6+Q6+R6)/T6,0) -> 0.0070520204
A7: =Data_Entry!A7 -> 3 | B7: =Data_Entry!B7 -> 46176 | C7: =VALUE(TEXT(B7,"yyyymmdd")) -> 20260603 | D7: =Data_Entry!C7 -> L23 | E7: =Data_Entry!D7 -> AMC | F7: =Data_Entry!E7 -> PC-2301 | G7: =INDEX(Dim_Defect[DefectID],MATCH(Data_Entry!F7,Dim_Defect[DefectName],0)) -> D03 | H7: =Data_Entry!F7 -> Contamination | I7: =INDEX(Dim_Defect[ClassificationID],MATCH(G7,Dim_Defect[DefectID],0)) -> C1 | J7: =INDEX(Dim_Classification[ClassificationName],MATCH(I7,Dim_Classification[ClassificationID],0)) -> Critical | K7: =INDEX(Dim_Status[StatusID],MATCH(Data_Entry!I7,Dim_Status[StatusName],0)) -> S3 | L7: =Data_Entry!I7 -> Move to Cullet | M7: =Data_Entry!G7 -> 4 | N7: =Data_Entry!H7 -> 60 | O7: =INDEX(Dim_Status[DecisionValue],MATCH(K7,Dim_Status[StatusID],0)) -> 0 | P7: =IF(L7="Hold",M7*N7,0) -> 0 | Q7: =IF(L7="Resorted",M7*N7,0) -> 0 | R7: =IF(L7="Move to Cullet",M7*N7,0) -> 240 | S7: =TEXT(B7,"yyyymmdd")&"|"&D7&"|"&E7&"|"&F7 -> 20260603|L23|AMC|PC-2301 | T7: =IFERROR(INDEX(Summary_MoltenUnits[TotalMoltenUnits],MATCH(S7,Summary_MoltenUnits[MoltenKey],0)),0) -> 22847 | U7: =M7-O7 -> 4 | V7: =IFERROR(P7/T7,0) -> 0 | W7: =IFERROR(Q7/T7,0) -> 0 | X7: =IFERROR(R7/T7,0) -> 0.010504661 | Y7: =IFERROR((P7+Q7+R7)/T7,0) -> 0.010504661
A8: =Data_Entry!A8 -> 4 | B8: =Data_Entry!B8 -> 46177 | C8: =VALUE(TEXT(B8,"yyyymmdd")) -> 20260604 | D8: =Data_Entry!C8 -> L24 | E8: =Data_Entry!D8 -> AMD | F8: =Data_Entry!E8 -> PC-2402 | G8: =INDEX(Dim_Defect[DefectID],MATCH(Data_Entry!F8,Dim_Defect[DefectName],0)) -> D04 | H8: =Data_Entry!F8 -> Short Fill | I8: =INDEX(Dim_Defect[ClassificationID],MATCH(G8,Dim_Defect[DefectID],0)) -> C2 | J8: =INDEX(Dim_Classification[ClassificationName],MATCH(I8,Dim_Classification[ClassificationID],0)) -> Major | K8: =INDEX(Dim_Status[StatusID],MATCH(Data_Entry!I8,Dim_Status[StatusName],0)) -> S1 | L8: =Data_Entry!I8 -> Hold | M8: =Data_Entry!G8 -> 2 | N8: =Data_Entry!H8 -> 48 | O8: =INDEX(Dim_Status[DecisionValue],MATCH(K8,Dim_Status[StatusID],0)) -> 0 | P8: =IF(L8="Hold",M8*N8,0) -> 96 | Q8: =IF(L8="Resorted",M8*N8,0) -> 0 | R8: =IF(L8="Move to Cullet",M8*N8,0) -> 0 | S8: =TEXT(B8,"yyyymmdd")&"|"&D8&"|"&E8&"|"&F8 -> 20260604|L24|AMD|PC-2402 | T8: =IFERROR(INDEX(Summary_MoltenUnits[TotalMoltenUnits],MATCH(S8,Summary_MoltenUnits[MoltenKey],0)),0) -> 28180 | U8: =M8-O8 -> 2 | V8: =IFERROR(P8/T8,0) -> 0.0034066714 | W8: =IFERROR(Q8/T8,0) -> 0 | X8: =IFERROR(R8/T8,0) -> 0 | Y8: =IFERROR((P8+Q8+R8)/T8,0) -> 0.0034066714
A9: =Data_Entry!A9 -> 5 | B9: =Data_Entry!B9 -> 46178 | C9: =VALUE(TEXT(B9,"yyyymmdd")) -> 20260605 | D9: =Data_Entry!C9 -> L25 | E9: =Data_Entry!D9 -> AMA | F9: =Data_Entry!E9 -> PC-2501 | G9: =INDEX(Dim_Defect[DefectID],MATCH(Data_Entry!F9,Dim_Defect[DefectName],0)) -> D05 | H9: =Data_Entry!F9 -> Warpage | I9: =INDEX(Dim_Defect[ClassificationID],MATCH(G9,Dim_Defect[DefectID],0)) -> C2 | J9: =INDEX(Dim_Classification[ClassificationName],MATCH(I9,Dim_Classification[ClassificationID],0)) -> Major | K9: =INDEX(Dim_Status[StatusID],MATCH(Data_Entry!I9,Dim_Status[StatusName],0)) -> S2 | L9: =Data_Entry!I9 -> Resorted | M9: =Data_Entry!G9 -> 7 | N9: =Data_Entry!H9 -> 48 | O9: =INDEX(Dim_Status[DecisionValue],MATCH(K9,Dim_Status[StatusID],0)) -> 1 | P9: =IF(L9="Hold",M9*N9,0) -> 0 | Q9: =IF(L9="Resorted",M9*N9,0) -> 336 | R9: =IF(L9="Move to Cullet",M9*N9,0) -> 0 | S9: =TEXT(B9,"yyyymmdd")&"|"&D9&"|"&E9&"|"&F9 -> 20260605|L25|AMA|PC-2501 | T9: =IFERROR(INDEX(Summary_MoltenUnits[TotalMoltenUnits],MATCH(S9,Summary_MoltenUnits[MoltenKey],0)),0) -> 56178 | U9: =M9-O9 -> 6 | V9: =IFERROR(P9/T9,0) -> 0 | W9: =IFERROR(Q9/T9,0) -> 0.005980989 | X9: =IFERROR(R9/T9,0) -> 0 | Y9: =IFERROR((P9+Q9+R9)/T9,0) -> 0.005980989
A10: =Data_Entry!A10 -> 6 | B10: =Data_Entry!B10 -> 46179 | C10: =VALUE(TEXT(B10,"yyyymmdd")) -> 20260606 | D10: =Data_Entry!C10 -> L22 | E10: =Data_Entry!D10 -> PMB | F10: =Data_Entry!E10 -> PC-2102 | G10: =INDEX(Dim_Defect[DefectID],MATCH(Data_Entry!F10,Dim_Defect[DefectName],0)) -> D06 | H10: =Data_Entry!F10 -> Dimension Out of Spec | I10: =INDEX(Dim_Defect[ClassificationID],MATCH(G10,Dim_Defect[DefectID],0)) -> C2 | J10: =INDEX(Dim_Classification[ClassificationName],MATCH(I10,Dim_Classification[ClassificationID],0)) -> Major | K10: =INDEX(Dim_Status[StatusID],MATCH(Data_Entry!I10,Dim_Status[StatusName],0)) -> S3 | L10: =Data_Entry!I10 -> Move to Cullet | M10: =Data_Entry!G10 -> 1 | N10: =Data_Entry!H10 -> 48 | O10: =INDEX(Dim_Status[DecisionValue],MATCH(K10,Dim_Status[StatusID],0)) -> 0 | P10: =IF(L10="Hold",M10*N10,0) -> 0 | Q10: =IF(L10="Resorted",M10*N10,0) -> 0 | R10: =IF(L10="Move to Cullet",M10*N10,0) -> 48 | S10: =TEXT(B10,"yyyymmdd")&"|"&D10&"|"&E10&"|"&F10 -> 20260606|L22|PMB|PC-2102 | T10: =IFERROR(INDEX(Summary_MoltenUnits[TotalMoltenUnits],MATCH(S10,Summary_MoltenUnits[MoltenKey],0)),0) -> 0 | U10: =M10-O10 -> 1 | V10: =IFERROR(P10/T10,0) -> 0 | W10: =IFERROR(Q10/T10,0) -> 0 | X10: =IFERROR(R10/T10,0) -> 0 | Y10: =IFERROR((P10+Q10+R10)/T10,0) -> 0
A11: =Data_Entry!A11 -> 7 | B11: =Data_Entry!B11 -> 46174 | C11: =VALUE(TEXT(B11,"yyyymmdd")) -> 20260601 | D11: =Data_Entry!C11 -> L23 | E11: =Data_Entry!D11 -> PMC | F11: =Data_Entry!E11 -> PC-2201 | G11: =INDEX(Dim_Defect[DefectID],MATCH(Data_Entry!F11,Dim_Defect[DefectName],0)) -> D07 | H11: =Data_Entry!F11 -> Flash | I11: =INDEX(Dim_Defect[ClassificationID],MATCH(G11,Dim_Defect[DefectID],0)) -> C3 | J11: =INDEX(Dim_Classification[ClassificationName],MATCH(I11,Dim_Classification[ClassificationID],0)) -> Minor | K11: =INDEX(Dim_Status[StatusID],MATCH(Data_Entry!I11,Dim_Status[StatusName],0)) -> S1 | L11: =Data_Entry!I11 -> Hold | M11: =Data_Entry!G11 -> 4 | N11: =Data_Entry!H11 -> 60 | O11: =INDEX(Dim_Status[DecisionValue],MATCH(K11,Dim_Status[StatusID],0)) -> 0 | P11: =IF(L11="Hold",M11*N11,0) -> 240 | Q11: =IF(L11="Resorted",M11*N11,0) -> 0 | R11: =IF(L11="Move to Cullet",M11*N11,0) -> 0 | S11: =TEXT(B11,"yyyymmdd")&"|"&D11&"|"&E11&"|"&F11 -> 20260601|L23|PMC|PC-2201 | T11: =IFERROR(INDEX(Summary_MoltenUnits[TotalMoltenUnits],MATCH(S11,Summary_MoltenUnits[MoltenKey],0)),0) -> 0 | U11: =M11-O11 -> 4 | V11: =IFERROR(P11/T11,0) -> 0 | W11: =IFERROR(Q11/T11,0) -> 0 | X11: =IFERROR(R11/T11,0) -> 0 | Y11: =IFERROR((P11+Q11+R11)/T11,0) -> 0
A12: =Data_Entry!A12 -> 8 | B12: =Data_Entry!B12 -> 46175 | C12: =VALUE(TEXT(B12,"yyyymmdd")) -> 20260602 | D12: =Data_Entry!C12 -> L21 | E12: =Data_Entry!D12 -> PMD | F12: =Data_Entry!E12 -> PC-2302 | G12: =INDEX(Dim_Defect[DefectID],MATCH(Data_Entry!F12,Dim_Defect[DefectName],0)) -> D08 | H12: =Data_Entry!F12 -> Color Mismatch | I12: =INDEX(Dim_Defect[ClassificationID],MATCH(G12,Dim_Defect[DefectID],0)) -> C3 | J12: =INDEX(Dim_Classification[ClassificationName],MATCH(I12,Dim_Classification[ClassificationID],0)) -> Minor | K12: =INDEX(Dim_Status[StatusID],MATCH(Data_Entry!I12,Dim_Status[StatusName],0)) -> S2 | L12: =Data_Entry!I12 -> Resorted | M12: =Data_Entry!G12 -> 1 | N12: =Data_Entry!H12 -> 60 | O12: =INDEX(Dim_Status[DecisionValue],MATCH(K12,Dim_Status[StatusID],0)) -> 1 | P12: =IF(L12="Hold",M12*N12,0) -> 0 | Q12: =IF(L12="Resorted",M12*N12,0) -> 60 | R12: =IF(L12="Move to Cullet",M12*N12,0) -> 0 | S12: =TEXT(B12,"yyyymmdd")&"|"&D12&"|"&E12&"|"&F12 -> 20260602|L21|PMD|PC-2302 | T12: =IFERROR(INDEX(Summary_MoltenUnits[TotalMoltenUnits],MATCH(S12,Summary_MoltenUnits[MoltenKey],0)),0) -> 0 | U12: =M12-O12 -> 0 | V12: =IFERROR(P12/T12,0) -> 0 | W12: =IFERROR(Q12/T12,0) -> 0 | X12: =IFERROR(R12/T12,0) -> 0 | Y12: =IFERROR((P12+Q12+R12)/T12,0) -> 0
A13: =Data_Entry!A13 -> 9 | B13: =Data_Entry!B13 -> 46176 | C13: =VALUE(TEXT(B13,"yyyymmdd")) -> 20260603 | D13: =Data_Entry!C13 -> L25 | E13: PMA | F13: =Data_Entry!E13 -> PC-2401 | G13: =INDEX(Dim_Defect[DefectID],MATCH(Data_Entry!F13,Dim_Defect[DefectName],0)) -> D09 | H13: =Data_Entry!F13 -> Bubble | I13: =INDEX(Dim_Defect[ClassificationID],MATCH(G13,Dim_Defect[DefectID],0)) -> C3 | J13: =INDEX(Dim_Classification[ClassificationName],MATCH(I13,Dim_Classification[ClassificationID],0)) -> Minor | K13: =INDEX(Dim_Status[StatusID],MATCH(Data_Entry!I13,Dim_Status[StatusName],0)) -> S3 | L13: =Data_Entry!I13 -> Move to Cullet | M13: =Data_Entry!G13 -> 7 | N13: =Data_Entry!H13 -> 60 | O13: =INDEX(Dim_Status[DecisionValue],MATCH(K13,Dim_Status[StatusID],0)) -> 0 | P13: =IF(L13="Hold",M13*N13,0) -> 0 | Q13: =IF(L13="Resorted",M13*N13,0) -> 0 | R13: =IF(L13="Move to Cullet",M13*N13,0) -> 420 | S13: =TEXT(B13,"yyyymmdd")&"|"&D13&"|"&E13&"|"&F13 -> 20260603|L25|PMA|PC-2401 | T13: =IFERROR(INDEX(Summary_MoltenUnits[TotalMoltenUnits],MATCH(S13,Summary_MoltenUnits[MoltenKey],0)),0) -> 0 | U13: =M13-O13 -> 7 | V13: =IFERROR(P13/T13,0) -> 0 | W13: =IFERROR(Q13/T13,0) -> 0 | X13: =IFERROR(R13/T13,0) -> 0 | Y13: =IFERROR((P13+Q13+R13)/T13,0) -> 0
A14: =Data_Entry!A14 -> 10 | B14: =Data_Entry!B14 -> 46177 | C14: =VALUE(TEXT(B14,"yyyymmdd")) -> 20260604 | D14: =Data_Entry!C14 -> L23 | E14: AMA | F14: =Data_Entry!E14 -> PC-2502 | G14: =INDEX(Dim_Defect[DefectID],MATCH(Data_Entry!F14,Dim_Defect[DefectName],0)) -> D10 | H14: =Data_Entry!F14 -> Scratch | I14: =INDEX(Dim_Defect[ClassificationID],MATCH(G14,Dim_Defect[DefectID],0)) -> C3 | J14: =INDEX(Dim_Classification[ClassificationName],MATCH(I14,Dim_Classification[ClassificationID],0)) -> Minor | K14: =INDEX(Dim_Status[StatusID],MATCH(Data_Entry!I14,Dim_Status[StatusName],0)) -> S1 | L14: =Data_Entry!I14 -> Hold | M14: =Data_Entry!G14 -> 8 | N14: =Data_Entry!H14 -> 72 | O14: =INDEX(Dim_Status[DecisionValue],MATCH(K14,Dim_Status[StatusID],0)) -> 0 | P14: =IF(L14="Hold",M14*N14,0) -> 576 | Q14: =IF(L14="Resorted",M14*N14,0) -> 0 | R14: =IF(L14="Move to Cullet",M14*N14,0) -> 0 | S14: =TEXT(B14,"yyyymmdd")&"|"&D14&"|"&E14&"|"&F14 -> 20260604|L23|AMA|PC-2502 | T14: =IFERROR(INDEX(Summary_MoltenUnits[TotalMoltenUnits],MATCH(S14,Summary_MoltenUnits[MoltenKey],0)),0) -> 0 | U14: =M14-O14 -> 8 | V14: =IFERROR(P14/T14,0) -> 0 | W14: =IFERROR(Q14/T14,0) -> 0 | X14: =IFERROR(R14/T14,0) -> 0 | Y14: =IFERROR((P14+Q14+R14)/T14,0) -> 0
A15: =Data_Entry!A15 -> 11 | B15: =Data_Entry!B15 -> 46178 | C15: =VALUE(TEXT(B15,"yyyymmdd")) -> 20260605 | D15: =Data_Entry!C15 -> L24 | E15: =Data_Entry!D15 -> AMB | F15: =Data_Entry!E15 -> PC-2101 | G15: =INDEX(Dim_Defect[DefectID],MATCH(Data_Entry!F15,Dim_Defect[DefectName],0)) -> D01 | H15: =Data_Entry!F15 -> Crack | I15: =INDEX(Dim_Defect[ClassificationID],MATCH(G15,Dim_Defect[DefectID],0)) -> C1 | J15: =INDEX(Dim_Classification[ClassificationName],MATCH(I15,Dim_Classification[ClassificationID],0)) -> Critical | K15: =INDEX(Dim_Status[StatusID],MATCH(Data_Entry!I15,Dim_Status[StatusName],0)) -> S2 | L15: =Data_Entry!I15 -> Resorted | M15: =Data_Entry!G15 -> 1 | N15: =Data_Entry!H15 -> 60 | O15: =INDEX(Dim_Status[DecisionValue],MATCH(K15,Dim_Status[StatusID],0)) -> 1 | P15: =IF(L15="Hold",M15*N15,0) -> 0 | Q15: =IF(L15="Resorted",M15*N15,0) -> 60 | R15: =IF(L15="Move to Cullet",M15*N15,0) -> 0 | S15: =TEXT(B15,"yyyymmdd")&"|"&D15&"|"&E15&"|"&F15 -> 20260605|L24|AMB|PC-2101 | T15: =IFERROR(INDEX(Summary_MoltenUnits[TotalMoltenUnits],MATCH(S15,Summary_MoltenUnits[MoltenKey],0)),0) -> 0 | U15: =M15-O15 -> 0 | V15: =IFERROR(P15/T15,0) -> 0 | W15: =IFERROR(Q15/T15,0) -> 0 | X15: =IFERROR(R15/T15,0) -> 0 | Y15: =IFERROR((P15+Q15+R15)/T15,0) -> 0
A16: =Data_Entry!A16 -> 12 | B16: =Data_Entry!B16 -> 46179 | C16: =VALUE(TEXT(B16,"yyyymmdd")) -> 20260606 | D16: =Data_Entry!C16 -> L24 | E16: =Data_Entry!D16 -> AMC | F16: =Data_Entry!E16 -> PC-2202 | G16: =INDEX(Dim_Defect[DefectID],MATCH(Data_Entry!F16,Dim_Defect[DefectName],0)) -> D02 | H16: =Data_Entry!F16 -> Foreign Material | I16: =INDEX(Dim_Defect[ClassificationID],MATCH(G16,Dim_Defect[DefectID],0)) -> C1 | J16: =INDEX(Dim_Classification[ClassificationName],MATCH(I16,Dim_Classification[ClassificationID],0)) -> Critical | K16: =INDEX(Dim_Status[StatusID],MATCH(Data_Entry!I16,Dim_Status[StatusName],0)) -> S3 | L16: =Data_Entry!I16 -> Move to Cullet | M16: =Data_Entry!G16 -> 7 | N16: =Data_Entry!H16 -> 72 | O16: =INDEX(Dim_Status[DecisionValue],MATCH(K16,Dim_Status[StatusID],0)) -> 0 | P16: =IF(L16="Hold",M16*N16,0) -> 0 | Q16: =IF(L16="Resorted",M16*N16,0) -> 0 | R16: =IF(L16="Move to Cullet",M16*N16,0) -> 504 | S16: =TEXT(B16,"yyyymmdd")&"|"&D16&"|"&E16&"|"&F16 -> 20260606|L24|AMC|PC-2202 | T16: =IFERROR(INDEX(Summary_MoltenUnits[TotalMoltenUnits],MATCH(S16,Summary_MoltenUnits[MoltenKey],0)),0) -> 0 | U16: =M16-O16 -> 7 | V16: =IFERROR(P16/T16,0) -> 0 | W16: =IFERROR(Q16/T16,0) -> 0 | X16: =IFERROR(R16/T16,0) -> 0 | Y16: =IFERROR((P16+Q16+R16)/T16,0) -> 0
A17: =Data_Entry!A17 -> 13 | B17: =Data_Entry!B17 -> 46174 | C17: =VALUE(TEXT(B17,"yyyymmdd")) -> 20260601 | D17: =Data_Entry!C17 -> L21 | E17: =Data_Entry!D17 -> AMD | F17: =Data_Entry!E17 -> PC-2301 | G17: =INDEX(Dim_Defect[DefectID],MATCH(Data_Entry!F17,Dim_Defect[DefectName],0)) -> D03 | H17: =Data_Entry!F17 -> Contamination | I17: =INDEX(Dim_Defect[ClassificationID],MATCH(G17,Dim_Defect[DefectID],0)) -> C1 | J17: =INDEX(Dim_Classification[ClassificationName],MATCH(I17,Dim_Classification[ClassificationID],0)) -> Critical | K17: =INDEX(Dim_Status[StatusID],MATCH(Data_Entry!I17,Dim_Status[StatusName],0)) -> S1 | L17: =Data_Entry!I17 -> Hold | M17: =Data_Entry!G17 -> 5 | N17: =Data_Entry!H17 -> 60 | O17: =INDEX(Dim_Status[DecisionValue],MATCH(K17,Dim_Status[StatusID],0)) -> 0 | P17: =IF(L17="Hold",M17*N17,0) -> 300 | Q17: =IF(L17="Resorted",M17*N17,0) -> 0 | R17: =IF(L17="Move to Cullet",M17*N17,0) -> 0 | S17: =TEXT(B17,"yyyymmdd")&"|"&D17&"|"&E17&"|"&F17 -> 20260601|L21|AMD|PC-2301 | T17: =IFERROR(INDEX(Summary_MoltenUnits[TotalMoltenUnits],MATCH(S17,Summary_MoltenUnits[MoltenKey],0)),0) -> 0 | U17: =M17-O17 -> 5 | V17: =IFERROR(P17/T17,0) -> 0 | W17: =IFERROR(Q17/T17,0) -> 0 | X17: =IFERROR(R17/T17,0) -> 0 | Y17: =IFERROR((P17+Q17+R17)/T17,0) -> 0
A18: =Data_Entry!A18 -> 14 | B18: =Data_Entry!B18 -> 46175 | C18: =VALUE(TEXT(B18,"yyyymmdd")) -> 20260602 | D18: =Data_Entry!C18 -> L25 | E18: =Data_Entry!D18 -> AMA | F18: =Data_Entry!E18 -> PC-2402 | G18: =INDEX(Dim_Defect[DefectID],MATCH(Data_Entry!F18,Dim_Defect[DefectName],0)) -> D04 | H18: =Data_Entry!F18 -> Short Fill | I18: =INDEX(Dim_Defect[ClassificationID],MATCH(G18,Dim_Defect[DefectID],0)) -> C2 | J18: =INDEX(Dim_Classification[ClassificationName],MATCH(I18,Dim_Classification[ClassificationID],0)) -> Major | K18: =INDEX(Dim_Status[StatusID],MATCH(Data_Entry!I18,Dim_Status[StatusName],0)) -> S2 | L18: =Data_Entry!I18 -> Resorted | M18: =Data_Entry!G18 -> 4 | N18: =Data_Entry!H18 -> 72 | O18: =INDEX(Dim_Status[DecisionValue],MATCH(K18,Dim_Status[StatusID],0)) -> 1 | P18: =IF(L18="Hold",M18*N18,0) -> 0 | Q18: =IF(L18="Resorted",M18*N18,0) -> 288 | R18: =IF(L18="Move to Cullet",M18*N18,0) -> 0 | S18: =TEXT(B18,"yyyymmdd")&"|"&D18&"|"&E18&"|"&F18 -> 20260602|L25|AMA|PC-2402 | T18: =IFERROR(INDEX(Summary_MoltenUnits[TotalMoltenUnits],MATCH(S18,Summary_MoltenUnits[MoltenKey],0)),0) -> 0 | U18: =M18-O18 -> 3 | V18: =IFERROR(P18/T18,0) -> 0 | W18: =IFERROR(Q18/T18,0) -> 0 | X18: =IFERROR(R18/T18,0) -> 0 | Y18: =IFERROR((P18+Q18+R18)/T18,0) -> 0
A19: =Data_Entry!A19 -> 15 | B19: =Data_Entry!B19 -> 46176 | C19: =VALUE(TEXT(B19,"yyyymmdd")) -> 20260603 | D19: =Data_Entry!C19 -> L22 | E19: =Data_Entry!D19 -> PMB | F19: =Data_Entry!E19 -> PC-2501 | G19: =INDEX(Dim_Defect[DefectID],MATCH(Data_Entry!F19,Dim_Defect[DefectName],0)) -> D05 | H19: =Data_Entry!F19 -> Warpage | I19: =INDEX(Dim_Defect[ClassificationID],MATCH(G19,Dim_Defect[DefectID],0)) -> C2 | J19: =INDEX(Dim_Classification[ClassificationName],MATCH(I19,Dim_Classification[ClassificationID],0)) -> Major | K19: =INDEX(Dim_Status[StatusID],MATCH(Data_Entry!I19,Dim_Status[StatusName],0)) -> S3 | L19: =Data_Entry!I19 -> Move to Cullet | M19: =Data_Entry!G19 -> 2 | N19: =Data_Entry!H19 -> 48 | O19: =INDEX(Dim_Status[DecisionValue],MATCH(K19,Dim_Status[StatusID],0)) -> 0 | P19: =IF(L19="Hold",M19*N19,0) -> 0 | Q19: =IF(L19="Resorted",M19*N19,0) -> 0 | R19: =IF(L19="Move to Cullet",M19*N19,0) -> 96 | S19: =TEXT(B19,"yyyymmdd")&"|"&D19&"|"&E19&"|"&F19 -> 20260603|L22|PMB|PC-2501 | T19: =IFERROR(INDEX(Summary_MoltenUnits[TotalMoltenUnits],MATCH(S19,Summary_MoltenUnits[MoltenKey],0)),0) -> 0 | U19: =M19-O19 -> 2 | V19: =IFERROR(P19/T19,0) -> 0 | W19: =IFERROR(Q19/T19,0) -> 0 | X19: =IFERROR(R19/T19,0) -> 0 | Y19: =IFERROR((P19+Q19+R19)/T19,0) -> 0
A20: =Data_Entry!A20 -> 16 | B20: =Data_Entry!B20 -> 46180 | C20: =VALUE(TEXT(B20,"yyyymmdd")) -> 20260607 | D20: =Data_Entry!C20 -> L23 | E20: =Data_Entry!D20 -> AMD | F20: =Data_Entry!E20 -> PC-2202 | G20: =INDEX(Dim_Defect[DefectID],MATCH(Data_Entry!F20,Dim_Defect[DefectName],0)) -> D03 | H20: =Data_Entry!F20 -> Contamination | I20: =INDEX(Dim_Defect[ClassificationID],MATCH(G20,Dim_Defect[DefectID],0)) -> C1 | J20: =INDEX(Dim_Classification[ClassificationName],MATCH(I20,Dim_Classification[ClassificationID],0)) -> Critical | K20: =INDEX(Dim_Status[StatusID],MATCH(Data_Entry!I20,Dim_Status[StatusName],0)) -> S2 | L20: =Data_Entry!I20 -> Resorted | M20: =Data_Entry!G20 -> 4 | N20: =Data_Entry!H20 -> 48 | O20: =INDEX(Dim_Status[DecisionValue],MATCH(K20,Dim_Status[StatusID],0)) -> 1 | P20: =IF(L20="Hold",M20*N20,0) -> 0 | Q20: =IF(L20="Resorted",M20*N20,0) -> 192 | R20: =IF(L20="Move to Cullet",M20*N20,0) -> 0 | S20: =TEXT(B20,"yyyymmdd")&"|"&D20&"|"&E20&"|"&F20 -> 20260607|L23|AMD|PC-2202 | T20: =IFERROR(INDEX(Summary_MoltenUnits[TotalMoltenUnits],MATCH(S20,Summary_MoltenUnits[MoltenKey],0)),0) -> 0 | U20: =M20-O20 -> 3 | V20: =IFERROR(P20/T20,0) -> 0 | W20: =IFERROR(Q20/T20,0) -> 0 | X20: =IFERROR(R20/T20,0) -> 0 | Y20: =IFERROR((P20+Q20+R20)/T20,0) -> 0
A44: Note on Losses: defined per business rule as NumberOfPallets - DecisionValue. Confirm this definition with Quality/Ops - it currently nets a 0/1 decision flag against a pallet count, which is unit-inconsistent. Consider replacing with Losses = Pallets not Resorted, i.e. HoldQty+CulletQty in units, once confirmed.

Sheet Dim_Date
A1: Dim_Date
A2: Calendar dimension - one row per day
A4: DateKey | B4: Date | C4: Day | D4: MonthNum | E4: MonthName | F4: Quarter | G4: Year | H4: WeekdayName | I4: WeekNumber | J4: IsWeekend
A5: =VALUE(TEXT(B5,"yyyymmdd")) -> 20260601 | B5: 46174 | C5: =DAY(B5) -> 1 | D5: =MONTH(B5) -> 6 | E5: =TEXT(B5,"mmmm") -> June | F5: =ROUNDUP(MONTH(B5)/3,0) -> 2 | G5: =YEAR(B5) -> 2026 | H5: =TEXT(B5,"dddd") -> Monday | I5: =WEEKNUM(B5,1) -> 23 | J5: =IF(WEEKDAY(B5,2)>5,"Yes","No") -> No
A6: =VALUE(TEXT(B6,"yyyymmdd")) -> 20260602 | B6: 46175 | C6: =DAY(B6) -> 2 | D6: =MONTH(B6) -> 6 | E6: =TEXT(B6,"mmmm") -> June | F6: =ROUNDUP(MONTH(B6)/3,0) -> 2 | G6: =YEAR(B6) -> 2026 | H6: =TEXT(B6,"dddd") -> Tuesday | I6: =WEEKNUM(B6,1) -> 23 | J6: =IF(WEEKDAY(B6,2)>5,"Yes","No") -> No
A7: =VALUE(TEXT(B7,"yyyymmdd")) -> 20260603 | B7: 46176 | C7: =DAY(B7) -> 3 | D7: =MONTH(B7) -> 6 | E7: =TEXT(B7,"mmmm") -> June | F7: =ROUNDUP(MONTH(B7)/3,0) -> 2 | G7: =YEAR(B7) -> 2026 | H7: =TEXT(B7,"dddd") -> Wednesday | I7: =WEEKNUM(B7,1) -> 23 | J7: =IF(WEEKDAY(B7,2)>5,"Yes","No") -> No
A8: =VALUE(TEXT(B8,"yyyymmdd")) -> 20260604 | B8: 46177 | C8: =DAY(B8) -> 4 | D8: =MONTH(B8) -> 6 | E8: =TEXT(B8,"mmmm") -> June | F8: =ROUNDUP(MONTH(B8)/3,0) -> 2 | G8: =YEAR(B8) -> 2026 | H8: =TEXT(B8,"dddd") -> Thursday | I8: =WEEKNUM(B8,1) -> 23 | J8: =IF(WEEKDAY(B8,2)>5,"Yes","No") -> No
A9: =VALUE(TEXT(B9,"yyyymmdd")) -> 20260605 | B9: 46178 | C9: =DAY(B9) -> 5 | D9: =MONTH(B9) -> 6 | E9: =TEXT(B9,"mmmm") -> June | F9: =ROUNDUP(MONTH(B9)/3,0) -> 2 | G9: =YEAR(B9) -> 2026 | H9: =TEXT(B9,"dddd") -> Friday | I9: =WEEKNUM(B9,1) -> 23 | J9: =IF(WEEKDAY(B9,2)>5,"Yes","No") -> No
A10: =VALUE(TEXT(B10,"yyyymmdd")) -> 20260606 | B10: 46179 | C10: =DAY(B10) -> 6 | D10: =MONTH(B10) -> 6 | E10: =TEXT(B10,"mmmm") -> June | F10: =ROUNDUP(MONTH(B10)/3,0) -> 2 | G10: =YEAR(B10) -> 2026 | H10: =TEXT(B10,"dddd") -> Saturday | I10: =WEEKNUM(B10,1) -> 23 | J10: =IF(WEEKDAY(B10,2)>5,"Yes","No") -> Yes
A11: =VALUE(TEXT(B11,"yyyymmdd")) -> 20260607 | B11: 46180 | C11: =DAY(B11) -> 7 | D11: =MONTH(B11) -> 6 | E11: =TEXT(B11,"mmmm") -> June | F11: =ROUNDUP(MONTH(B11)/3,0) -> 2 | G11: =YEAR(B11) -> 2026 | H11: =TEXT(B11,"dddd") -> Sunday | I11: =WEEKNUM(B11,1) -> 24 | J11: =IF(WEEKDAY(B11,2)>5,"Yes","No") -> Yes
A12: =VALUE(TEXT(B12,"yyyymmdd")) -> 20260608 | B12: 46181 | C12: =DAY(B12) -> 8 | D12: =MONTH(B12) -> 6 | E12: =TEXT(B12,"mmmm") -> June | F12: =ROUNDUP(MONTH(B12)/3,0) -> 2 | G12: =YEAR(B12) -> 2026 | H12: =TEXT(B12,"dddd") -> Monday | I12: =WEEKNUM(B12,1) -> 24 | J12: =IF(WEEKDAY(B12,2)>5,"Yes","No") -> No
A13: =VALUE(TEXT(B13,"yyyymmdd")) -> 20260609 | B13: 46182 | C13: =DAY(B13) -> 9 | D13: =MONTH(B13) -> 6 | E13: =TEXT(B13,"mmmm") -> June | F13: =ROUNDUP(MONTH(B13)/3,0) -> 2 | G13: =YEAR(B13) -> 2026 | H13: =TEXT(B13,"dddd") -> Tuesday | I13: =WEEKNUM(B13,1) -> 24 | J13: =IF(WEEKDAY(B13,2)>5,"Yes","No") -> No
A14: =VALUE(TEXT(B14,"yyyymmdd")) -> 20260610 | B14: 46183 | C14: =DAY(B14) -> 10 | D14: =MONTH(B14) -> 6 | E14: =TEXT(B14,"mmmm") -> June | F14: =ROUNDUP(MONTH(B14)/3,0) -> 2 | G14: =YEAR(B14) -> 2026 | H14: =TEXT(B14,"dddd") -> Wednesday | I14: =WEEKNUM(B14,1) -> 24 | J14: =IF(WEEKDAY(B14,2)>5,"Yes","No") -> No
A15: =VALUE(TEXT(B15,"yyyymmdd")) -> 20260611 | B15: 46184 | C15: =DAY(B15) -> 11 | D15: =MONTH(B15) -> 6 | E15: =TEXT(B15,"mmmm") -> June | F15: =ROUNDUP(MONTH(B15)/3,0) -> 2 | G15: =YEAR(B15) -> 2026 | H15: =TEXT(B15,"dddd") -> Thursday | I15: =WEEKNUM(B15,1) -> 24 | J15: =IF(WEEKDAY(B15,2)>5,"Yes","No") -> No
A16: =VALUE(TEXT(B16,"yyyymmdd")) -> 20260612 | B16: 46185 | C16: =DAY(B16) -> 12 | D16: =MONTH(B16) -> 6 | E16: =TEXT(B16,"mmmm") -> June | F16: =ROUNDUP(MONTH(B16)/3,0) -> 2 | G16: =YEAR(B16) -> 2026 | H16: =TEXT(B16,"dddd") -> Friday | I16: =WEEKNUM(B16,1) -> 24 | J16: =IF(WEEKDAY(B16,2)>5,"Yes","No") -> No
... A34: =VALUE(TEXT(B34,"yyyymmdd")) -> 20260630 | B34: 46203 | C34: =DAY(B34) -> 30 | D34: =MONTH(B34) -> 6 | E34: =TEXT(B34,"mmmm") -> June | F34: =ROUNDUP(MONTH(B34)/3,0) -> 2 | G34: =YEAR(B34) -> 2026 | H34: =TEXT(B34,"dddd") -> Tuesday | I34: =WEEKNUM(B34,1) -> 27 | J34: =IF(WEEKDAY(B34,2)>5,"Yes","No") -> No

Sheet Dim_Line
A1: Dim_Line
A2: Production line dimension
A4: LineID | B4: LineNumber | C4: LineName
A5: L21 | B5: 21 | C5: Line 21
A6: L22 | B6: 22 | C6: Line 22
A7: L23 | B7: 23 | C7: Line 23
A8: L24 | B8: 24 | C8: Line 24
A9: L25 | B9: 25 | C9: Line 25

Sheet Dim_Shift
A1: Dim_Shift
A2: Shift dimension
A4: ShiftID | B4: ShiftName | C4: ShiftType
A5: AMB | B5: AM Shift B | C5: AM
A6: AMC | B6: AM Shift C | C6: AM
A7: AMD | B7: AM Shift D | C7: AM
A8: AMA | B8: AM Shift A | C8: AM
A9: PMB | B9: PM Shift B | C9: PM
A10: PMC | B10: PM Shift C | C10: PM
A11: PMD | B11: PM Shift D | C11: PM
A12: PMA | B12: PM Shift A | C12: PM

Sheet Dim_Product
A1: Dim_Product
A2: Product code dimension
A4: ProductCode | B4: ProductName | C4: LineID | D4: Category
A5: PC-2101 | B5: Bottle 500ml Clear | C5: L21 | D5: Bottle
A6: PC-2102 | B6: Bottle 1L Clear | C6: L21 | D6: Bottle
A7: PC-2201 | B7: Jar 250g Wide Mouth | C7: L22 | D7: Jar
A8: PC-2202 | B8: Jar 500g Wide Mouth | C8: L22 | D8: Jar
A9: PC-2301 | B9: Cap 28mm | C9: L23 | D9: Closure
A10: PC-2302 | B10: Cap 38mm | C10: L23 | D10: Closure
A11: PC-2401 | B11: Tub 500ml | C11: L24 | D11: Tub
A12: PC-2402 | B12: Tub 1L | C12: L24 | D12: Tub
A13: PC-2501 | B13: Preform 24g | C13: L25 | D13: Preform
A14: PC-2502 | B14: Preform 42g | C14: L25 | D14: Preform

Sheet Dim_Defect
A1: Dim_Defect
A2: Defect catalogue
A4: DefectID | B4: DefectName | C4: ClassificationID | D4: ClassificationName
A5: D01 | B5: Crack | C5: C1 | D5: =INDEX(Dim_Classification[ClassificationName],MATCH(C5,Dim_Classification[ClassificationID],0)) -> Critical
A6: D02 | B6: Foreign Material | C6: C1 | D6: =INDEX(Dim_Classification[ClassificationName],MATCH(C6,Dim_Classification[ClassificationID],0)) -> Critical
A7: D03 | B7: Contamination | C7: C1 | D7: =INDEX(Dim_Classification[ClassificationName],MATCH(C7,Dim_Classification[ClassificationID],0)) -> Critical
A8: D04 | B8: Short Fill | C8: C2 | D8: =INDEX(Dim_Classification[ClassificationName],MATCH(C8,Dim_Classification[ClassificationID],0)) -> Major
A9: D05 | B9: Warpage | C9: C2 | D9: =INDEX(Dim_Classification[ClassificationName],MATCH(C9,Dim_Classification[ClassificationID],0)) -> Major
A10: D06 | B10: Dimension Out of Spec | C10: C2 | D10: =INDEX(Dim_Classification[ClassificationName],MATCH(C10,Dim_Classification[ClassificationID],0)) -> Major
A11: D07 | B11: Flash | C11: C3 | D11: =INDEX(Dim_Classification[ClassificationName],MATCH(C11,Dim_Classification[ClassificationID],0)) -> Minor
A12: D08 | B12: Color Mismatch | C12: C3 | D12: =INDEX(Dim_Classification[ClassificationName],MATCH(C12,Dim_Classification[ClassificationID],0)) -> Minor
A13: D09 | B13: Bubble | C13: C3 | D13: =INDEX(Dim_Classification[ClassificationName],MATCH(C13,Dim_Classification[ClassificationID],0)) -> Minor
A14: D10 | B14: Scratch | C14: C3 | D14: =INDEX(Dim_Classification[ClassificationName],MATCH(C14,Dim_Classification[ClassificationID],0)) -> Minor
A15: D11
A16: D12
A17: D13
A18: D14
A19: D15
A20: D16
A21: D17
A22: D18
A23: D19
A24: D20
A25: D21
A26: D22
... A29: D25

Sheet Dim_Classification
A1: Dim_Classification
A2: Defect severity classification
A4: ClassificationID | B4: ClassificationName | C4: SeverityRank | D4: ColorCode
A5: C1 | B5: Critical | C5: 1 | D5: FF0000
A6: C2 | B6: Major | C6: 2 | D6: FFA500
A7: C3 | B7: Minor | C7: 3 | D7: FFFF00

Sheet Dim_Status
A1: Dim_Status
A2: Disposition status dimension
A4: StatusID | B4: StatusName | C4: DecisionValue
A5: S1 | B5: Hold | C5: 0
A6: S2 | B6: Resorted | C6: 1
A7: S3 | B7: Move to Cullet | C7: 0
