Workbook

Sheet Dashboard_View
A1: Kandil Glass Company - Factory #3 Performance Dashboard
A2: Period: 2026-07-01 to 2026-07-02 | Source: Fact_Production_Hourly, Fact_Quality_Sampling
A3: KPI CARDS | B3: Value | C3: Status | F3: Hour | G3: TotalActualUnits | I3: Classification | J3: TotalCount | L3: Machine | M3: EfficiencyPct | O3: Shift | P3: AvgOEE
A4: OEE (Availability x Performance x Quality) | B4: =AVERAGE(Fact_Production_Hourly!$O$2:$O$337)*AVERAGE(Fact_Production_Hourly!$P$2:$P$337)*AVERAGE(Fact_Production_Hourly!$Q$2:$Q$337) -> 0.80742922 | C4: =IF(B4>=0.85,"GOOD",IF(B4>=0.7,"WARNING","BAD")) -> WARNING | F4: 0 | G4: =SUMIFS(Fact_Production_Hourly!$K$2:$K$337,Fact_Production_Hourly!$C$2:$C$337,F4) -> 326024 | I4: Critical | J4: =SUM(Fact_Quality_Sampling!$I$2:$I$337) -> 0 | L4: M1 | M4: =SUMIFS(Fact_Production_Hourly!$K$2:$K$337,Fact_Production_Hourly!$D$2:$D$337,L4)/SUMIFS(Fact_Production_Hourly!$J$2:$J$337,Fact_Production_Hourly!$D$2:$D$337,L4) -> 0.89125037 | O4: A-AM | P4: =AVERAGEIFS(Fact_Production_Hourly!$R$2:$R$337,Fact_Production_Hourly!$E$2:$E$337,O4) -> 0.80546518
A5: Efficiency % (Actual / Design Capacity) | B5: =SUM(Fact_Production_Hourly!$K$2:$K$337)/SUM(Fact_Production_Hourly!$J$2:$J$337) -> 0.88321676 | C5: =IF(B5>=0.9,"GOOD",IF(B5>=0.8,"WARNING","BAD")) -> WARNING | F5: 1 | G5: =SUMIFS(Fact_Production_Hourly!$K$2:$K$337,Fact_Production_Hourly!$C$2:$C$337,F5) -> 336188 | I5: Major | J5: =SUM(Fact_Quality_Sampling!$J$2:$J$337) -> 140 | L5: M2 | M5: =SUMIFS(Fact_Production_Hourly!$K$2:$K$337,Fact_Production_Hourly!$D$2:$D$337,L5)/SUMIFS(Fact_Production_Hourly!$J$2:$J$337,Fact_Production_Hourly!$D$2:$D$337,L5) -> 0.87869705 | O5: B-PM | P5: =AVERAGEIFS(Fact_Production_Hourly!$R$2:$R$337,Fact_Production_Hourly!$E$2:$E$337,O5) -> 0.80908319
A6: Pack-to-Melt % (Accepted Tons / Molten Tons) | B6: =SUM(Fact_Production_Hourly!$T$2:$T$337)/SUM(Fact_Production_Hourly!$S$2:$S$337) -> 0.87151259 | C6: =IF(B6>=0.85,"GOOD",IF(B6>=0.75,"WARNING","BAD")) -> GOOD | F6: 2 | G6: =SUMIFS(Fact_Production_Hourly!$K$2:$K$337,Fact_Production_Hourly!$C$2:$C$337,F6) -> 343981 | I6: Minor | J6: =SUM(Fact_Quality_Sampling!$K$2:$K$337) -> 355 | L6: M3 | M6: =SUMIFS(Fact_Production_Hourly!$K$2:$K$337,Fact_Production_Hourly!$D$2:$D$337,L6)/SUMIFS(Fact_Production_Hourly!$J$2:$J$337,Fact_Production_Hourly!$D$2:$D$337,L6) -> 0.8790067
A7: First Pass Yield (FPY) | B7: =1-SUM(Fact_Quality_Sampling!$H$2:$H$337)/SUM(Fact_Quality_Sampling!$G$2:$G$337) -> 0.9597168 | C7: =IF(B7>=0.95,"GOOD",IF(B7>=0.9,"WARNING","BAD")) -> GOOD | F7: 3 | G7: =SUMIFS(Fact_Production_Hourly!$K$2:$K$337,Fact_Production_Hourly!$C$2:$C$337,F7) -> 344793 | L7: M4 | M7: =SUMIFS(Fact_Production_Hourly!$K$2:$K$337,Fact_Production_Hourly!$D$2:$D$337,L7)/SUMIFS(Fact_Production_Hourly!$J$2:$J$337,Fact_Production_Hourly!$D$2:$D$337,L7) -> 0.88856616
A8: Defect Rate % | B8: =SUM(Fact_Quality_Sampling!$H$2:$H$337)/SUM(Fact_Quality_Sampling!$G$2:$G$337) -> 0.040283203 | C8: =IF(B8<=0.03,"GOOD",IF(B8<=0.06,"WARNING","BAD")) -> WARNING | F8: 4 | G8: =SUMIFS(Fact_Production_Hourly!$K$2:$K$337,Fact_Production_Hourly!$C$2:$C$337,F8) -> 340542 | L8: M5 | M8: =SUMIFS(Fact_Production_Hourly!$K$2:$K$337,Fact_Production_Hourly!$D$2:$D$337,L8)/SUMIFS(Fact_Production_Hourly!$J$2:$J$337,Fact_Production_Hourly!$D$2:$D$337,L8) -> 0.87020595
A9: - Critical Defect Share | B9: =SUM(Fact_Quality_Sampling!$I$2:$I$337)/SUM(Fact_Quality_Sampling!$H$2:$H$337) -> 0 | F9: 5 | G9: =SUMIFS(Fact_Production_Hourly!$K$2:$K$337,Fact_Production_Hourly!$C$2:$C$337,F9) -> 329757 | L9: M6 | M9: =SUMIFS(Fact_Production_Hourly!$K$2:$K$337,Fact_Production_Hourly!$D$2:$D$337,L9)/SUMIFS(Fact_Production_Hourly!$J$2:$J$337,Fact_Production_Hourly!$D$2:$D$337,L9) -> 0.88578062
A10: - Major Defect Share | B10: =SUM(Fact_Quality_Sampling!$J$2:$J$337)/SUM(Fact_Quality_Sampling!$H$2:$H$337) -> 0.28282828 | F10: 6 | G10: =SUMIFS(Fact_Production_Hourly!$K$2:$K$337,Fact_Production_Hourly!$C$2:$C$337,F10) -> 327997 | L10: M7 | M10: =SUMIFS(Fact_Production_Hourly!$K$2:$K$337,Fact_Production_Hourly!$D$2:$D$337,L10)/SUMIFS(Fact_Production_Hourly!$J$2:$J$337,Fact_Production_Hourly!$D$2:$D$337,L10) -> 0.88604283
A11: - Minor Defect Share | B11: =SUM(Fact_Quality_Sampling!$K$2:$K$337)/SUM(Fact_Quality_Sampling!$H$2:$H$337) -> 0.71717172 | F11: 7 | G11: =SUMIFS(Fact_Production_Hourly!$K$2:$K$337,Fact_Production_Hourly!$C$2:$C$337,F11) -> 342391
F12: 8 | G12: =SUMIFS(Fact_Production_Hourly!$K$2:$K$337,Fact_Production_Hourly!$C$2:$C$337,F12) -> 332231
F13: 9 | G13: =SUMIFS(Fact_Production_Hourly!$K$2:$K$337,Fact_Production_Hourly!$C$2:$C$337,F13) -> 344261
F14: 10 | G14: =SUMIFS(Fact_Production_Hourly!$K$2:$K$337,Fact_Production_Hourly!$C$2:$C$337,F14) -> 336146
F15: 11 | G15: =SUMIFS(Fact_Production_Hourly!$K$2:$K$337,Fact_Production_Hourly!$C$2:$C$337,F15) -> 339673
F16: 12 | G16: =SUMIFS(Fact_Production_Hourly!$K$2:$K$337,Fact_Production_Hourly!$C$2:$C$337,F16) -> 341599
F17: 13 | G17: =SUMIFS(Fact_Production_Hourly!$K$2:$K$337,Fact_Production_Hourly!$C$2:$C$337,F17) -> 345543
F18: 14 | G18: =SUMIFS(Fact_Production_Hourly!$K$2:$K$337,Fact_Production_Hourly!$C$2:$C$337,F18) -> 319429
F19: 15 | G19: =SUMIFS(Fact_Production_Hourly!$K$2:$K$337,Fact_Production_Hourly!$C$2:$C$337,F19) -> 339712
F20: 16 | G20: =SUMIFS(Fact_Production_Hourly!$K$2:$K$337,Fact_Production_Hourly!$C$2:$C$337,F20) -> 330608
F21: 17 | G21: =SUMIFS(Fact_Production_Hourly!$K$2:$K$337,Fact_Production_Hourly!$C$2:$C$337,F21) -> 328956
F22: 18 | G22: =SUMIFS(Fact_Production_Hourly!$K$2:$K$337,Fact_Production_Hourly!$C$2:$C$337,F22) -> 341672
F23: 19 | G23: =SUMIFS(Fact_Production_Hourly!$K$2:$K$337,Fact_Production_Hourly!$C$2:$C$337,F23) -> 338998
... F27: 23 | G27: =SUMIFS(Fact_Production_Hourly!$K$2:$K$337,Fact_Production_Hourly!$C$2:$C$337,F27) -> 346208

Sheet Decision_Layer
A1: Industrial Decision Layer - Thresholds & Required Actions
A3: KPI | B3: Good | C3: Warning | D3: Bad | E3: Action if Warning | F3: Action if Bad
A4: OEE | B4: >= 85% | C4: 70% - 84% | D4: < 70% | E4: Review the weakest of Availability/Performance/Quality for the shift; brief the shift lead. | F4: Stop and root-cause: check changeover/downtime logs, mold condition, and defect Pareto before resuming full-speed run.
A5: Efficiency % | B5: >= 90% | C5: 80% - 89% | D5: < 80% | E5: Check for minor speed loss or short stoppages; verify machine is running at rated speed. | F5: Investigate downtime causes (mechanical, material feed, operator) and speed loss; escalate to maintenance.
A6: Pack-to-Melt % | B6: >= 85% | C6: 75% - 84% | D6: < 75% | E6: Review scrap/rejects at the hot end and cooling; check for glass loss between melt and pack. | F6: Stop and inspect furnace-to-press glass flow and job-change losses; significant tonnage is being lost.
A7: First Pass Yield (FPY) | B7: >= 95% | C7: 90% - 94% | D7: < 90% | E7: Review recent mold/tooling wear and process drift on the affected machine/product. | F7: Halt the line for mold/tooling inspection; a systemic first-pass quality issue is likely.
A8: Defect Rate % | B8: <= 3% | C8: 3% - 6% | D8: > 6% | E8: Increase sampling frequency temporarily and monitor the trend for the next 2 hours. | F8: Stop the machine and investigate mold, glass temperature, or operator technique immediately.
A9: Critical Defects (trend) | B9: flat/zero | C9: isolated increase | D9: sustained increase | E9: Notify shift QC lead; re-inspect the last 2 hours of that machine's output. | F9: Stop machine immediately and investigate mold/tooling; quarantine the affected pallets.
A10: Scrap Rate | B10: <= 2% | C10: 2% - 5% | D10: > 5% | E10: Check press settings and glass temperature consistency. | F10: Stop and recalibrate machine settings; escalate to process engineer.

Sheet Data_Dictionary
A1: Data Dictionary & Modeling Notes - Kandil Glass Factory #3
A3: Sheet | B3: Grain Definition | C3: Keys / Star-Schema Relationship
A4: Fact_Production_Hourly | B4: 1 row per Machine per Hour per Product per Shift (7 machines x 24h x 2 days = 336 rows). | C4: PK: ProdKey (DateKey-HourKey-MachineKey). FKs: DateKey->Dim_Date, HourKey->Dim_Time, MachineKey->Dim_Machine, ShiftKey->Dim_Shift, ProductKey->Dim_Product.
A5: Fact_Quality_Sampling | B5: 1 row per Machine per Hour, aggregating that hour's sample (SampleSize = Forms x 2). Chosen over a literal per-sampled-unit grain (~250 units/hour x 336 hours = ~85,000 rows) to stay practical in Excel, while still carrying full Critical/Major/Minor breakdown and weight/diameter/height tolerance-check counts per hour. | C5: PK: SampleKey. Same FKs as Fact_Production_Hourly, joins 1:1 on DateKey+HourKey+MachineKey.
A6: Fact_Inspection | B6: 1 row per Order per Inspection event (6 sample orders). | C6: PK: InspectionKey. FKs: CustomerKey->Dim_Customer, InspectorKey->Dim_Inspector, ShiftKey->Dim_Shift, DateKey->Dim_Date, ProductKey->Dim_Product.
A7: Dim_Date | B7: 1 row per calendar day. | C7: PK: DateKey (YYYYMMDD integer).
A8: Dim_Time | B8: 1 row per hour-of-day (0-23). | C8: PK: HourKey. AM shift = hours 6-17, PM shift = hours 18-5 (720 min each).
A9: Dim_Shift | B9: 1 row per Group x AM/PM permutation across the 3-week rotation. | C9: PK: ShiftKey (e.g. A-AM).
A10: Dim_Machine | B10: 1 row per pressing machine (7 total). | C10: PK: MachineKey. Units/cycle = Forms.
A11: Dim_Product | B11: 1 row per product code (3 sample products). | C11: PK: ProductKey. Min/Max = Design +/- Tolerance.
A12: Dim_Defect | B12: 1 row per defect code (6 sample defects). | C12: PK: DefectCode. Classification: Critical/Major/Minor.
A13: Dim_Inspector | B13: 1 row per QC inspector. | C13: PK: InspectorKey.
A14: Dim_Customer | B14: 1 row per customer. | C14: PK: CustomerKey.
A16: DATA CLEANING RULES
A17: - Missing hourly data: flag the ProdKey as missing rather than deleting the hour; do not interpolate Actual Production (masks real downtime) - instead set ActualProductionUnits=0 and DowntimeMinutes=60, which correctly drags Availability to 0 for that hour.
A18: - Standardizing defect names: enforce defect entry via Dim_Defect's DefectCode only (dropdown/validation), never free-text defect names, so 'Bubble' / 'bubbles' / 'Air bubble' always resolve to one canonical D03 row.
A19: - No duplicate records: ProdKey (DateKey-HourKey-MachineKey) and SampleKey must be unique - enforce with a UNIQUE/COUNTIFS check column before load, or a Power Query dedupe step keyed on those columns.
A20: - Out-of-tolerance measurements: never discard - keep the raw measurement and let the OK/NOT OK formula classify it; out-of-tolerance rows are exactly the signal Quality/FPY KPIs need, not data errors to clean away.

Sheet Fact_Production_Hourly
A1: ProdKey (PK) | B1: DateKey (FK) | C1: HourKey (FK) | D1: MachineKey (FK) | E1: ShiftKey (FK) | F1: ProductKey (FK) | G1: PlannedMinutes | H1: DowntimeMinutes | I1: OperatingMinutes | J1: DesignCapacityUnits | K1: ActualProductionUnits | L1: ScrapUnits | M1: GoodUnits | N1: EfficiencyPct | O1: Availability | P1: Performance | Q1: QualityRate | R1: OEE | S1: MoltenGlassTons | T1: OutputTons | U1: PackToMeltPct
A2: 20260701-00-M1 | B2: 20260701 | C2: 0 | D2: M1 | E2: B-PM | F2: A | G2: 60 | H2: 5.6 | I2: =G2-H2 -> 54.4 | J2: =INDEX(Dim_Machine!$E$2:$E$8,MATCH(D2,Dim_Machine!$A$2:$A$8,0))*INDEX(Dim_Machine!$D$2:$D$8,MATCH(D2,Dim_Machine!$A$2:$A$8,0))*I2 -> 21760 | K2: =ROUND(J2*0.864,0) -> 18801 | L2: =ROUND(K2*0.0185,0) -> 348 | M2: =K2-L2 -> 18453 | N2: =IFERROR(K2/J2,0) -> 0.86401654 | O2: =IFERROR(I2/G2,0) -> 0.90666667 | P2: =IFERROR((K2/I2)/(INDEX(Dim_Machine!$E$2:$E$8,MATCH(D2,Dim_Machine!$A$2:$A$8,0))*INDEX(Dim_Machine!$D$2:$D$8,MATCH(D2,Dim_Machine!$A$2:$A$8,0))),0) -> 0.86401654 | Q2: =IFERROR(M2/K2,0) -> 0.98149035 | R2: =O2*P2*Q2 -> 0.768875 | S2: =T2/0.842 -> 5.4789192 | T2: =M2*INDEX(Dim_Product!$C$2:$C$4,MATCH(F2,Dim_Product!$A$2:$A$4,0))/1000000 -> 4.61325 | U2: =IFERROR(T2/S2,0) -> 0.842
A3: 20260701-00-M2 | B3: 20260701 | C3: 0 | D3: M2 | E3: B-PM | F3: C | G3: 60 | H3: 7 | I3: =G3-H3 -> 53 | J3: =INDEX(Dim_Machine!$E$2:$E$8,MATCH(D3,Dim_Machine!$A$2:$A$8,0))*INDEX(Dim_Machine!$D$2:$D$8,MATCH(D3,Dim_Machine!$A$2:$A$8,0))*I3 -> 35616 | K3: =ROUND(J3*0.932,0) -> 33194 | L3: =ROUND(K3*0.0098,0) -> 325 | M3: =K3-L3 -> 32869 | N3: =IFERROR(K3/J3,0) -> 0.93199686 | O3: =IFERROR(I3/G3,0) -> 0.88333333 | P3: =IFERROR((K3/I3)/(INDEX(Dim_Machine!$E$2:$E$8,MATCH(D3,Dim_Machine!$A$2:$A$8,0))*INDEX(Dim_Machine!$D$2:$D$8,MATCH(D3,Dim_Machine!$A$2:$A$8,0))),0) -> 0.93199686 | Q3: =IFERROR(M3/K3,0) -> 0.99020907 | R3: =O3*P3*Q3 -> 0.81520337 | S3: =T3/0.863 -> 7.6173812 | T3: =M3*INDEX(Dim_Product!$C$2:$C$4,MATCH(F3,Dim_Product!$A$2:$A$4,0))/1000000 -> 6.5738 | U3: =IFERROR(T3/S3,0) -> 0.863
A4: 20260701-00-M3 | B4: 20260701 | C4: 0 | D4: M3 | E4: B-PM | F4: A | G4: 60 | H4: 2.2 | I4: =G4-H4 -> 57.8 | J4: =INDEX(Dim_Machine!$E$2:$E$8,MATCH(D4,Dim_Machine!$A$2:$A$8,0))*INDEX(Dim_Machine!$D$2:$D$8,MATCH(D4,Dim_Machine!$A$2:$A$8,0))*I4 -> 15259.2 | K4: =ROUND(J4*0.823,0) -> 12558 | L4: =ROUND(K4*0.0279,0) -> 350 | M4: =K4-L4 -> 12208 | N4: =IFERROR(K4/J4,0) -> 0.82297892 | O4: =IFERROR(I4/G4,0) -> 0.96333333 | P4: =IFERROR((K4/I4)/(INDEX(Dim_Machine!$E$2:$E$8,MATCH(D4,Dim_Machine!$A$2:$A$8,0))*INDEX(Dim_Machine!$D$2:$D$8,MATCH(D4,Dim_Machine!$A$2:$A$8,0))),0) -> 0.82297892 | Q4: =IFERROR(M4/K4,0) -> 0.97212932 | R4: =O4*P4*Q4 -> 0.77070707 | S4: =T4/0.815 -> 3.7447853 | T4: =M4*INDEX(Dim_Product!$C$2:$C$4,MATCH(F4,Dim_Product!$A$2:$A$4,0))/1000000 -> 3.052 | U4: =IFERROR(T4/S4,0) -> 0.815
A5: 20260701-00-M4 | B5: 20260701 | C5: 0 | D5: M4 | E5: B-PM | F5: A | G5: 60 | H5: 3 | I5: =G5-H5 -> 57 | J5: =INDEX(Dim_Machine!$E$2:$E$8,MATCH(D5,Dim_Machine!$A$2:$A$8,0))*INDEX(Dim_Machine!$D$2:$D$8,MATCH(D5,Dim_Machine!$A$2:$A$8,0))*I5 -> 41040 | K5: =ROUND(J5*0.852,0) -> 34966 | L5: =ROUND(K5*0.0153,0) -> 535 | M5: =K5-L5 -> 34431 | N5: =IFERROR(K5/J5,0) -> 0.85199805 | O5: =IFERROR(I5/G5,0) -> 0.95 | P5: =IFERROR((K5/I5)/(INDEX(Dim_Machine!$E$2:$E$8,MATCH(D5,Dim_Machine!$A$2:$A$8,0))*INDEX(Dim_Machine!$D$2:$D$8,MATCH(D5,Dim_Machine!$A$2:$A$8,0))),0) -> 0.85199805 | Q5: =IFERROR(M5/K5,0) -> 0.98469942 | R5: =O5*P5*Q5 -> 0.79701389 | S5: =T5/0.84 -> 10.247321 | T5: =M5*INDEX(Dim_Product!$C$2:$C$4,MATCH(F5,Dim_Product!$A$2:$A$4,0))/1000000 -> 8.60775 | U5: =IFERROR(T5/S5,0) -> 0.84
A6: 20260701-00-M5 | B6: 20260701 | C6: 0 | D6: M5 | E6: B-PM | F6: A | G6: 60 | H6: 0.3 | I6: =G6-H6 -> 59.7 | J6: =INDEX(Dim_Machine!$E$2:$E$8,MATCH(D6,Dim_Machine!$A$2:$A$8,0))*INDEX(Dim_Machine!$D$2:$D$8,MATCH(D6,Dim_Machine!$A$2:$A$8,0))*I6 -> 24835.2 | K6: =ROUND(J6*0.872,0) -> 21656 | L6: =ROUND(K6*0.0087,0) -> 188 | M6: =K6-L6 -> 21468 | N6: =IFERROR(K6/J6,0) -> 0.87198815 | O6: =IFERROR(I6/G6,0) -> 0.995 | P6: =IFERROR((K6/I6)/(INDEX(Dim_Machine!$E$2:$E$8,MATCH(D6,Dim_Machine!$A$2:$A$8,0))*INDEX(Dim_Machine!$D$2:$D$8,MATCH(D6,Dim_Machine!$A$2:$A$8,0))),0) -> 0.87198815 | Q6: =IFERROR(M6/K6,0) -> 0.9913188 | R6: =O6*P6*Q6 -> 0.86009615 | S6: =T6/0.938 -> 5.7217484 | T6: =M6*INDEX(Dim_Product!$C$2:$C$4,MATCH(F6,Dim_Product!$A$2:$A$4,0))/1000000 -> 5.367 | U6: =IFERROR(T6/S6,0) -> 0.938
A7: 20260701-00-M6 | B7: 20260701 | C7: 0 | D7: M6 | E7: B-PM | F7: C | G7: 60 | H7: 0.6 | I7: =G7-H7 -> 59.4 | J7: =INDEX(Dim_Machine!$E$2:$E$8,MATCH(D7,Dim_Machine!$A$2:$A$8,0))*INDEX(Dim_Machine!$D$2:$D$8,MATCH(D7,Dim_Machine!$A$2:$A$8,0))*I7 -> 17107.2 | K7: =ROUND(J7*0.839,0) -> 14353 | L7: =ROUND(K7*0.0239,0) -> 343 | M7: =K7-L7 -> 14010 | N7: =IFERROR(K7/J7,0) -> 0.83900346 | O7: =IFERROR(I7/G7,0) -> 0.99 | P7: =IFERROR((K7/I7)/(INDEX(Dim_Machine!$E$2:$E$8,MATCH(D7,Dim_Machine!$A$2:$A$8,0))*INDEX(Dim_Machine!$D$2:$D$8,MATCH(D7,Dim_Machine!$A$2:$A$8,0))),0) -> 0.83900346 | Q7: =IFERROR(M7/K7,0) -> 0.97610256 | R7: =O7*P7*Q7 -> 0.81076389 | S7: =T7/0.933 -> 3.0032154 | T7: =M7*INDEX(Dim_Product!$C$2:$C$4,MATCH(F7,Dim_Product!$A$2:$A$4,0))/1000000 -> 2.802 | U7: =IFERROR(T7/S7,0) -> 0.933
A8: 20260701-00-M7 | B8: 20260701 | C8: 0 | D8: M7 | E8: B-PM | F8: A | G8: 60 | H8: 2.9 | I8: =G8-H8 -> 57.1 | J8: =INDEX(Dim_Machine!$E$2:$E$8,MATCH(D8,Dim_Machine!$A$2:$A$8,0))*INDEX(Dim_Machine!$D$2:$D$8,MATCH(D8,Dim_Machine!$A$2:$A$8,0))*I8 -> 37000.8 | K8: =ROUND(J8*0.818,0) -> 30267 | L8: =ROUND(K8*0.0071,0) -> 215 | M8: =K8-L8 -> 30052 | N8: =IFERROR(K8/J8,0) -> 0.81800934 | O8: =IFERROR(I8/G8,0) -> 0.95166667 | P8: =IFERROR((K8/I8)/(INDEX(Dim_Machine!$E$2:$E$8,MATCH(D8,Dim_Machine!$A$2:$A$8,0))*INDEX(Dim_Machine!$D$2:$D$8,MATCH(D8,Dim_Machine!$A$2:$A$8,0))),0) -> 0.81800934 | Q8: =IFERROR(M8/K8,0) -> 0.99289655 | R8: =O8*P8*Q8 -> 0.77294239 | S8: =T8/0.899 -> 8.3570634 | T8: =M8*INDEX(Dim_Product!$C$2:$C$4,MATCH(F8,Dim_Product!$A$2:$A$4,0))/1000000 -> 7.513 | U8: =IFERROR(T8/S8,0) -> 0.899
A9: 20260701-01-M1 | B9: 20260701 | C9: 1 | D9: M1 | E9: B-PM | F9: A | G9: 60 | H9: 6.2 | I9: =G9-H9 -> 53.8 | J9: =INDEX(Dim_Machine!$E$2:$E$8,MATCH(D9,Dim_Machine!$A$2:$A$8,0))*INDEX(Dim_Machine!$D$2:$D$8,MATCH(D9,Dim_Machine!$A$2:$A$8,0))*I9 -> 21520 | K9: =ROUND(J9*0.977,0) -> 21025 | L9: =ROUND(K9*0.0307,0) -> 645 | M9: =K9-L9 -> 20380 | N9: =IFERROR(K9/J9,0) -> 0.97699814 | O9: =IFERROR(I9/G9,0) -> 0.89666667 | P9: =IFERROR((K9/I9)/(INDEX(Dim_Machine!$E$2:$E$8,MATCH(D9,Dim_Machine!$A$2:$A$8,0))*INDEX(Dim_Machine!$D$2:$D$8,MATCH(D9,Dim_Machine!$A$2:$A$8,0))),0) -> 0.97699814 | Q9: =IFERROR(M9/K9,0) -> 0.96932224 | R9: =O9*P9*Q9 -> 0.84916667 | S9: =T9/0.93 -> 5.4784946 | T9: =M9*INDEX(Dim_Product!$C$2:$C$4,MATCH(F9,Dim_Product!$A$2:$A$4,0))/1000000 -> 5.095 | U9: =IFERROR(T9/S9,0) -> 0.93
A10: 20260701-01-M2 | B10: 20260701 | C10: 1 | D10: M2 | E10: B-PM | F10: C | G10: 60 | H10: 3 | I10: =G10-H10 -> 57 | J10: =INDEX(Dim_Machine!$E$2:$E$8,MATCH(D10,Dim_Machine!$A$2:$A$8,0))*INDEX(Dim_Machine!$D$2:$D$8,MATCH(D10,Dim_Machine!$A$2:$A$8,0))*I10 -> 38304 | K10: =ROUND(J10*0.871,0) -> 33363 | L10: =ROUND(K10*0.03,0) -> 1001 | M10: =K10-L10 -> 32362 | N10: =IFERROR(K10/J10,0) -> 0.87100564 | O10: =IFERROR(I10/G10,0) -> 0.95 | P10: =IFERROR((K10/I10)/(INDEX(Dim_Machine!$E$2:$E$8,MATCH(D10,Dim_Machine!$A$2:$A$8,0))*INDEX(Dim_Machine!$D$2:$D$8,MATCH(D10,Dim_Machine!$A$2:$A$8,0))),0) -> 0.87100564 | Q10: =IFERROR(M10/K10,0) -> 0.9699967 | R10: =O10*P10*Q10 -> 0.80262897 | S10: =T10/0.824 -> 7.8548544 | T10: =M10*INDEX(Dim_Product!$C$2:$C$4,MATCH(F10,Dim_Product!$A$2:$A$4,0))/1000000 -> 6.4724 | U10: =IFERROR(T10/S10,0) -> 0.824
A11: 20260701-01-M3 | B11: 20260701 | C11: 1 | D11: M3 | E11: B-PM | F11: A | G11: 60 | H11: 2.8 | I11: =G11-H11 -> 57.2 | J11: =INDEX(Dim_Machine!$E$2:$E$8,MATCH(D11,Dim_Machine!$A$2:$A$8,0))*INDEX(Dim_Machine!$D$2:$D$8,MATCH(D11,Dim_Machine!$A$2:$A$8,0))*I11 -> 15100.8 | K11: =ROUND(J11*0.914,0) -> 13802 | L11: =ROUND(K11*0.0261,0) -> 360 | M11: =K11-L11 -> 13442 | N11: =IFERROR(K11/J11,0) -> 0.91399131 | O11: =IFERROR(I11/G11,0) -> 0.95333333 | P11: =IFERROR((K11/I11)/(INDEX(Dim_Machine!$E$2:$E$8,MATCH(D11,Dim_Machine!$A$2:$A$8,0))*INDEX(Dim_Machine!$D$2:$D$8,MATCH(D11,Dim_Machine!$A$2:$A$8,0))),0) -> 0.91399131 | Q11: =IFERROR(M11/K11,0) -> 0.97391682 | R11: =O11*P11*Q11 -> 0.84861111 | S11: =T11/0.903 -> 3.7214839 | T11: =M11*INDEX(Dim_Product!$C$2:$C$4,MATCH(F11,Dim_Product!$A$2:$A$4,0))/1000000 -> 3.3605 | U11: =IFERROR(T11/S11,0) -> 0.903
A12: 20260701-01-M4 | B12: 20260701 | C12: 1 | D12: M4 | E12: B-PM | F12: A | G12: 60 | H12: 0.6 | I12: =G12-H12 -> 59.4 | J12: =INDEX(Dim_Machine!$E$2:$E$8,MATCH(D12,Dim_Machine!$A$2:$A$8,0))*INDEX(Dim_Machine!$D$2:$D$8,MATCH(D12,Dim_Machine!$A$2:$A$8,0))*I12 -> 42768 | K12: =ROUND(J12*0.907,0) -> 38791 | L12: =ROUND(K12*0.021,0) -> 815 | M12: =K12-L12 -> 37976 | N12: =IFERROR(K12/J12,0) -> 0.90700991 | O12: =IFERROR(I12/G12,0) -> 0.99 | P12: =IFERROR((K12/I12)/(INDEX(Dim_Machine!$E$2:$E$8,MATCH(D12,Dim_Machine!$A$2:$A$8,0))*INDEX(Dim_Machine!$D$2:$D$8,MATCH(D12,Dim_Machine!$A$2:$A$8,0))),0) -> 0.90700991 | Q12: =IFERROR(M12/K12,0) -> 0.97898997 | R12: =O12*P12*Q12 -> 0.87907407 | S12: =T12/0.837 -> 11.342891 | T12: =M12*INDEX(Dim_Product!$C$2:$C$4,MATCH(F12,Dim_Product!$A$2:$A$4,0))/1000000 -> 9.494 | U12: =IFERROR(T12/S12,0) -> 0.837
A13: 20260701-01-M5 | B13: 20260701 | C13: 1 | D13: M5 | E13: B-PM | F13: A | G13: 60 | H13: 3.7 | I13: =G13-H13 -> 56.3 | J13: =INDEX(Dim_Machine!$E$2:$E$8,MATCH(D13,Dim_Machine!$A$2:$A$8,0))*INDEX(Dim_Machine!$D$2:$D$8,MATCH(D13,Dim_Machine!$A$2:$A$8,0))*I13 -> 23420.8 | K13: =ROUND(J13*0.834,0) -> 19533 | L13: =ROUND(K13*0.0328,0) -> 641 | M13: =K13-L13 -> 18892 | N13: =IFERROR(K13/J13,0) -> 0.83400225 | O13: =IFERROR(I13/G13,0) -> 0.93833333 | P13: =IFERROR((K13/I13)/(INDEX(Dim_Machine!$E$2:$E$8,MATCH(D13,Dim_Machine!$A$2:$A$8,0))*INDEX(Dim_Machine!$D$2:$D$8,MATCH(D13,Dim_Machine!$A$2:$A$8,0))),0) -> 0.83400225 | Q13: =IFERROR(M13/K13,0) -> 0.96718374 | R13: =O13*P13*Q13 -> 0.75689103 | S13: =T13/0.903 -> 5.2303433 | T13: =M13*INDEX(Dim_Product!$C$2:$C$4,MATCH(F13,Dim_Product!$A$2:$A$4,0))/1000000 -> 4.723 | U13: =IFERROR(T13/S13,0) -> 0.903
A14: 20260701-01-M6 | B14: 20260701 | C14: 1 | D14: M6 | E14: B-PM | F14: C | G14: 60 | H14: 1.8 | I14: =G14-H14 -> 58.2 | J14: =INDEX(Dim_Machine!$E$2:$E$8,MATCH(D14,Dim_Machine!$A$2:$A$8,0))*INDEX(Dim_Machine!$D$2:$D$8,MATCH(D14,Dim_Machine!$A$2:$A$8,0))*I14 -> 16761.6 | K14: =ROUND(J14*0.845,0) -> 14164 | L14: =ROUND(K14*0.028,0) -> 397 | M14: =K14-L14 -> 13767 | N14: =IFERROR(K14/J14,0) -> 0.84502673 | O14: =IFERROR(I14/G14,0) -> 0.97 | P14: =IFERROR((K14/I14)/(INDEX(Dim_Machine!$E$2:$E$8,MATCH(D14,Dim_Machine!$A$2:$A$8,0))*INDEX(Dim_Machine!$D$2:$D$8,MATCH(D14,Dim_Machine!$A$2:$A$8,0))),0) -> 0.84502673 | Q14: =IFERROR(M14/K14,0) -> 0.97197119 | R14: =O14*P14*Q14 -> 0.79670139 | S14: =T14/0.808 -> 3.4076733 | T14: =M14*INDEX(Dim_Product!$C$2:$C$4,MATCH(F14,Dim_Product!$A$2:$A$4,0))/1000000 -> 2.7534 | U14: =IFERROR(T14/S14,0) -> 0.808
A15: 20260701-01-M7 | B15: 20260701 | C15: 1 | D15: M7 | E15: B-PM | F15: A | G15: 60 | H15: 6.6 | I15: =G15-H15 -> 53.4 | J15: =INDEX(Dim_Machine!$E$2:$E$8,MATCH(D15,Dim_Machine!$A$2:$A$8,0))*INDEX(Dim_Machine!$D$2:$D$8,MATCH(D15,Dim_Machine!$A$2:$A$8,0))*I15 -> 34603.2 | K15: =ROUND(J15*0.941,0) -> 32562 | L15: =ROUND(K15*0.017,0) -> 554 | M15: =K15-L15 -> 32008 | N15: =IFERROR(K15/J15,0) -> 0.94101124 | O15: =IFERROR(I15/G15,0) -> 0.89 | P15: =IFERROR((K15/I15)/(INDEX(Dim_Machine!$E$2:$E$8,MATCH(D15,Dim_Machine!$A$2:$A$8,0))*INDEX(Dim_Machine!$D$2:$D$8,MATCH(D15,Dim_Machine!$A$2:$A$8,0))),0) -> 0.94101124 | Q15: =IFERROR(M15/K15,0) -> 0.9829863 | R15: =O15*P15*Q15 -> 0.82325103 | S15: =T15/0.81 -> 9.8790123 | T15: =M15*INDEX(Dim_Product!$C$2:$C$4,MATCH(F15,Dim_Product!$A$2:$A$4,0))/1000000 -> 8.002 | U15: =IFERROR(T15/S15,0) -> 0.81
A16: 20260701-02-M1 | B16: 20260701 | C16: 2 | D16: M1 | E16: B-PM | F16: A | G16: 60 | H16: 7.3 | I16: =G16-H16 -> 52.7 | J16: =INDEX(Dim_Machine!$E$2:$E$8,MATCH(D16,Dim_Machine!$A$2:$A$8,0))*INDEX(Dim_Machine!$D$2:$D$8,MATCH(D16,Dim_Machine!$A$2:$A$8,0))*I16 -> 21080 | K16: =ROUND(J16*0.893,0) -> 18824 | L16: =ROUND(K16*0.0265,0) -> 499 | M16: =K16-L16 -> 18325 | N16: =IFERROR(K16/J16,0) -> 0.89297913 | O16: =IFERROR(I16/G16,0) -> 0.87833333 | P16: =IFERROR((K16/I16)/(INDEX(Dim_Machine!$E$2:$E$8,MATCH(D16,Dim_Machine!$A$2:$A$8,0))*INDEX(Dim_Machine!$D$2:$D$8,MATCH(D16,Dim_Machine!$A$2:$A$8,0))),0) -> 0.89297913 | Q16: =IFERROR(M16/K16,0) -> 0.97349129 | R16: =O16*P16*Q16 -> 0.76354167 | S16: =T16/0.832 -> 5.5063101 | T16: =M16*INDEX(Dim_Product!$C$2:$C$4,MATCH(F16,Dim_Product!$A$2:$A$4,0))/1000000 -> 4.58125 | U16: =IFERROR(T16/S16,0) -> 0.832
A17: 20260701-02-M2 | B17: 20260701 | C17: 2 | D17: M2 | E17: B-PM | F17: C | G17: 60 | H17: 4 | I17: =G17-H17 -> 56 | J17: =INDEX(Dim_Machine!$E$2:$E$8,MATCH(D17,Dim_Machine!$A$2:$A$8,0))*INDEX(Dim_Machine!$D$2:$D$8,MATCH(D17,Dim_Machine!$A$2:$A$8,0))*I17 -> 37632 | K17: =ROUND(J17*0.957,0) -> 36014 | L17: =ROUND(K17*0.0243,0) -> 875 | M17: =K17-L17 -> 35139 | N17: =IFERROR(K17/J17,0) -> 0.95700468 | O17: =IFERROR(I17/G17,0) -> 0.93333333 | P17: =IFERROR((K17/I17)/(INDEX(Dim_Machine!$E$2:$E$8,MATCH(D17,Dim_Machine!$A$2:$A$8,0))*INDEX(Dim_Machine!$D$2:$D$8,MATCH(D17,Dim_Machine!$A$2:$A$8,0))),0) -> 0.95700468 | Q17: =IFERROR(M17/K17,0) -> 0.97570389 | R17: =O17*P17*Q17 -> 0.87150298 | S17: =T17/0.821 -> 8.5600487 | T17: =M17*INDEX(Dim_Product!$C$2:$C$4,MATCH(F17,Dim_Product!$A$2:$A$4,0))/1000000 -> 7.0278 | U17: =IFERROR(T17/S17,0) -> 0.821 | W17: 85000
A18: 20260701-02-M3 | B18: 20260701 | C18: 2 | D18: M3 | E18: B-PM | F18: A | G18: 60 | H18: 1.1 | I18: =G18-H18 -> 58.9 | J18: =INDEX(Dim_Machine!$E$2:$E$8,MATCH(D18,Dim_Machine!$A$2:$A$8,0))*INDEX(Dim_Machine!$D$2:$D$8,MATCH(D18,Dim_Machine!$A$2:$A$8,0))*I18 -> 15549.6 | K18: =ROUND(J18*0.929,0) -> 14446 | L18: =ROUND(K18*0.0212,0) -> 306 | M18: =K18-L18 -> 14140 | N18: =IFERROR(K18/J18,0) -> 0.92902711 | O18: =IFERROR(I18/G18,0) -> 0.98166667 | P18: =IFERROR((K18/I18)/(INDEX(Dim_Machine!$E$2:$E$8,MATCH(D18,Dim_Machine!$A$2:$A$8,0))*INDEX(Dim_Machine!$D$2:$D$8,MATCH(D18,Dim_Machine!$A$2:$A$8,0))),0) -> 0.92902711 | Q18: =IFERROR(M18/K18,0) -> 0.97881767 | R18: =O18*P18*Q18 -> 0.89267677 | S18: =T18/0.912 -> 3.8760965 | T18: =M18*INDEX(Dim_Product!$C$2:$C$4,MATCH(F18,Dim_Product!$A$2:$A$4,0))/1000000 -> 3.535 | U18: =IFERROR(T18/S18,0) -> 0.912 | W18: 4047000 | X18: 4590000
A19: 20260701-02-M4 | B19: 20260701 | C19: 2 | D19: M4 | E19: B-PM | F19: A | G19: 60 | H19: 3.4 | I19: =G19-H19 -> 56.6 | J19: =INDEX(Dim_Machine!$E$2:$E$8,MATCH(D19,Dim_Machine!$A$2:$A$8,0))*INDEX(Dim_Machine!$D$2:$D$8,MATCH(D19,Dim_Machine!$A$2:$A$8,0))*I19 -> 40752 | K19: =ROUND(J19*0.897,0) -> 36555 | L19: =ROUND(K19*0.0159,0) -> 581 | M19: =K19-L19 -> 35974 | N19: =IFERROR(K19/J19,0) -> 0.89701119 | O19: =IFERROR(I19/G19,0) -> 0.94333333 | P19: =IFERROR((K19/I19)/(INDEX(Dim_Machine!$E$2:$E$8,MATCH(D19,Dim_Machine!$A$2:$A$8,0))*INDEX(Dim_Machine!$D$2:$D$8,MATCH(D19,Dim_Machine!$A$2:$A$8,0))),0) -> 0.89701119 | Q19: =IFERROR(M19/K19,0) -> 0.98410614 | R19: =O19*P19*Q19 -> 0.83273148 | S19: =T19/0.95 -> 9.4668421 | T19: =M19*INDEX(Dim_Product!$C$2:$C$4,MATCH(F19,Dim_Product!$A$2:$A$4,0))/1000000 -> 8.9935 | U19: =IFERROR(T19/S19,0) -> 0.95 | W19: =W17/W18 -> 0.021003212
A20: 20260701-02-M5 | B20: 20260701 | C20: 2 | D20: M5 | E20: B-PM | F20: A | G20: 60 | H20: 1.1 | I20: =G20-H20 -> 58.9 | J20: =INDEX(Dim_Machine!$E$2:$E$8,MATCH(D20,Dim_Machine!$A$2:$A$8,0))*INDEX(Dim_Machine!$D$2:$D$8,MATCH(D20,Dim_Machine!$A$2:$A$8,0))*I20 -> 24502.4 | K20: =ROUND(J20*0.879,0) -> 21538 | L20: =ROUND(K20*0.0277,0) -> 597 | M20: =K20-L20 -> 20941 | N20: =IFERROR(K20/J20,0) -> 0.87901593 | O20: =IFERROR(I20/G20,0) -> 0.98166667 | P20: =IFERROR((K20/I20)/(INDEX(Dim_Machine!$E$2:$E$8,MATCH(D20,Dim_Machine!$A$2:$A$8,0))*INDEX(Dim_Machine!$D$2:$D$8,MATCH(D20,Dim_Machine!$A$2:$A$8,0))),0) -> 0.87901593 | Q20: =IFERROR(M20/K20,0) -> 0.97228155 | R20: =O20*P20*Q20 -> 0.83898237 | S20: =T20/0.929 -> 5.6353606 | T20: =M20*INDEX(Dim_Product!$C$2:$C$4,MATCH(F20,Dim_Product!$A$2:$A$4,0))/1000000 -> 5.23525 | U20: =IFERROR(T20/S20,0) -> 0.929
A21: 20260701-02-M6 | B21: 20260701 | C21: 2 | D21: M6 | E21: B-PM | F21: C | G21: 60 | H21: 1.2 | I21: =G21-H21 -> 58.8 | J21: =INDEX(Dim_Machine!$E$2:$E$8,MATCH(D21,Dim_Machine!$A$2:$A$8,0))*INDEX(Dim_Machine!$D$2:$D$8,MATCH(D21,Dim_Machine!$A$2:$A$8,0))*I21 -> 16934.4 | K21: =ROUND(J21*0.812,0) -> 13751 | L21: =ROUND(K21*0.0254,0) -> 349 | M21: =K21-L21 -> 13402 | N21: =IFERROR(K21/J21,0) -> 0.81201578 | O21: =IFERROR(I21/G21,0) -> 0.98 | P21: =IFERROR((K21/I21)/(INDEX(Dim_Machine!$E$2:$E$8,MATCH(D21,Dim_Machine!$A$2:$A$8,0))*INDEX(Dim_Machine!$D$2:$D$8,MATCH(D21,Dim_Machine!$A$2:$A$8,0))),0) -> 0.81201578 | Q21: =IFERROR(M21/K21,0) -> 0.97462003 | R21: =O21*P21*Q21 -> 0.7755787 | S21: =T21/0.889 -> 3.0150731 | T21: =M21*INDEX(Dim_Product!$C$2:$C$4,MATCH(F21,Dim_Product!$A$2:$A$4,0))/1000000 -> 2.6804 | U21: =IFERROR(T21/S21,0) -> 0.889 | W21: 4123000
A22: 20260701-02-M7 | B22: 20260701 | C22: 2 | D22: M7 | E22: B-PM | F22: A | G22: 60 | H22: 3.1 | I22: =G22-H22 -> 56.9 | J22: =INDEX(Dim_Machine!$E$2:$E$8,MATCH(D22,Dim_Machine!$A$2:$A$8,0))*INDEX(Dim_Machine!$D$2:$D$8,MATCH(D22,Dim_Machine!$A$2:$A$8,0))*I22 -> 36871.2 | K22: =ROUND(J22*0.899,0) -> 33147 | L22: =ROUND(K22*0.019,0) -> 630 | M22: =K22-L22 -> 32517 | N22: =IFERROR(K22/J22,0) -> 0.89899434 | O22: =IFERROR(I22/G22,0) -> 0.94833333 | P22: =IFERROR((K22/I22)/(INDEX(Dim_Machine!$E$2:$E$8,MATCH(D22,Dim_Machine!$A$2:$A$8,0))*INDEX(Dim_Machine!$D$2:$D$8,MATCH(D22,Dim_Machine!$A$2:$A$8,0))),0) -> 0.89899434 | Q22: =IFERROR(M22/K22,0) -> 0.98099376 | R22: =O22*P22*Q22 -> 0.83634259 | S22: =T22/0.838 -> 9.7007757 | T22: =M22*INDEX(Dim_Product!$C$2:$C$4,MATCH(F22,Dim_Product!$A$2:$A$4,0))/1000000 -> 8.12925 | U22: =IFERROR(T22/S22,0) -> 0.838 | W22: =W21/X18 -> 0.89825708
A23: 20260701-03-M1 | B23: 20260701 | C23: 3 | D23: M1 | E23: B-PM | F23: A | G23: 60 | H23: 4.4 | I23: =G23-H23 -> 55.6 | J23: =INDEX(Dim_Machine!$E$2:$E$8,MATCH(D23,Dim_Machine!$A$2:$A$8,0))*INDEX(Dim_Machine!$D$2:$D$8,MATCH(D23,Dim_Machine!$A$2:$A$8,0))*I23 -> 22240 | K23: =ROUND(J23*0.968,0) -> 21528 | L23: =ROUND(K23*0.0254,0) -> 547 | M23: =K23-L23 -> 20981 | N23: =IFERROR(K23/J23,0) -> 0.96798561 | O23: =IFERROR(I23/G23,0) -> 0.92666667 | P23: =IFERROR((K23/I23)/(INDEX(Dim_Machine!$E$2:$E$8,MATCH(D23,Dim_Machine!$A$2:$A$8,0))*INDEX(Dim_Machine!$D$2:$D$8,MATCH(D23,Dim_Machine!$A$2:$A$8,0))),0) -> 0.96798561 | Q23: =IFERROR(M23/K23,0) -> 0.97459123 | R23: =O23*P23*Q23 -> 0.87420833 | S23: =T23/0.817 -> 6.4201346 | T23: =M23*INDEX(Dim_Product!$C$2:$C$4,MATCH(F23,Dim_Product!$A$2:$A$4,0))/1000000 -> 5.24525 | U23: =IFERROR(T23/S23,0) -> 0.817 | W23: =W22*100 -> 89.825708
A24: 20260701-03-M2 | B24: 20260701 | C24: 3 | D24: M2 | E24: B-PM | F24: C | G24: 60 | H24: 7.1 | I24: =G24-H24 -> 52.9 | J24: =INDEX(Dim_Machine!$E$2:$E$8,MATCH(D24,Dim_Machine!$A$2:$A$8,0))*INDEX(Dim_Machine!$D$2:$D$8,MATCH(D24,Dim_Machine!$A$2:$A$8,0))*I24 -> 35548.8 | K24: =ROUND(J24*0.93,0) -> 33060 | L24: =ROUND(K24*0.0281,0) -> 929 | M24: =K24-L24 -> 32131 | N24: =IFERROR(K24/J24,0) -> 0.9299892 | O24: =IFERROR(I24/G24,0) -> 0.88166667 | P24: =IFERROR((K24/I24)/(INDEX(Dim_Machine!$E$2:$E$8,MATCH(D24,Dim_Machine!$A$2:$A$8,0))*INDEX(Dim_Machine!$D$2:$D$8,MATCH(D24,Dim_Machine!$A$2:$A$8,0))),0) -> 0.9299892 | Q24: =IFERROR(M24/K24,0) -> 0.97189958 | R24: =O24*P24*Q24 -> 0.7968998 | S24: =T24/0.851 -> 7.5513514 | T24: =M24*INDEX(Dim_Product!$C$2:$C$4,MATCH(F24,Dim_Product!$A$2:$A$4,0))/1000000 -> 6.4262 | U24: =IFERROR(T24/S24,0) -> 0.851
A25: 20260701-03-M3 | B25: 20260701 | C25: 3 | D25: M3 | E25: B-PM | F25: A | G25: 60 | H25: 2.3 | I25: =G25-H25 -> 57.7 | J25: =INDEX(Dim_Machine!$E$2:$E$8,MATCH(D25,Dim_Machine!$A$2:$A$8,0))*INDEX(Dim_Machine!$D$2:$D$8,MATCH(D25,Dim_Machine!$A$2:$A$8,0))*I25 -> 15232.8 | K25: =ROUND(J25*0.812,0) -> 12369 | L25: =ROUND(K25*0.0051,0) -> 63 | M25: =K25-L25 -> 12306 | N25: =IFERROR(K25/J25,0) -> 0.81199779 | O25: =IFERROR(I25/G25,0) -> 0.96166667 | P25: =IFERROR((K25/I25)/(INDEX(Dim_Machine!$E$2:$E$8,MATCH(D25,Dim_Machine!$A$2:$A$8,0))*INDEX(Dim_Machine!$D$2:$D$8,MATCH(D25,Dim_Machine!$A$2:$A$8,0))),0) -> 0.81199779 | Q25: =IFERROR(M25/K25,0) -> 0.99490662 | R25: =O25*P25*Q25 -> 0.77689394 | S25: =T25/0.908 -> 3.3882159 | T25: =M25*INDEX(Dim_Product!$C$2:$C$4,MATCH(F25,Dim_Product!$A$2:$A$4,0))/1000000 -> 3.0765 | U25: =IFERROR(T25/S25,0) -> 0.908
A26: 20260701-03-M4 | B26: 20260701 | C26: 3 | D26: M4 | E26: B-PM | F26: A | G26: 60 | H26: 5.8 | I26: =G26-H26 -> 54.2 | J26: =INDEX(Dim_Machine!$E$2:$E$8,MATCH(D26,Dim_Machine!$A$2:$A$8,0))*INDEX(Dim_Machine!$D$2:$D$8,MATCH(D26,Dim_Machine!$A$2:$A$8,0))*I26 -> 39024 | K26: =ROUND(J26*0.974,0) -> 38009 | L26: =ROUND(K26*0.0279,0) -> 1060 | M26: =K26-L26 -> 36949 | N26: =IFERROR(K26/J26,0) -> 0.97399036 | O26: =IFERROR(I26/G26,0) -> 0.90333333 | P26: =IFERROR((K26/I26)/(INDEX(Dim_Machine!$E$2:$E$8,MATCH(D26,Dim_Machine!$A$2:$A$8,0))*INDEX(Dim_Machine!$D$2:$D$8,MATCH(D26,Dim_Machine!$A$2:$A$8,0))),0) -> 0.97399036 | Q26: =IFERROR(M26/K26,0) -> 0.97211187 | R26: =O26*P26*Q26 -> 0.85530093 | S26: =T26/0.876 -> 10.544806 | T26: =M26*INDEX(Dim_Product!$C$2:$C$4,MATCH(F26,Dim_Product!$A$2:$A$4,0))/1000000 -> 9.23725 | U26: =IFERROR(T26/S26,0) -> 0.876
A27: 20260701-03-M5 | B27: 20260701 | C27: 3 | D27: M5 | E27: B-PM | F27: A | G27: 60 | H27: 0.9 | I27: =G27-H27 -> 59.1 | J27: =INDEX(Dim_Machine!$E$2:$E$8,MATCH(D27,Dim_Machine!$A$2:$A$8,0))*INDEX(Dim_Machine!$D$2:$D$8,MATCH(D27,Dim_Machine!$A$2:$A$8,0))*I27 -> 24585.6 | K27: =ROUND(J27*0.905,0) -> 22250 | L27: =ROUND(K27*0.0303,0) -> 674 | M27: =K27-L27 -> 21576 | N27: =IFERROR(K27/J27,0) -> 0.9050013 | O27: =IFERROR(I27/G27,0) -> 0.985 | P27: =IFERROR((K27/I27)/(INDEX(Dim_Machine!$E$2:$E$8,MATCH(D27,Dim_Machine!$A$2:$A$8,0))*INDEX(Dim_Machine!$D$2:$D$8,MATCH(D27,Dim_Machine!$A$2:$A$8,0))),0) -> 0.9050013 | Q27: =IFERROR(M27/K27,0) -> 0.96970787 | R27: =O27*P27*Q27 -> 0.86442308 | S27: =T27/0.876 -> 6.1575342 | T27: =M27*INDEX(Dim_Product!$C$2:$C$4,MATCH(F27,Dim_Product!$A$2:$A$4,0))/1000000 -> 5.394 | U27: =IFERROR(T27/S27,0) -> 0.876
A28: 20260701-03-M6 | B28: 20260701 | C28: 3 | D28: M6 | E28: B-PM | F28: C | G28: 60 | H28: 1.6 | I28: =G28-H28 -> 58.4 | J28: =INDEX(Dim_Machine!$E$2:$E$8,MATCH(D28,Dim_Machine!$A$2:$A$8,0))*INDEX(Dim_Machine!$D$2:$D$8,MATCH(D28,Dim_Machine!$A$2:$A$8,0))*I28 -> 16819.2 | K28: =ROUND(J28*0.855,0) -> 14380 | L28: =ROUND(K28*0.0098,0) -> 141 | M28: =K28-L28 -> 14239 | N28: =IFERROR(K28/J28,0) -> 0.85497527 | O28: =IFERROR(I28/G28,0) -> 0.97333333 | P28: =IFERROR((K28/I28)/(INDEX(Dim_Machine!$E$2:$E$8,MATCH(D28,Dim_Machine!$A$2:$A$8,0))*INDEX(Dim_Machine!$D$2:$D$8,MATCH(D28,Dim_Machine!$A$2:$A$8,0))),0) -> 0.85497527 | Q28: =IFERROR(M28/K28,0) -> 0.99019471 | R28: =O28*P28*Q28 -> 0.8240162 | S28: =T28/0.943 -> 3.0199364 | T28: =M28*INDEX(Dim_Product!$C$2:$C$4,MATCH(F28,Dim_Product!$A$2:$A$4,0))/1000000 -> 2.8478 | U28: =IFERROR(T28/S28,0) -> 0.943
A29: 20260701-03-M7 | B29: 20260701 | C29: 3 | D29: M7 | E29: B-PM | F29: A | G29: 60 | H29: 7.4 | I29: =G29-H29 -> 52.6 | J29: =INDEX(Dim_Machine!$E$2:$E$8,MATCH(D29,Dim_Machine!$A$2:$A$8,0))*INDEX(Dim_Machine!$D$2:$D$8,MATCH(D29,Dim_Machine!$A$2:$A$8,0))*I29 -> 34084.8 | K29: =ROUND(J29*0.964,0) -> 32858 | L29: =ROUND(K29*0.023,0) -> 756 | M29: =K29-L29 -> 32102 | N29: =IFERROR(K29/J29,0) -> 0.96400742 | O29: =IFERROR(I29/G29,0) -> 0.87666667 | P29: =IFERROR((K29/I29)/(INDEX(Dim_Machine!$E$2:$E$8,MATCH(D29,Dim_Machine!$A$2:$A$8,0))*INDEX(Dim_Machine!$D$2:$D$8,MATCH(D29,Dim_Machine!$A$2:$A$8,0))),0) -> 0.96400742 | Q29: =IFERROR(M29/K29,0) -> 0.9769919 | R29: =O29*P29*Q29 -> 0.82566872 | S29: =T29/0.873 -> 9.1930126 | T29: =M29*INDEX(Dim_Product!$C$2:$C$4,MATCH(F29,Dim_Product!$A$2:$A$4,0))/1000000 -> 8.0255 | U29: =IFERROR(T29/S29,0) -> 0.873
A30: 20260701-04-M1 | B30: 20260701 | C30: 4 | D30: M1 | E30: B-PM | F30: A | G30: 60 | H30: 0.9 | I30: =G30-H30 -> 59.1 | J30: =INDEX(Dim_Machine!$E$2:$E$8,MATCH(D30,Dim_Machine!$A$2:$A$8,0))*INDEX(Dim_Machine!$D$2:$D$8,MATCH(D30,Dim_Machine!$A$2:$A$8,0))*I30 -> 23640 | K30: =ROUND(J30*0.853,0) -> 20165 | L30: =ROUND(K30*0.0346,0) -> 698 | M30: =K30-L30 -> 19467 | N30: =IFERROR(K30/J30,0) -> 0.85300338 | O30: =IFERROR(I30/G30,0) -> 0.985 | P30: =IFERROR((K30/I30)/(INDEX(Dim_Machine!$E$2:$E$8,MATCH(D30,Dim_Machine!$A$2:$A$8,0))*INDEX(Dim_Machine!$D$2:$D$8,MATCH(D30,Dim_Machine!$A$2:$A$8,0))),0) -> 0.85300338 | Q30: =IFERROR(M30/K30,0) -> 0.96538557 | R30: =O30*P30*Q30 -> 0.811125 | S30: =T30/0.921 -> 5.284202 | T30: =M30*INDEX(Dim_Product!$C$2:$C$4,MATCH(F30,Dim_Product!$A$2:$A$4,0))/1000000 -> 4.86675 | U30: =IFERROR(T30/S30,0) -> 0.921
A31: 20260701-04-M2 | B31: 20260701 | C31: 4 | D31: M2 | E31: B-PM | F31: C | G31: 60 | H31: 1.9 | I31: =G31-H31 -> 58.1 | J31: =INDEX(Dim_Machine!$E$2:$E$8,MATCH(D31,Dim_Machine!$A$2:$A$8,0))*INDEX(Dim_Machine!$D$2:$D$8,MATCH(D31,Dim_Machine!$A$2:$A$8,0))*I31 -> 39043.2 | K31: =ROUND(J31*0.828,0) -> 32328 | L31: =ROUND(K31*0.022,0) -> 711 | M31: =K31-L31 -> 31617 | N31: =IFERROR(K31/J31,0) -> 0.8280059 | O31: =IFERROR(I31/G31,0) -> 0.96833333 | P31: =IFERROR((K31/I31)/(INDEX(Dim_Machine!$E$2:$E$8,MATCH(D31,Dim_Machine!$A$2:$A$8,0))*INDEX(Dim_Machine!$D$2:$D$8,MATCH(D31,Dim_Machine!$A$2:$A$8,0))),0) -> 0.8280059 | Q31: =IFERROR(M31/K31,0) -> 0.97800668 | R31: =O31*P31*Q31 -> 0.78415179 | S31: =T31/0.812 -> 7.7874384 | T31: =M31*INDEX(Dim_Product!$C$2:$C$4,MATCH(F31,Dim_Product!$A$2:$A$4,0))/1000000 -> 6.3234 | U31: =IFERROR(T31/S31,0) -> 0.812
A32: 20260701-04-M3 | B32: 20260701 | C32: 4 | D32: M3 | E32: B-PM | F32: A | G32: 60 | H32: 5.9 | I32: =G32-H32 -> 54.1 | J32: =INDEX(Dim_Machine!$E$2:$E$8,MATCH(D32,Dim_Machine!$A$2:$A$8,0))*INDEX(Dim_Machine!$D$2:$D$8,MATCH(D32,Dim_Machine!$A$2:$A$8,0))*I32 -> 14282.4 | K32: =ROUND(J32*0.943,0) -> 13468 | L32: =ROUND(K32*0.0343,0) -> 462 | M32: =K32-L32 -> 13006 | N32: =IFERROR(K32/J32,0) -> 0.94297877 | O32: =IFERROR(I32/G32,0) -> 0.90166667 | P32: =IFERROR((K32/I32)/(INDEX(Dim_Machine!$E$2:$E$8,MATCH(D32,Dim_Machine!$A$2:$A$8,0))*INDEX(Dim_Machine!$D$2:$D$8,MATCH(D32,Dim_Machine!$A$2:$A$8,0))),0) -> 0.94297877 | Q32: =IFERROR(M32/K32,0) -> 0.96569647 | R32: =O32*P32*Q32 -> 0.82108586 | S32: =T32/0.88 -> 3.6948864 | T32: =M32*INDEX(Dim_Product!$C$2:$C$4,MATCH(F32,Dim_Product!$A$2:$A$4,0))/1000000 -> 3.2515 | U32: =IFERROR(T32/S32,0) -> 0.88
A33: 20260701-04-M4 | B33: 20260701 | C33: 4 | D33: M4 | E33: B-PM | F33: A | G33: 60 | H33: 1 | I33: =G33-H33 -> 59 | J33: =INDEX(Dim_Machine!$E$2:$E$8,MATCH(D33,Dim_Machine!$A$2:$A$8,0))*INDEX(Dim_Machine!$D$2:$D$8,MATCH(D33,Dim_Machine!$A$2:$A$8,0))*I33 -> 42480 | K33: =ROUND(J33*0.912,0) -> 38742 | L33: =ROUND(K33*0.0334,0) -> 1294 | M33: =K33-L33 -> 37448 | N33: =IFERROR(K33/J33,0) -> 0.91200565 | O33: =IFERROR(I33/G33,0) -> 0.98333333 | P33: =IFERROR((K33/I33)/(INDEX(Dim_Machine!$E$2:$E$8,MATCH(D33,Dim_Machine!$A$2:$A$8,0))*INDEX(Dim_Machine!$D$2:$D$8,MATCH(D33,Dim_Machine!$A$2:$A$8,0))),0) -> 0.91200565 | Q33: =IFERROR(M33/K33,0) -> 0.96659956 | R33: =O33*P33*Q33 -> 0.86685185 | S33: =T33/0.825 -> 11.347879 | T33: =M33*INDEX(Dim_Product!$C$2:$C$4,MATCH(F33,Dim_Product!$A$2:$A$4,0))/1000000 -> 9.362 | U33: =IFERROR(T33/S33,0) -> 0.825
A34: 20260701-04-M5 | B34: 20260701 | C34: 4 | D34: M5 | E34: B-PM | F34: A | G34: 60 | H34: 4.2 | I34: =G34-H34 -> 55.8 | J34: =INDEX(Dim_Machine!$E$2:$E$8,MATCH(D34,Dim_Machine!$A$2:$A$8,0))*INDEX(Dim_Machine!$D$2:$D$8,MATCH(D34,Dim_Machine!$A$2:$A$8,0))*I34 -> 23212.8 | K34: =ROUND(J34*0.901,0) -> 20915 | L34: =ROUND(K34*0.0339,0) -> 709 | M34: =K34-L34 -> 20206 | N34: =IFERROR(K34/J34,0) -> 0.90101151 | O34: =IFERROR(I34/G34,0) -> 0.93 | P34: =IFERROR((K34/I34)/(INDEX(Dim_Machine!$E$2:$E$8,MATCH(D34,Dim_Machine!$A$2:$A$8,0))*INDEX(Dim_Machine!$D$2:$D$8,MATCH(D34,Dim_Machine!$A$2:$A$8,0))),0) -> 0.90101151 | Q34: =IFERROR(M34/K34,0) -> 0.96610088 | R34: =O34*P34*Q34 -> 0.80953526 | S34: =T34/0.939 -> 5.3796592 | T34: =M34*INDEX(Dim_Product!$C$2:$C$4,MATCH(F34,Dim_Product!$A$2:$A$4,0))/1000000 -> 5.0515 | U34: =IFERROR(T34/S34,0) -> 0.939
A35: 20260701-04-M6 | B35: 20260701 | C35: 4 | D35: M6 | E35: B-PM | F35: C | G35: 60 | H35: 6 | I35: =G35-H35 -> 54 | J35: =INDEX(Dim_Machine!$E$2:$E$8,MATCH(D35,Dim_Machine!$A$2:$A$8,0))*INDEX(Dim_Machine!$D$2:$D$8,MATCH(D35,Dim_Machine!$A$2:$A$8,0))*I35 -> 15552 | K35: =ROUND(J35*0.918,0) -> 14277 | L35: =ROUND(K35*0.0264,0) -> 377 | M35: =K35-L35 -> 13900 | N35: =IFERROR(K35/J35,0) -> 0.91801698 | O35: =IFERROR(I35/G35,0) -> 0.9 | P35: =IFERROR((K35/I35)/(INDEX(Dim_Machine!$E$2:$E$8,MATCH(D35,Dim_Machine!$A$2:$A$8,0))*INDEX(Dim_Machine!$D$2:$D$8,MATCH(D35,Dim_Machine!$A$2:$A$8,0))),0) -> 0.91801698 | Q35: =IFERROR(M35/K35,0) -> 0.97359389 | R35: =O35*P35*Q35 -> 0.80439815 | S35: =T35/0.86 -> 3.2325581 | T35: =M35*INDEX(Dim_Product!$C$2:$C$4,MATCH(F35,Dim_Product!$A$2:$A$4,0))/1000000 -> 2.78 | U35: =IFERROR(T35/S35,0) -> 0.86
A36: 20260701-04-M7 | B36: 20260701 | C36: 4 | D36: M7 | E36: B-PM | F36: A | G36: 60 | H36: 5.4 | I36: =G36-H36 -> 54.6 | J36: =INDEX(Dim_Machine!$E$2:$E$8,MATCH(D36,Dim_Machine!$A$2:$A$8,0))*INDEX(Dim_Machine!$D$2:$D$8,MATCH(D36,Dim_Machine!$A$2:$A$8,0))*I36 -> 35380.8 | K36: =ROUND(J36*0.855,0) -> 30251 | L36: =ROUND(K36*0.032,0) -> 968 | M36: =K36-L36 -> 29283 | N36: =IFERROR(K36/J36,0) -> 0.85501176 | O36: =IFERROR(I36/G36,0) -> 0.91 | P36: =IFERROR((K36/I36)/(INDEX(Dim_Machine!$E$2:$E$8,MATCH(D36,Dim_Machine!$A$2:$A$8,0))*INDEX(Dim_Machine!$D$2:$D$8,MATCH(D36,Dim_Machine!$A$2:$A$8,0))),0) -> 0.85501176 | Q36: =IFERROR(M36/K36,0) -> 0.96800106 | R36: =O36*P36*Q36 -> 0.75316358 | S36: =T36/0.868 -> 8.4340438 | T36: =M36*INDEX(Dim_Product!$C$2:$C$4,MATCH(F36,Dim_Product!$A$2:$A$4,0))/1000000 -> 7.32075 | U36: =IFERROR(T36/S36,0) -> 0.868
A37: 20260701-05-M1 | B37: 20260701 | C37: 5 | D37: M1 | E37: B-PM | F37: A | G37: 60 | H37: 2 | I37: =G37-H37 -> 58 | J37: =INDEX(Dim_Machine!$E$2:$E$8,MATCH(D37,Dim_Machine!$A$2:$A$8,0))*INDEX(Dim_Machine!$D$2:$D$8,MATCH(D37,Dim_Machine!$A$2:$A$8,0))*I37 -> 23200 | K37: =ROUND(J37*0.793,0) -> 18398 | L37: =ROUND(K37*0.0056,0) -> 103 | M37: =K37-L37 -> 18295 | N37: =IFERROR(K37/J37,0) -> 0.79301724 | O37: =IFERROR(I37/G37,0) -> 0.96666667 | P37: =IFERROR((K37/I37)/(INDEX(Dim_Machine!$E$2:$E$8,MATCH(D37,Dim_Machine!$A$2:$A$8,0))*INDEX(Dim_Machine!$D$2:$D$8,MATCH(D37,Dim_Machine!$A$2:$A$8,0))),0) -> 0.79301724 | Q37: =IFERROR(M37/K37,0) -> 0.99440157 | R37: =O37*P37*Q37 -> 0.76229167 | S37: =T37/0.883 -> 5.1797848 | T37: =M37*INDEX(Dim_Product!$C$2:$C$4,MATCH(F37,Dim_Product!$A$2:$A$4,0))/1000000 -> 4.57375 | U37: =IFERROR(T37/S37,0) -> 0.883
A38: 20260701-05-M2 | B38: 20260701 | C38: 5 | D38: M2 | E38: B-PM | F38: C | G38: 60 | H38: 4.7 | I38: =G38-H38 -> 55.3 | J38: =INDEX(Dim_Machine!$E$2:$E$8,MATCH(D38,Dim_Machine!$A$2:$A$8,0))*INDEX(Dim_Machine!$D$2:$D$8,MATCH(D38,Dim_Machine!$A$2:$A$8,0))*I38 -> 37161.6 | K38: =ROUND(J38*0.781,0) -> 29023 | L38: =ROUND(K38*0.0262,0) -> 760 | M38: =K38-L38 -> 28263 | N38: =IFERROR(K38/J38,0) -> 0.78099436 | O38: =IFERROR(I38/G38,0) -> 0.92166667 | P38: =IFERROR((K38/I38)/(INDEX(Dim_Machine!$E$2:$E$8,MATCH(D38,Dim_Machine!$A$2:$A$8,0))*INDEX(Dim_Machine!$D$2:$D$8,MATCH(D38,Dim_Machine!$A$2:$A$8,0))),0) -> 0.78099436 | Q38: =IFERROR(M38/K38,0) -> 0.97381387 | R38: =O38*P38*Q38 -> 0.70096726 | S38: =T38/0.809 -> 6.9871446 | T38: =M38*INDEX(Dim_Product!$C$2:$C$4,MATCH(F38,Dim_Product!$A$2:$A$4,0))/1000000 -> 5.6526 | U38: =IFERROR(T38/S38,0) -> 0.809
A39: 20260701-05-M3 | B39: 20260701 | C39: 5 | D39: M3 | E39: B-PM | F39: A | G39: 60 | H39: 0.5 | I39: =G39-H39 -> 59.5 | J39: =INDEX(Dim_Machine!$E$2:$E$8,MATCH(D39,Dim_Machine!$A$2:$A$8,0))*INDEX(Dim_Machine!$D$2:$D$8,MATCH(D39,Dim_Machine!$A$2:$A$8,0))*I39 -> 15708 | K39: =ROUND(J39*0.786,0) -> 12346 | L39: =ROUND(K39*0.0149,0) -> 184 | M39: =K39-L39 -> 12162 | N39: =IFERROR(K39/J39,0) -> 0.78596893 | O39: =IFERROR(I39/G39,0) -> 0.99166667 | P39: =IFERROR((K39/I39)/(INDEX(Dim_Machine!$E$2:$E$8,MATCH(D39,Dim_Machine!$A$2:$A$8,0))*INDEX(Dim_Machine!$D$2:$D$8,MATCH(D39,Dim_Machine!$A$2:$A$8,0))),0) -> 0.78596893 | Q39: =IFERROR(M39/K39,0) -> 0.98509639 | R39: =O39*P39*Q39 -> 0.76780303 | S39: =T39/0.877 -> 3.4669327 | T39: =M39*INDEX(Dim_Product!$C$2:$C$4,MATCH(F39,Dim_Product!$A$2:$A$4,0))/1000000 -> 3.0405 | U39: =IFERROR(T39/S39,0) -> 0.877
A40: 20260701-05-M4 | B40: 20260701 | C40: 5 | D40: M4 | E40: B-PM | F40: A | G40: 60 | H40: 2.2 | I40: =G40-H40 -> 57.8 | J40: =INDEX(Dim_Machine!$E$2:$E$8,MATCH(D40,Dim_Machine!$A$2:$A$8,0))*INDEX(Dim_Machine!$D$2:$D$8,MATCH(D40,Dim_Machine!$A$2:$A$8,0))*I40 -> 41616 | K40: =ROUND(J40*0.877,0) -> 36497 | L40: =ROUND(K40*0.0212,0) -> 774 | M40: =K40-L40 -> 35723 | N40: =IFERROR(K40/J40,0) -> 0.87699443 | O40: =IFERROR(I40/G40,0) -> 0.96333333 | P40: =IFERROR((K40/I40)/(INDEX(Dim_Machine!$E$2:$E$8,MATCH(D40,Dim_Machine!$A$2:$A$8,0))*INDEX(Dim_Machine!$D$2:$D$8,MATCH(D40,Dim_Machine!$A$2:$A$8,0))),0) -> 0.87699443 | Q40: =IFERROR(M40/K40,0) -> 0.97879278 | R40: =O40*P40*Q40 -> 0.8269213 | S40: =T40/0.909 -> 9.8248075 | T40: =M40*INDEX(Dim_Product!$C$2:$C$4,MATCH(F40,Dim_Product!$A$2:$A$4,0))/1000000 -> 8.93075 | U40: =IFERROR(T40/S40,0) -> 0.909
A41: 20260701-05-M5 | B41: 20260701 | C41: 5 | D41: M5 | E41: B-PM | F41: A | G41: 60 | H41: 7.1 | I41: =G41-H41 -> 52.9 | J41: =INDEX(Dim_Machine!$E$2:$E$8,MATCH(D41,Dim_Machine!$A$2:$A$8,0))*INDEX(Dim_Machine!$D$2:$D$8,MATCH(D41,Dim_Machine!$A$2:$A$8,0))*I41 -> 22006.4 | K41: =ROUND(J41*0.895,0) -> 19696 | L41: =ROUND(K41*0.0123,0) -> 242 | M41: =K41-L41 -> 19454 | N41: =IFERROR(K41/J41,0) -> 0.89501236 | O41: =IFERROR(I41/G41,0) -> 0.88166667 | P41: =IFERROR((K41/I41)/(INDEX(Dim_Machine!$E$2:$E$8,MATCH(D41,Dim_Machine!$A$2:$A$8,0))*INDEX(Dim_Machine!$D$2:$D$8,MATCH(D41,Dim_Machine!$A$2:$A$8,0))),0) -> 0.89501236 | Q41: =IFERROR(M41/K41,0) -> 0.98771324 | R41: =O41*P41*Q41 -> 0.77940705 | S41: =T41/0.871 -> 5.5838117 | T41: =M41*INDEX(Dim_Product!$C$2:$C$4,MATCH(F41,Dim_Product!$A$2:$A$4,0))/1000000 -> 4.8635 | U41: =IFERROR(T41/S41,0) -> 0.871
A42: 20260701-05-M6 | B42: 20260701 | C42: 5 | D42: M6 | E42: B-PM | F42: C | G42: 60 | H42: 3.3 | I42: =G42-H42 -> 56.7 | J42: =INDEX(Dim_Machine!$E$2:$E$8,MATCH(D42,Dim_Machine!$A$2:$A$8,0))*INDEX(Dim_Machine!$D$2:$D$8,MATCH(D42,Dim_Machine!$A$2:$A$8,0))*I42 -> 16329.6 | K42: =ROUND(J42*0.799,0) -> 13047 | L42: =ROUND(K42*0.0248,0) -> 324 | M42: =K42-L42 -> 12723 | N42: =IFERROR(K42/J42,0) -> 0.79897854 | O42: =IFERROR(I42/G42,0) -> 0.945 | P42: =IFERROR((K42/I42)/(INDEX(Dim_Machine!$E$2:$E$8,MATCH(D42,Dim_Machine!$A$2:$A$8,0))*INDEX(Dim_Machine!$D$2:$D$8,MATCH(D42,Dim_Machine!$A$2:$A$8,0))),0) -> 0.79897854 | Q42: =IFERROR(M42/K42,0) -> 0.9751667 | R42: =O42*P42*Q42 -> 0.73628472 | S42: =T42/0.853 -> 2.9831184 | T42: =M42*INDEX(Dim_Product!$C$2:$C$4,MATCH(F42,Dim_Product!$A$2:$A$4,0))/1000000 -> 2.5446 | U42: =IFERROR(T42/S42,0) -> 0.853
A43: 20260701-05-M7 | B43: 20260701 | C43: 5 | D43: M7 | E43: B-PM | F43: A | G43: 60 | H43: 3.3 | I43: =G43-H43 -> 56.7 | J43: =INDEX(Dim_Machine!$E$2:$E$8,MATCH(D43,Dim_Machine!$A$2:$A$8,0))*INDEX(Dim_Machine!$D$2:$D$8,MATCH(D43,Dim_Machine!$A$2:$A$8,0))*I43 -> 36741.6 | K43: =ROUND(J43*0.953,0) -> 35015 | L43: =ROUND(K43*0.0066,0) -> 231 | M43: =K43-L43 -> 34784 | N43: =IFERROR(K43/J43,0) -> 0.95300695 | O43: =IFERROR(I43/G43,0) -> 0.945 | P43: =IFERROR((K43/I43)/(INDEX(Dim_Machine!$E$2:$E$8,MATCH(D43,Dim_Machine!$A$2:$A$8,0))*INDEX(Dim_Machine!$D$2:$D$8,MATCH(D43,Dim_Machine!$A$2:$A$8,0))),0) -> 0.95300695 | Q43: =IFERROR(M43/K43,0) -> 0.99340283 | R43: =O43*P43*Q43 -> 0.89465021 | S43: =T43/0.898 -> 9.6837416 | T43: =M43*INDEX(Dim_Product!$C$2:$C$4,MATCH(F43,Dim_Product!$A$2:$A$4,0))/1000000 -> 8.696 | U43: =IFERROR(T43/S43,0) -> 0.898
A44: 20260701-06-M1 | B44: 20260701 | C44: 6 | D44: M1 | E44: A-AM | F44: C | G44: 60 | H44: 5.2 | I44: =G44-H44 -> 54.8 | J44: =INDEX(Dim_Machine!$E$2:$E$8,MATCH(D44,Dim_Machine!$A$2:$A$8,0))*INDEX(Dim_Machine!$D$2:$D$8,MATCH(D44,Dim_Machine!$A$2:$A$8,0))*I44 -> 21920 | K44: =ROUND(J44*0.792,0) -> 17361 | L44: =ROUND(K44*0.0268,0) -> 465 | M44: =K44-L44 -> 16896 | N44: =IFERROR(K44/J44,0) -> 0.79201642 | O44: =IFERROR(I44/G44,0) -> 0.91333333 | P44: =IFERROR((K44/I44)/(INDEX(Dim_Machine!$E$2:$E$8,MATCH(D44,Dim_Machine!$A$2:$A$8,0))*INDEX(Dim_Machine!$D$2:$D$8,MATCH(D44,Dim_Machine!$A$2:$A$8,0))),0) -> 0.79201642 | Q44: =IFERROR(M44/K44,0) -> 0.97321583 | R44: =O44*P44*Q44 -> 0.704 | S44: =T44/0.92 -> 3.6730435 | T44: =M44*INDEX(Dim_Product!$C$2:$C$4,MATCH(F44,Dim_Product!$A$2:$A$4,0))/1000000 -> 3.3792 | U44: =IFERROR(T44/S44,0) -> 0.92
A45: 20260701-06-M2 | B45: 20260701 | C45: 6 | D45: M2 | E45: A-AM | F45: A | G45: 60 | H45: 0.9 | I45: =G45-H45 -> 59.1 | J45: =INDEX(Dim_Machine!$E$2:$E$8,MATCH(D45,Dim_Machine!$A$2:$A$8,0))*INDEX(Dim_Machine!$D$2:$D$8,MATCH(D45,Dim_Machine!$A$2:$A$8,0))*I45 -> 39715.2 | K45: =ROUND(J45*0.818,0) -> 32487 | L45: =ROUND(K45*0.0211,0) -> 685 | M45: =K45-L45 -> 31802 | N45: =IFERROR(K45/J45,0) -> 0.81799915 | O45: =IFERROR(I45/G45,0) -> 0.985 | P45: =IFERROR((K45/I45)/(INDEX(Dim_Machine!$E$2:$E$8,MATCH(D45,Dim_Machine!$A$2:$A$8,0))*INDEX(Dim_Machine!$D$2:$D$8,MATCH(D45,Dim_Machine!$A$2:$A$8,0))),0) -> 0.81799915 | Q45: =IFERROR(M45/K45,0) -> 0.97891464 | R45: =O45*P45*Q45 -> 0.78874008 | S45: =T45/0.821 -> 9.683922 | T45: =M45*INDEX(Dim_Product!$C$2:$C$4,MATCH(F45,Dim_Product!$A$2:$A$4,0))/1000000 -> 7.9505 | U45: =IFERROR(T45/S45,0) -> 0.821
A46: 20260701-06-M3 | B46: 20260701 | C46: 6 | D46: M3 | E46: A-AM | F46: B | G46: 60 | H46: 1.5 | I46: =G46-H46 -> 58.5 | J46: =INDEX(Dim_Machine!$E$2:$E$8,MATCH(D46,Dim_Machine!$A$2:$A$8,0))*INDEX(Dim_Machine!$D$2:$D$8,MATCH(D46,Dim_Machine!$A$2:$A$8,0))*I46 -> 15444 | K46: =ROUND(J46*0.873,0) -> 13483 | L46: =ROUND(K46*0.0312,0) -> 421 | M46: =K46-L46 -> 13062 | N46: =IFERROR(K46/J46,0) -> 0.87302512 | O46: =IFERROR(I46/G46,0) -> 0.975 | P46: =IFERROR((K46/I46)/(INDEX(Dim_Machine!$E$2:$E$8,MATCH(D46,Dim_Machine!$A$2:$A$8,0))*INDEX(Dim_Machine!$D$2:$D$8,MATCH(D46,Dim_Machine!$A$2:$A$8,0))),0) -> 0.87302512 | Q46: =IFERROR(M46/K46,0) -> 0.9687755 | R46: =O46*P46*Q46 -> 0.82462121 | S46: =T46/0.811 -> 4.8318126 | T46: =M46*INDEX(Dim_Product!$C$2:$C$4,MATCH(F46,Dim_Product!$A$2:$A$4,0))/1000000 -> 3.9186 | U46: =IFERROR(T46/S46,0) -> 0.811
A47: 20260701-06-M4 | B47: 20260701 | C47: 6 | D47: M4 | E47: A-AM | F47: A | G47: 60 | H47: 6.5 | I47: =G47-H47 -> 53.5 | J47: =INDEX(Dim_Machine!$E$2:$E$8,MATCH(D47,Dim_Machine!$A$2:$A$8,0))*INDEX(Dim_Machine!$D$2:$D$8,MATCH(D47,Dim_Machine!$A$2:$A$8,0))*I47 -> 38520 | K47: =ROUND(J47*0.951,0) -> 36633 | L47: =ROUND(K47*0.0079,0) -> 289 | M47: =K47-L47 -> 36344 | N47: =IFERROR(K47/J47,0) -> 0.95101246 | O47: =IFERROR(I47/G47,0) -> 0.89166667 | P47: =IFERROR((K47/I47)/(INDEX(Dim_Machine!$E$2:$E$8,MATCH(D47,Dim_Machine!$A$2:$A$8,0))*INDEX(Dim_Machine!$D$2:$D$8,MATCH(D47,Dim_Machine!$A$2:$A$8,0))),0) -> 0.95101246 | Q47: =IFERROR(M47/K47,0) -> 0.99211094 | R47: =O47*P47*Q47 -> 0.8412963 | S47: =T47/0.898 -> 10.11804 | T47: =M47*INDEX(Dim_Product!$C$2:$C$4,MATCH(F47,Dim_Product!$A$2:$A$4,0))/1000000 -> 9.086 | U47: =IFERROR(T47/S47,0) -> 0.898
A48: 20260701-06-M5 | B48: 20260701 | C48: 6 | D48: M5 | E48: A-AM | F48: C | G48: 60 | H48: 4.3 | I48: =G48-H48 -> 55.7 | J48: =INDEX(Dim_Machine!$E$2:$E$8,MATCH(D48,Dim_Machine!$A$2:$A$8,0))*INDEX(Dim_Machine!$D$2:$D$8,MATCH(D48,Dim_Machine!$A$2:$A$8,0))*I48 -> 23171.2 | K48: =ROUND(J48*0.783,0) -> 18143 | L48: =ROUND(K48*0.0078,0) -> 142 | M48: =K48-L48 -> 18001 | N48: =IFERROR(K48/J48,0) -> 0.78299786 | O48: =IFERROR(I48/G48,0) -> 0.92833333 | P48: =IFERROR((K48/I48)/(INDEX(Dim_Machine!$E$2:$E$8,MATCH(D48,Dim_Machine!$A$2:$A$8,0))*INDEX(Dim_Machine!$D$2:$D$8,MATCH(D48,Dim_Machine!$A$2:$A$8,0))),0) -> 0.78299786 | Q48: =IFERROR(M48/K48,0) -> 0.99217329 | R48: =O48*P48*Q48 -> 0.72119391 | S48: =T48/0.913 -> 3.943264 | T48: =M48*INDEX(Dim_Product!$C$2:$C$4,MATCH(F48,Dim_Product!$A$2:$A$4,0))/1000000 -> 3.6002 | U48: =IFERROR(T48/S48,0) -> 0.913
A49: 20260701-06-M6 | B49: 20260701 | C49: 6 | D49: M6 | E49: A-AM | F49: C | G49: 60 | H49: 1.9 | I49: =G49-H49 -> 58.1 | J49: =INDEX(Dim_Machine!$E$2:$E$8,MATCH(D49,Dim_Machine!$A$2:$A$8,0))*INDEX(Dim_Machine!$D$2:$D$8,MATCH(D49,Dim_Machine!$A$2:$A$8,0))*I49 -> 16732.8 | K49: =ROUND(J49*0.861,0) -> 14407 | L49: =ROUND(K49*0.0194,0) -> 279 | M49: =K49-L49 -> 14128 | N49: =IFERROR(K49/J49,0) -> 0.86100354 | O49: =IFERROR(I49/G49,0) -> 0.96833333 | P49: =IFERROR((K49/I49)/(INDEX(Dim_Machine!$E$2:$E$8,MATCH(D49,Dim_Machine!$A$2:$A$8,0))*INDEX(Dim_Machine!$D$2:$D$8,MATCH(D49,Dim_Machine!$A$2:$A$8,0))),0) -> 0.86100354 | Q49: =IFERROR(M49/K49,0) -> 0.98063441 | R49: =O49*P49*Q49 -> 0.81759259 | S49: =T49/0.93 -> 3.0382796 | T49: =M49*INDEX(Dim_Product!$C$2:$C$4,MATCH(F49,Dim_Product!$A$2:$A$4,0))/1000000 -> 2.8256 | U49: =IFERROR(T49/S49,0) -> 0.93
A50: 20260701-06-M7 | B50: 20260701 | C50: 6 | D50: M7 | E50: A-AM | F50: C | G50: 60 | H50: 7.2 | I50: =G50-H50 -> 52.8 | J50: =INDEX(Dim_Machine!$E$2:$E$8,MATCH(D50,Dim_Machine!$A$2:$A$8,0))*INDEX(Dim_Machine!$D$2:$D$8,MATCH(D50,Dim_Machine!$A$2:$A$8,0))*I50 -> 34214.4 | K50: =ROUND(J50*0.813,0) -> 27816 | L50: =ROUND(K50*0.0051,0) -> 142 | M50: =K50-L50 -> 27674 | N50: =IFERROR(K50/J50,0) -> 0.81299102 | O50: =IFERROR(I50/G50,0) -> 0.88 | P50: =IFERROR((K50/I50)/(INDEX(Dim_Machine!$E$2:$E$8,MATCH(D50,Dim_Machine!$A$2:$A$8,0))*INDEX(Dim_Machine!$D$2:$D$8,MATCH(D50,Dim_Machine!$A$2:$A$8,0))),0) -> 0.81299102 | Q50: =IFERROR(M50/K50,0) -> 0.99489502 | R50: =O50*P50*Q50 -> 0.71177984 | S50: =T50/0.859 -> 6.4433062 | T50: =M50*INDEX(Dim_Product!$C$2:$C$4,MATCH(F50,Dim_Product!$A$2:$A$4,0))/1000000 -> 5.5348 | U50: =IFERROR(T50/S50,0) -> 0.859
A51: 20260701-07-M1 | B51: 20260701 | C51: 7 | D51: M1 | E51: A-AM | F51: C | G51: 60 | H51: 7.4 | I51: =G51-H51 -> 52.6 | J51: =INDEX(Dim_Machine!$E$2:$E$8,MATCH(D51,Dim_Machine!$A$2:$A$8,0))*INDEX(Dim_Machine!$D$2:$D$8,MATCH(D51,Dim_Machine!$A$2:$A$8,0))*I51 -> 21040 | K51: =ROUND(J51*0.937,0) -> 19714 | L51: =ROUND(K51*0.0136,0) -> 268 | M51: =K51-L51 -> 19446 | N51: =IFERROR(K51/J51,0) -> 0.93697719 | O51: =IFERROR(I51/G51,0) -> 0.87666667 | P51: =IFERROR((K51/I51)/(INDEX(Dim_Machine!$E$2:$E$8,MATCH(D51,Dim_Machine!$A$2:$A$8,0))*INDEX(Dim_Machine!$D$2:$D$8,MATCH(D51,Dim_Machine!$A$2:$A$8,0))),0) -> 0.93697719 | Q51: =IFERROR(M51/K51,0) -> 0.9864056 | R51: =O51*P51*Q51 -> 0.81025 | S51: =T51/0.904 -> 4.3022124 | T51: =M51*INDEX(Dim_Product!$C$2:$C$4,MATCH(F51,Dim_Product!$A$2:$A$4,0))/1000000 -> 3.8892 | U51: =IFERROR(T51/S51,0) -> 0.904
A52: 20260701-07-M2 | B52: 20260701 | C52: 7 | D52: M2 | E52: A-AM | F52: A | G52: 60 | H52: 5.8 | I52: =G52-H52 -> 54.2 | J52: =INDEX(Dim_Machine!$E$2:$E$8,MATCH(D52,Dim_Machine!$A$2:$A$8,0))*INDEX(Dim_Machine!$D$2:$D$8,MATCH(D52,Dim_Machine!$A$2:$A$8,0))*I52 -> 36422.4 | K52: =ROUND(J52*0.937,0) -> 34128 | L52: =ROUND(K52*0.0249,0) -> 850 | M52: =K52-L52 -> 33278 | N52: =IFERROR(K52/J52,0) -> 0.9370058 | O52: =IFERROR(I52/G52,0) -> 0.90333333 | P52: =IFERROR((K52/I52)/(INDEX(Dim_Machine!$E$2:$E$8,MATCH(D52,Dim_Machine!$A$2:$A$8,0))*INDEX(Dim_Machine!$D$2:$D$8,MATCH(D52,Dim_Machine!$A$2:$A$8,0))),0) -> 0.9370058 | Q52: =IFERROR(M52/K52,0) -> 0.97509376 | R52: =O52*P52*Q52 -> 0.82534722 | S52: =T52/0.873 -> 9.5297824 | T52: =M52*INDEX(Dim_Product!$C$2:$C$4,MATCH(F52,Dim_Product!$A$2:$A$4,0))/1000000 -> 8.3195 | U52: =IFERROR(T52/S52,0) -> 0.873
A53: 20260701-07-M3 | B53: 20260701 | C53: 7 | D53: M3 | E53: A-AM | F53: B | G53: 60 | H53: 1.5 | I53: =G53-H53 -> 58.5 | J53: =INDEX(Dim_Machine!$E$2:$E$8,MATCH(D53,Dim_Machine!$A$2:$A$8,0))*INDEX(Dim_Machine!$D$2:$D$8,MATCH(D53,Dim_Machine!$A$2:$A$8,0))*I53 -> 15444 | K53: =ROUND(J53*0.824,0) -> 12726 | L53: =ROUND(K53*0.0068,0) -> 87 | M53: =K53-L53 -> 12639 | N53: =IFERROR(K53/J53,0) -> 0.82400932 | O53: =IFERROR(I53/G53,0) -> 0.975 | P53: =IFERROR((K53/I53)/(INDEX(Dim_Machine!$E$2:$E$8,MATCH(D53,Dim_Machine!$A$2:$A$8,0))*INDEX(Dim_Machine!$D$2:$D$8,MATCH(D53,Dim_Machine!$A$2:$A$8,0))),0) -> 0.82400932 | Q53: =IFERROR(M53/K53,0) -> 0.9931636 | R53: =O53*P53*Q53 -> 0.79791667 | S53: =T53/0.91 -> 4.1667033 | T53: =M53*INDEX(Dim_Product!$C$2:$C$4,MATCH(F53,Dim_Product!$A$2:$A$4,0))/1000000 -> 3.7917 | U53: =IFERROR(T53/S53,0) -> 0.91
A54: 20260701-07-M4 | B54: 20260701 | C54: 7 | D54: M4 | E54: A-AM | F54: A | G54: 60 | H54: 0.5 | I54: =G54-H54 -> 59.5 | J54: =INDEX(Dim_Machine!$E$2:$E$8,MATCH(D54,Dim_Machine!$A$2:$A$8,0))*INDEX(Dim_Machine!$D$2:$D$8,MATCH(D54,Dim_Machine!$A$2:$A$8,0))*I54 -> 42840 | K54: =ROUND(J54*0.843,0) -> 36114 | L54: =ROUND(K54*0.0065,0) -> 235 | M54: =K54-L54 -> 35879 | N54: =IFERROR(K54/J54,0) -> 0.8429972 | O54: =IFERROR(I54/G54,0) -> 0.99166667 | P54: =IFERROR((K54/I54)/(INDEX(Dim_Machine!$E$2:$E$8,MATCH(D54,Dim_Machine!$A$2:$A$8,0))*INDEX(Dim_Machine!$D$2:$D$8,MATCH(D54,Dim_Machine!$A$2:$A$8,0))),0) -> 0.8429972 | Q54: =IFERROR(M54/K54,0) -> 0.99349283 | R54: =O54*P54*Q54 -> 0.83053241 | S54: =T54/0.872 -> 10.286411 | T54: =M54*INDEX(Dim_Product!$C$2:$C$4,MATCH(F54,Dim_Product!$A$2:$A$4,0))/1000000 -> 8.96975 | U54: =IFERROR(T54/S54,0) -> 0.872
A55: 20260701-07-M5 | B55: 20260701 | C55: 7 | D55: M5 | E55: A-AM | F55: C | G55: 60 | H55: 7.4 | I55: =G55-H55 -> 52.6 | J55: =INDEX(Dim_Machine!$E$2:$E$8,MATCH(D55,Dim_Machine!$A$2:$A$8,0))*INDEX(Dim_Machine!$D$2:$D$8,MATCH(D55,Dim_Machine!$A$2:$A$8,0))*I55 -> 21881.6 | K55: =ROUND(J55*0.886,0) -> 19387 | L55: =ROUND(K55*0.0067,0) -> 130 | M55: =K55-L55 -> 19257 | N55: =IFERROR(K55/J55,0) -> 0.88599554 | O55: =IFERROR(I55/G55,0) -> 0.87666667 | P55: =IFERROR((K55/I55)/(INDEX(Dim_Machine!$E$2:$E$8,MATCH(D55,Dim_Machine!$A$2:$A$8,0))*INDEX(Dim_Machine!$D$2:$D$8,MATCH(D55,Dim_Machine!$A$2:$A$8,0))),0) -> 0.88599554 | Q55: =IFERROR(M55/K55,0) -> 0.99329448 | R55: =O55*P55*Q55 -> 0.77151442 | S55: =T55/0.876 -> 4.3965753 | T55: =M55*INDEX(Dim_Product!$C$2:$C$4,MATCH(F55,Dim_Product!$A$2:$A$4,0))/1000000 -> 3.8514 | U55: =IFERROR(T55/S55,0) -> 0.876
A56: 20260701-07-M6 | B56: 20260701 | C56: 7 | D56: M6 | E56: A-AM | F56: C | G56: 60 | H56: 6.8 | I56: =G56-H56 -> 53.2 | J56: =INDEX(Dim_Machine!$E$2:$E$8,MATCH(D56,Dim_Machine!$A$2:$A$8,0))*INDEX(Dim_Machine!$D$2:$D$8,MATCH(D56,Dim_Machine!$A$2:$A$8,0))*I56 -> 15321.6 | K56: =ROUND(J56*0.794,0) -> 12165 | L56: =ROUND(K56*0.007,0) -> 85 | M56: =K56-L56 -> 12080 | N56: =IFERROR(K56/J56,0) -> 0.79397713 | O56: =IFERROR(I56/G56,0) -> 0.88666667 | P56: =IFERROR((K56/I56)/(INDEX(Dim_Machine!$E$2:$E$8,MATCH(D56,Dim_Machine!$A$2:$A$8,0))*INDEX(Dim_Machine!$D$2:$D$8,MATCH(D56,Dim_Machine!$A$2:$A$8,0))),0) -> 0.79397713 | Q56: =IFERROR(M56/K56,0) -> 0.99301274 | R56: =O56*P56*Q56 -> 0.69907407 | S56: =T56/0.929 -> 2.6006459 | T56: =M56*INDEX(Dim_Product!$C$2:$C$4,MATCH(F56,Dim_Product!$A$2:$A$4,0))/1000000 -> 2.416 | U56: =IFERROR(T56/S56,0) -> 0.929
A57: 20260701-07-M7 | B57: 20260701 | C57: 7 | D57: M7 | E57: A-AM | F57: C | G57: 60 | H57: 3.2 | I57: =G57-H57 -> 56.8 | J57: =INDEX(Dim_Machine!$E$2:$E$8,MATCH(D57,Dim_Machine!$A$2:$A$8,0))*INDEX(Dim_Machine!$D$2:$D$8,MATCH(D57,Dim_Machine!$A$2:$A$8,0))*I57 -> 36806.4 | K57: =ROUND(J57*0.968,0) -> 35629 | L57: =ROUND(K57*0.0221,0) -> 787 | M57: =K57-L57 -> 34842 | N57: =IFERROR(K57/J57,0) -> 0.968011 | O57: =IFERROR(I57/G57,0) -> 0.94666667 | P57: =IFERROR((K57/I57)/(INDEX(Dim_Machine!$E$2:$E$8,MATCH(D57,Dim_Machine!$A$2:$A$8,0))*INDEX(Dim_Machine!$D$2:$D$8,MATCH(D57,Dim_Machine!$A$2:$A$8,0))),0) -> 0.968011 | Q57: =IFERROR(M57/K57,0) -> 0.97791125 | R57: =O57*P57*Q57 -> 0.89614198 | S57: =T57/0.887 -> 7.8561443 | T57: =M57*INDEX(Dim_Product!$C$2:$C$4,MATCH(F57,Dim_Product!$A$2:$A$4,0))/1000000 -> 6.9684 | U57: =IFERROR(T57/S57,0) -> 0.887
A58: 20260701-08-M1 | B58: 20260701 | C58: 8 | D58: M1 | E58: A-AM | F58: C | G58: 60 | H58: 0.3 | I58: =G58-H58 -> 59.7 | J58: =INDEX(Dim_Machine!$E$2:$E$8,MATCH(D58,Dim_Machine!$A$2:$A$8,0))*INDEX(Dim_Machine!$D$2:$D$8,MATCH(D58,Dim_Machine!$A$2:$A$8,0))*I58 -> 23880 | K58: =ROUND(J58*0.796,0) -> 19008 | L58: =ROUND(K58*0.0247,0) -> 469 | M58: =K58-L58 -> 18539 | N58: =IFERROR(K58/J58,0) -> 0.7959799 | O58: =IFERROR(I58/G58,0) -> 0.995 | P58: =IFERROR((K58/I58)/(INDEX(Dim_Machine!$E$2:$E$8,MATCH(D58,Dim_Machine!$A$2:$A$8,0))*INDEX(Dim_Machine!$D$2:$D$8,MATCH(D58,Dim_Machine!$A$2:$A$8,0))),0) -> 0.7959799 | Q58: =IFERROR(M58/K58,0) -> 0.97532618 | R58: =O58*P58*Q58 -> 0.77245833 | S58: =T58/0.885 -> 4.1896045 | T58: =M58*INDEX(Dim_Product!$C$2:$C$4,MATCH(F58,Dim_Product!$A$2:$A$4,0))/1000000 -> 3.7078 | U58: =IFERROR(T58/S58,0) -> 0.885
A59: 20260701-08-M2 | B59: 20260701 | C59: 8 | D59: M2 | E59: A-AM | F59: A | G59: 60 | H59: 2.5 | I59: =G59-H59 -> 57.5 | J59: =INDEX(Dim_Machine!$E$2:$E$8,MATCH(D59,Dim_Machine!$A$2:$A$8,0))*INDEX(Dim_Machine!$D$2:$D$8,MATCH(D59,Dim_Machine!$A$2:$A$8,0))*I59 -> 38640 | K59: =ROUND(J59*0.832,0) -> 32148 | L59: =ROUND(K59*0.0251,0) -> 807 | M59: =K59-L59 -> 31341 | N59: =IFERROR(K59/J59,0) -> 0.83198758 | O59: =IFERROR(I59/G59,0) -> 0.95833333 | P59: =IFERROR((K59/I59)/(INDEX(Dim_Machine!$E$2:$E$8,MATCH(D59,Dim_Machine!$A$2:$A$8,0))*INDEX(Dim_Machine!$D$2:$D$8,MATCH(D59,Dim_Machine!$A$2:$A$8,0))),0) -> 0.83198758 | Q59: =IFERROR(M59/K59,0) -> 0.97489735 | R59: =O59*P59*Q59 -> 0.77730655 | S59: =T59/0.847 -> 9.2505903 | T59: =M59*INDEX(Dim_Product!$C$2:$C$4,MATCH(F59,Dim_Product!$A$2:$A$4,0))/1000000 -> 7.83525 | U59: =IFERROR(T59/S59,0) -> 0.847
A60: 20260701-08-M3 | B60: 20260701 | C60: 8 | D60: M3 | E60: A-AM | F60: B | G60: 60 | H60: 2.1 | I60: =G60-H60 -> 57.9 | J60: =INDEX(Dim_Machine!$E$2:$E$8,MATCH(D60,Dim_Machine!$A$2:$A$8,0))*INDEX(Dim_Machine!$D$2:$D$8,MATCH(D60,Dim_Machine!$A$2:$A$8,0))*I60 -> 15285.6 | K60: =ROUND(J60*0.806,0) -> 12320 | L60: =ROUND(K60*0.0244,0) -> 301 | M60: =K60-L60 -> 12019 | N60: =IFERROR(K60/J60,0) -> 0.80598733 | O60: =IFERROR(I60/G60,0) -> 0.965 | P60: =IFERROR((K60/I60)/(INDEX(Dim_Machine!$E$2:$E$8,MATCH(D60,Dim_Machine!$A$2:$A$8,0))*INDEX(Dim_Machine!$D$2:$D$8,MATCH(D60,Dim_Machine!$A$2:$A$8,0))),0) -> 0.80598733 | Q60: =IFERROR(M60/K60,0) -> 0.97556818 | R60: =O60*P60*Q60 -> 0.75877525 | S60: =T60/0.869 -> 4.149252 | T60: =M60*INDEX(Dim_Product!$C$2:$C$4,MATCH(F60,Dim_Product!$A$2:$A$4,0))/1000000 -> 3.6057 | U60: =IFERROR(T60/S60,0) -> 0.869
A61: 20260701-08-M4 | B61: 20260701 | C61: 8 | D61: M4 | E61: A-AM | F61: A | G61: 60 | H61: 7.4 | I61: =G61-H61 -> 52.6 | J61: =INDEX(Dim_Machine!$E$2:$E$8,MATCH(D61,Dim_Machine!$A$2:$A$8,0))*INDEX(Dim_Machine!$D$2:$D$8,MATCH(D61,Dim_Machine!$A$2:$A$8,0))*I61 -> 37872 | K61: =ROUND(J61*0.967,0) -> 36622 | L61: =ROUND(K61*0.0053,0) -> 194 | M61: =K61-L61 -> 36428 | N61: =IFERROR(K61/J61,0) -> 0.96699409 | O61: =IFERROR(I61/G61,0) -> 0.87666667 | P61: =IFERROR((K61/I61)/(INDEX(Dim_Machine!$E$2:$E$8,MATCH(D61,Dim_Machine!$A$2:$A$8,0))*INDEX(Dim_Machine!$D$2:$D$8,MATCH(D61,Dim_Machine!$A$2:$A$8,0))),0) -> 0.96699409 | Q61: =IFERROR(M61/K61,0) -> 0.99470264 | R61: =O61*P61*Q61 -> 0.84324074 | S61: =T61/0.893 -> 10.198208 | T61: =M61*INDEX(Dim_Product!$C$2:$C$4,MATCH(F61,Dim_Product!$A$2:$A$4,0))/1000000 -> 9.107 | U61: =IFERROR(T61/S61,0) -> 0.893
A62: 20260701-08-M5 | B62: 20260701 | C62: 8 | D62: M5 | E62: A-AM | F62: C | G62: 60 | H62: 4.5 | I62: =G62-H62 -> 55.5 | J62: =INDEX(Dim_Machine!$E$2:$E$8,MATCH(D62,Dim_Machine!$A$2:$A$8,0))*INDEX(Dim_Machine!$D$2:$D$8,MATCH(D62,Dim_Machine!$A$2:$A$8,0))*I62 -> 23088 | K62: =ROUND(J62*0.8,0) -> 18470 | L62: =ROUND(K62*0.0211,0) -> 390 | M62: =K62-L62 -> 18080 | N62: =IFERROR(K62/J62,0) -> 0.79998267 | O62: =IFERROR(I62/G62,0) -> 0.925 | P62: =IFERROR((K62/I62)/(INDEX(Dim_Machine!$E$2:$E$8,MATCH(D62,Dim_Machine!$A$2:$A$8,0))*INDEX(Dim_Machine!$D$2:$D$8,MATCH(D62,Dim_Machine!$A$2:$A$8,0))),0) -> 0.79998267 | Q62: =IFERROR(M62/K62,0) -> 0.97888468 | R62: =O62*P62*Q62 -> 0.72435897 | S62: =T62/0.876 -> 4.1278539 | T62: =M62*INDEX(Dim_Product!$C$2:$C$4,MATCH(F62,Dim_Product!$A$2:$A$4,0))/1000000 -> 3.616 | U62: =IFERROR(T62/S62,0) -> 0.876
A63: 20260701-08-M6 | B63: 20260701 | C63: 8 | D63: M6 | E63: A-AM | F63: C | G63: 60 | H63: 1.1 | I63: =G63-H63 -> 58.9 | J63: =INDEX(Dim_Machine!$E$2:$E$8,MATCH(D63,Dim_Machine!$A$2:$A$8,0))*INDEX(Dim_Machine!$D$2:$D$8,MATCH(D63,Dim_Machine!$A$2:$A$8,0))*I63 -> 16963.2 | K63: =ROUND(J63*0.85,0) -> 14419 | L63: =ROUND(K63*0.0071,0) -> 102 | M63: =K63-L63 -> 14317 | N63: =IFERROR(K63/J63,0) -> 0.85001651 | O63: =IFERROR(I63/G63,0) -> 0.98166667 | P63: =IFERROR((K63/I63)/(INDEX(Dim_Machine!$E$2:$E$8,MATCH(D63,Dim_Machine!$A$2:$A$8,0))*INDEX(Dim_Machine!$D$2:$D$8,MATCH(D63,Dim_Machine!$A$2:$A$8,0))),0) -> 0.85001651 | Q63: =IFERROR(M63/K63,0) -> 0.992926 | R63: =O63*P63*Q63 -> 0.82853009 | S63: =T63/0.837 -> 3.4210275 | T63: =M63*INDEX(Dim_Product!$C$2:$C$4,MATCH(F63,Dim_Product!$A$2:$A$4,0))/1000000 -> 2.8634 | U63: =IFERROR(T63/S63,0) -> 0.837
A64: 20260701-08-M7 | B64: 20260701 | C64: 8 | D64: M7 | E64: A-AM | F64: C | G64: 60 | H64: 2.3 | I64: =G64-H64 -> 57.7 | J64: =INDEX(Dim_Machine!$E$2:$E$8,MATCH(D64,Dim_Machine!$A$2:$A$8,0))*INDEX(Dim_Machine!$D$2:$D$8,MATCH(D64,Dim_Machine!$A$2:$A$8,0))*I64 -> 37389.6 | K64: =ROUND(J64*0.868,0) -> 32454 | L64: =ROUND(K64*0.0213,0) -> 691 | M64: =K64-L64 -> 31763 | N64: =IFERROR(K64/J64,0) -> 0.86799538 | O64: =IFERROR(I64/G64,0) -> 0.96166667 | P64: =IFERROR((K64/I64)/(INDEX(Dim_Machine!$E$2:$E$8,MATCH(D64,Dim_Machine!$A$2:$A$8,0))*INDEX(Dim_Machine!$D$2:$D$8,MATCH(D64,Dim_Machine!$A$2:$A$8,0))),0) -> 0.86799538 | Q64: =IFERROR(M64/K64,0) -> 0.97870833 | R64: =O64*P64*Q64 -> 0.81694959 | S64: =T64/0.845 -> 7.5178698 | T64: =M64*INDEX(Dim_Product!$C$2:$C$4,MATCH(F64,Dim_Product!$A$2:$A$4,0))/1000000 -> 6.3526 | U64: =IFERROR(T64/S64,0) -> 0.845
A65: 20260701-09-M1 | B65: 20260701 | C65: 9 | D65: M1 | E65: A-AM | F65: C | G65: 60 | H65: 7.9 | I65: =G65-H65 -> 52.1 | J65: =INDEX(Dim_Machine!$E$2:$E$8,MATCH(D65,Dim_Machine!$A$2:$A$8,0))*INDEX(Dim_Machine!$D$2:$D$8,MATCH(D65,Dim_Machine!$A$2:$A$8,0))*I65 -> 20840 | K65: =ROUND(J65*0.941,0) -> 19610 | L65: =ROUND(K65*0.0209,0) -> 410 | M65: =K65-L65 -> 19200 | N65: =IFERROR(K65/J65,0) -> 0.94097889 | O65: =IFERROR(I65/G65,0) -> 0.86833333 | P65: =IFERROR((K65/I65)/(INDEX(Dim_Machine!$E$2:$E$8,MATCH(D65,Dim_Machine!$A$2:$A$8,0))*INDEX(Dim_Machine!$D$2:$D$8,MATCH(D65,Dim_Machine!$A$2:$A$8,0))),0) -> 0.94097889 | Q65: =IFERROR(M65/K65,0) -> 0.9790923 | R65: =O65*P65*Q65 -> 0.8 | S65: =T65/0.9 -> 4.2666667 | T65: =M65*INDEX(Dim_Product!$C$2:$C$4,MATCH(F65,Dim_Product!$A$2:$A$4,0))/1000000 -> 3.84 | U65: =IFERROR(T65/S65,0) -> 0.9
A66: 20260701-09-M2 | B66: 20260701 | C66: 9 | D66: M2 | E66: A-AM | F66: A | G66: 60 | H66: 4.4 | I66: =G66-H66 -> 55.6 | J66: =INDEX(Dim_Machine!$E$2:$E$8,MATCH(D66,Dim_Machine!$A$2:$A$8,0))*INDEX(Dim_Machine!$D$2:$D$8,MATCH(D66,Dim_Machine!$A$2:$A$8,0))*I66 -> 37363.2 | K66: =ROUND(J66*0.966,0) -> 36093 | L66: =ROUND(K66*0.0081,0) -> 292 | M66: =K66-L66 -> 35801 | N66: =IFERROR(K66/J66,0) -> 0.96600398 | O66: =IFERROR(I66/G66,0) -> 0.92666667 | P66: =IFERROR((K66/I66)/(INDEX(Dim_Machine!$E$2:$E$8,MATCH(D66,Dim_Machine!$A$2:$A$8,0))*INDEX(Dim_Machine!$D$2:$D$8,MATCH(D66,Dim_Machine!$A$2:$A$8,0))),0) -> 0.96600398 | Q66: =IFERROR(M66/K66,0) -> 0.99190979 | R66: =O66*P66*Q66 -> 0.88792163 | S66: =T66/0.932 -> 9.6032725 | T66: =M66*INDEX(Dim_Product!$C$2:$C$4,MATCH(F66,Dim_Product!$A$2:$A$4,0))/1000000 -> 8.95025 | U66: =IFERROR(T66/S66,0) -> 0.932
A67: 20260701-09-M3 | B67: 20260701 | C67: 9 | D67: M3 | E67: A-AM | F67: B | G67: 60 | H67: 2.1 | I67: =G67-H67 -> 57.9 | J67: =INDEX(Dim_Machine!$E$2:$E$8,MATCH(D67,Dim_Machine!$A$2:$A$8,0))*INDEX(Dim_Machine!$D$2:$D$8,MATCH(D67,Dim_Machine!$A$2:$A$8,0))*I67 -> 15285.6 | K67: =ROUND(J67*0.958,0) -> 14644 | L67: =ROUND(K67*0.0273,0) -> 400 | M67: =K67-L67 -> 14244 | N67: =IFERROR(K67/J67,0) -> 0.95802585 | O67: =IFERROR(I67/G67,0) -> 0.965 | P67: =IFERROR((K67/I67)/(INDEX(Dim_Machine!$E$2:$E$8,MATCH(D67,Dim_Machine!$A$2:$A$8,0))*INDEX(Dim_Machine!$D$2:$D$8,MATCH(D67,Dim_Machine!$A$2:$A$8,0))),0) -> 0.95802585 | Q67: =IFERROR(M67/K67,0) -> 0.97268506 | R67: =O67*P67*Q67 -> 0.89924242 | S67: =T67/0.823 -> 5.1922236 | T67: =M67*INDEX(Dim_Product!$C$2:$C$4,MATCH(F67,Dim_Product!$A$2:$A$4,0))/1000000 -> 4.2732 | U67: =IFERROR(T67/S67,0) -> 0.823
A68: 20260701-09-M4 | B68: 20260701 | C68: 9 | D68: M4 | E68: A-AM | F68: A | G68: 60 | H68: 2.3 | I68: =G68-H68 -> 57.7 | J68: =INDEX(Dim_Machine!$E$2:$E$8,MATCH(D68,Dim_Machine!$A$2:$A$8,0))*INDEX(Dim_Machine!$D$2:$D$8,MATCH(D68,Dim_Machine!$A$2:$A$8,0))*I68 -> 41544 | K68: =ROUND(J68*0.822,0) -> 34149 | L68: =ROUND(K68*0.0153,0) -> 522 | M68: =K68-L68 -> 33627 | N68: =IFERROR(K68/J68,0) -> 0.82199596 | O68: =IFERROR(I68/G68,0) -> 0.96166667 | P68: =IFERROR((K68/I68)/(INDEX(Dim_Machine!$E$2:$E$8,MATCH(D68,Dim_Machine!$A$2:$A$8,0))*INDEX(Dim_Machine!$D$2:$D$8,MATCH(D68,Dim_Machine!$A$2:$A$8,0))),0) -> 0.82199596 | Q68: =IFERROR(M68/K68,0) -> 0.98471405 | R68: =O68*P68*Q68 -> 0.77840278 | S68: =T68/0.903 -> 9.3098007 | T68: =M68*INDEX(Dim_Product!$C$2:$C$4,MATCH(F68,Dim_Product!$A$2:$A$4,0))/1000000 -> 8.40675 | U68: =IFERROR(T68/S68,0) -> 0.903
A69: 20260701-09-M5 | B69: 20260701 | C69: 9 | D69: M5 | E69: A-AM | F69: C | G69: 60 | H69: 6.8 | I69: =G69-H69 -> 53.2 | J69: =INDEX(Dim_Machine!$E$2:$E$8,MATCH(D69,Dim_Machine!$A$2:$A$8,0))*INDEX(Dim_Machine!$D$2:$D$8,MATCH(D69,Dim_Machine!$A$2:$A$8,0))*I69 -> 22131.2 | K69: =ROUND(J69*0.881,0) -> 19498 | L69: =ROUND(K69*0.0125,0) -> 244 | M69: =K69-L69 -> 19254 | N69: =IFERROR(K69/J69,0) -> 0.88101865 | O69: =IFERROR(I69/G69,0) -> 0.88666667 | P69: =IFERROR((K69/I69)/(INDEX(Dim_Machine!$E$2:$E$8,MATCH(D69,Dim_Machine!$A$2:$A$8,0))*INDEX(Dim_Machine!$D$2:$D$8,MATCH(D69,Dim_Machine!$A$2:$A$8,0))),0) -> 0.88101865 | Q69: =IFERROR(M69/K69,0) -> 0.9874859 | R69: =O69*P69*Q69 -> 0.77139423 | S69: =T69/0.936 -> 4.1141026 | T69: =M69*INDEX(Dim_Product!$C$2:$C$4,MATCH(F69,Dim_Product!$A$2:$A$4,0))/1000000 -> 3.8508 | U69: =IFERROR(T69/S69,0) -> 0.936
A70: 20260701-09-M6 | B70: 20260701 | C70: 9 | D70: M6 | E70: A-AM | F70: C | G70: 60 | H70: 0.4 | I70: =G70-H70 -> 59.6 | J70: =INDEX(Dim_Machine!$E$2:$E$8,MATCH(D70,Dim_Machine!$A$2:$A$8,0))*INDEX(Dim_Machine!$D$2:$D$8,MATCH(D70,Dim_Machine!$A$2:$A$8,0))*I70 -> 17164.8 | K70: =ROUND(J70*0.907,0) -> 15568 | L70: =ROUND(K70*0.0299,0) -> 465 | M70: =K70-L70 -> 15103 | N70: =IFERROR(K70/J70,0) -> 0.90697241 | O70: =IFERROR(I70/G70,0) -> 0.99333333 | P70: =IFERROR((K70/I70)/(INDEX(Dim_Machine!$E$2:$E$8,MATCH(D70,Dim_Machine!$A$2:$A$8,0))*INDEX(Dim_Machine!$D$2:$D$8,MATCH(D70,Dim_Machine!$A$2:$A$8,0))),0) -> 0.90697241 | Q70: =IFERROR(M70/K70,0) -> 0.97013104 | R70: =O70*P70*Q70 -> 0.8740162 | S70: =T70/0.807 -> 3.7429988 | T70: =M70*INDEX(Dim_Product!$C$2:$C$4,MATCH(F70,Dim_Product!$A$2:$A$4,0))/1000000 -> 3.0206 | U70: =IFERROR(T70/S70,0) -> 0.807
A71: 20260701-09-M7 | B71: 20260701 | C71: 9 | D71: M7 | E71: A-AM | F71: C | G71: 60 | H71: 2.7 | I71: =G71-H71 -> 57.3 | J71: =INDEX(Dim_Machine!$E$2:$E$8,MATCH(D71,Dim_Machine!$A$2:$A$8,0))*INDEX(Dim_Machine!$D$2:$D$8,MATCH(D71,Dim_Machine!$A$2:$A$8,0))*I71 -> 37130.4 | K71: =ROUND(J71*0.806,0) -> 29927 | L71: =ROUND(K71*0.0344,0) -> 1029 | M71: =K71-L71 -> 28898 | N71: =IFERROR(K71/J71,0) -> 0.80599724 | O71: =IFERROR(I71/G71,0) -> 0.955 | P71: =IFERROR((K71/I71)/(INDEX(Dim_Machine!$E$2:$E$8,MATCH(D71,Dim_Machine!$A$2:$A$8,0))*INDEX(Dim_Machine!$D$2:$D$8,MATCH(D71,Dim_Machine!$A$2:$A$8,0))),0) -> 0.80599724 | Q71: =IFERROR(M71/K71,0) -> 0.96561633 | R71: =O71*P71*Q71 -> 0.74326132 | S71: =T71/0.824 -> 7.0140777 | T71: =M71*INDEX(Dim_Product!$C$2:$C$4,MATCH(F71,Dim_Product!$A$2:$A$4,0))/1000000 -> 5.7796 | U71: =IFERROR(T71/S71,0) -> 0.824
A72: 20260701-10-M1 | B72: 20260701 | C72: 10 | D72: M1 | E72: A-AM | F72: C | G72: 60 | H72: 3.5 | I72: =G72-H72 -> 56.5 | J72: =INDEX(Dim_Machine!$E$2:$E$8,MATCH(D72,Dim_Machine!$A$2:$A$8,0))*INDEX(Dim_Machine!$D$2:$D$8,MATCH(D72,Dim_Machine!$A$2:$A$8,0))*I72 -> 22600 | K72: =ROUND(J72*0.921,0) -> 20815 | L72: =ROUND(K72*0.0218,0) -> 454 | M72: =K72-L72 -> 20361 | N72: =IFERROR(K72/J72,0) -> 0.9210177 | O72: =IFERROR(I72/G72,0) -> 0.94166667 | P72: =IFERROR((K72/I72)/(INDEX(Dim_Machine!$E$2:$E$8,MATCH(D72,Dim_Machine!$A$2:$A$8,0))*INDEX(Dim_Machine!$D$2:$D$8,MATCH(D72,Dim_Machine!$A$2:$A$8,0))),0) -> 0.9210177 | Q72: =IFERROR(M72/K72,0) -> 0.97818881 | R72: =O72*P72*Q72 -> 0.848375 | S72: =T72/0.817 -> 4.9843329 | T72: =M72*INDEX(Dim_Product!$C$2:$C$4,MATCH(F72,Dim_Product!$A$2:$A$4,0))/1000000 -> 4.0722 | U72: =IFERROR(T72/S72,0) -> 0.817
A73: 20260701-10-M2 | B73: 20260701 | C73: 10 | D73: M2 | E73: A-AM | F73: A | G73: 60 | H73: 7.6 | I73: =G73-H73 -> 52.4 | J73: =INDEX(Dim_Machine!$E$2:$E$8,MATCH(D73,Dim_Machine!$A$2:$A$8,0))*INDEX(Dim_Machine!$D$2:$D$8,MATCH(D73,Dim_Machine!$A$2:$A$8,0))*I73 -> 35212.8 | K73: =ROUND(J73*0.918,0) -> 32325 | L73: =ROUND(K73*0.0095,0) -> 307 | M73: =K73-L73 -> 32018 | N73: =IFERROR(K73/J73,0) -> 0.91799005 | O73: =IFERROR(I73/G73,0) -> 0.87333333 | P73: =IFERROR((K73/I73)/(INDEX(Dim_Machine!$E$2:$E$8,MATCH(D73,Dim_Machine!$A$2:$A$8,0))*INDEX(Dim_Machine!$D$2:$D$8,MATCH(D73,Dim_Machine!$A$2:$A$8,0))),0) -> 0.91799005 | Q73: =IFERROR(M73/K73,0) -> 0.99050271 | R73: =O73*P73*Q73 -> 0.79409722 | S73: =T73/0.805 -> 9.9434783 | T73: =M73*INDEX(Dim_Product!$C$2:$C$4,MATCH(F73,Dim_Product!$A$2:$A$4,0))/1000000 -> 8.0045 | U73: =IFERROR(T73/S73,0) -> 0.805
A74: 20260701-10-M3 | B74: 20260701 | C74: 10 | D74: M3 | E74: A-AM | F74: B | G74: 60 | H74: 3 | I74: =G74-H74 -> 57 | J74: =INDEX(Dim_Machine!$E$2:$E$8,MATCH(D74,Dim_Machine!$A$2:$A$8,0))*INDEX(Dim_Machine!$D$2:$D$8,MATCH(D74,Dim_Machine!$A$2:$A$8,0))*I74 -> 15048 | K74: =ROUND(J74*0.891,0) -> 13408 | L74: =ROUND(K74*0.0179,0) -> 240 | M74: =K74-L74 -> 13168 | N74: =IFERROR(K74/J74,0) -> 0.89101542 | O74: =IFERROR(I74/G74,0) -> 0.95 | P74: =IFERROR((K74/I74)/(INDEX(Dim_Machine!$E$2:$E$8,MATCH(D74,Dim_Machine!$A$2:$A$8,0))*INDEX(Dim_Machine!$D$2:$D$8,MATCH(D74,Dim_Machine!$A$2:$A$8,0))),0) -> 0.89101542 | Q74: =IFERROR(M74/K74,0) -> 0.98210024 | R74: =O74*P74*Q74 -> 0.83131313 | S74: =T74/0.806 -> 4.9012407 | T74: =M74*INDEX(Dim_Product!$C$2:$C$4,MATCH(F74,Dim_Product!$A$2:$A$4,0))/1000000 -> 3.9504 | U74: =IFERROR(T74/S74,0) -> 0.806
A75: 20260701-10-M4 | B75: 20260701 | C75: 10 | D75: M4 | E75: A-AM | F75: A | G75: 60 | H75: 2.9 | I75: =G75-H75 -> 57.1 | J75: =INDEX(Dim_Machine!$E$2:$E$8,MATCH(D75,Dim_Machine!$A$2:$A$8,0))*INDEX(Dim_Machine!$D$2:$D$8,MATCH(D75,Dim_Machine!$A$2:$A$8,0))*I75 -> 41112 | K75: =ROUND(J75*0.967,0) -> 39755 | L75: =ROUND(K75*0.0342,0) -> 1360 | M75: =K75-L75 -> 38395 | N75: =IFERROR(K75/J75,0) -> 0.96699261 | O75: =IFERROR(I75/G75,0) -> 0.95166667 | P75: =IFERROR((K75/I75)/(INDEX(Dim_Machine!$E$2:$E$8,MATCH(D75,Dim_Machine!$A$2:$A$8,0))*INDEX(Dim_Machine!$D$2:$D$8,MATCH(D75,Dim_Machine!$A$2:$A$8,0))),0) -> 0.96699261 | Q75: =IFERROR(M75/K75,0) -> 0.96579047 | R75: =O75*P75*Q75 -> 0.88877315 | S75: =T75/0.806 -> 11.909119 | T75: =M75*INDEX(Dim_Product!$C$2:$C$4,MATCH(F75,Dim_Product!$A$2:$A$4,0))/1000000 -> 9.59875 | U75: =IFERROR(T75/S75,0) -> 0.806
A76: 20260701-10-M5 | B76: 20260701 | C76: 10 | D76: M5 | E76: A-AM | F76: C | G76: 60 | H76: 2.9 | I76: =G76-H76 -> 57.1 | J76: =INDEX(Dim_Machine!$E$2:$E$8,MATCH(D76,Dim_Machine!$A$2:$A$8,0))*INDEX(Dim_Machine!$D$2:$D$8,MATCH(D76,Dim_Machine!$A$2:$A$8,0))*I76 -> 23753.6 | K76: =ROUND(J76*0.916,0) -> 21758 | L76: =ROUND(K76*0.025,0) -> 544 | M76: =K76-L76 -> 21214 | N76: =IFERROR(K76/J76,0) -> 0.91598747 | O76: =IFERROR(I76/G76,0) -> 0.95166667 | P76: =IFERROR((K76/I76)/(INDEX(Dim_Machine!$E$2:$E$8,MATCH(D76,Dim_Machine!$A$2:$A$8,0))*INDEX(Dim_Machine!$D$2:$D$8,MATCH(D76,Dim_Machine!$A$2:$A$8,0))),0) -> 0.91598747 | Q76: =IFERROR(M76/K76,0) -> 0.9749977 | R76: =O76*P76*Q76 -> 0.84991987 | S76: =T76/0.853 -> 4.9739742 | T76: =M76*INDEX(Dim_Product!$C$2:$C$4,MATCH(F76,Dim_Product!$A$2:$A$4,0))/1000000 -> 4.2428 | U76: =IFERROR(T76/S76,0) -> 0.853
A77: 20260701-10-M6 | B77: 20260701 | C77: 10 | D77: M6 | E77: A-AM | F77: C | G77: 60 | H77: 4.5 | I77: =G77-H77 -> 55.5 | J77: =INDEX(Dim_Machine!$E$2:$E$8,MATCH(D77,Dim_Machine!$A$2:$A$8,0))*INDEX(Dim_Machine!$D$2:$D$8,MATCH(D77,Dim_Machine!$A$2:$A$8,0))*I77 -> 15984 | K77: =ROUND(J77*0.955,0) -> 15265 | L77: =ROUND(K77*0.0342,0) -> 522 | M77: =K77-L77 -> 14743 | N77: =IFERROR(K77/J77,0) -> 0.95501752 | O77: =IFERROR(I77/G77,0) -> 0.925 | P77: =IFERROR((K77/I77)/(INDEX(Dim_Machine!$E$2:$E$8,MATCH(D77,Dim_Machine!$A$2:$A$8,0))*INDEX(Dim_Machine!$D$2:$D$8,MATCH(D77,Dim_Machine!$A$2:$A$8,0))),0) -> 0.95501752 | Q77: =IFERROR(M77/K77,0) -> 0.96580413 | R77: =O77*P77*Q77 -> 0.85318287 | S77: =T77/0.912 -> 3.233114 | T77: =M77*INDEX(Dim_Product!$C$2:$C$4,MATCH(F77,Dim_Product!$A$2:$A$4,0))/1000000 -> 2.9486 | U77: =IFERROR(T77/S77,0) -> 0.912
A78: 20260701-10-M7 | B78: 20260701 | C78: 10 | D78: M7 | E78: A-AM | F78: C | G78: 60 | H78: 7.4 | I78: =G78-H78 -> 52.6 | J78: =INDEX(Dim_Machine!$E$2:$E$8,MATCH(D78,Dim_Machine!$A$2:$A$8,0))*INDEX(Dim_Machine!$D$2:$D$8,MATCH(D78,Dim_Machine!$A$2:$A$8,0))*I78 -> 34084.8 | K78: =ROUND(J78*0.827,0) -> 28188 | L78: =ROUND(K78*0.0099,0) -> 279 | M78: =K78-L78 -> 27909 | N78: =IFERROR(K78/J78,0) -> 0.8269962 | O78: =IFERROR(I78/G78,0) -> 0.87666667 | P78: =IFERROR((K78/I78)/(INDEX(Dim_Machine!$E$2:$E$8,MATCH(D78,Dim_Machine!$A$2:$A$8,0))*INDEX(Dim_Machine!$D$2:$D$8,MATCH(D78,Dim_Machine!$A$2:$A$8,0))),0) -> 0.8269962 | Q78: =IFERROR(M78/K78,0) -> 0.99010217 | R78: =O78*P78*Q78 -> 0.71782407 | S78: =T78/0.92 -> 6.0671739 | T78: =M78*INDEX(Dim_Product!$C$2:$C$4,MATCH(F78,Dim_Product!$A$2:$A$4,0))/1000000 -> 5.5818 | U78: =IFERROR(T78/S78,0) -> 0.92
A79: 20260701-11-M1 | B79: 20260701 | C79: 11 | D79: M1 | E79: A-AM | F79: C | G79: 60 | H79: 1.4 | I79: =G79-H79 -> 58.6 | J79: =INDEX(Dim_Machine!$E$2:$E$8,MATCH(D79,Dim_Machine!$A$2:$A$8,0))*INDEX(Dim_Machine!$D$2:$D$8,MATCH(D79,Dim_Machine!$A$2:$A$8,0))*I79 -> 23440 | K79: =ROUND(J79*0.862,0) -> 20205 | L79: =ROUND(K79*0.0104,0) -> 210 | M79: =K79-L79 -> 19995 | N79: =IFERROR(K79/J79,0) -> 0.86198805 | O79: =IFERROR(I79/G79,0) -> 0.97666667 | P79: =IFERROR((K79/I79)/(INDEX(Dim_Machine!$E$2:$E$8,MATCH(D79,Dim_Machine!$A$2:$A$8,0))*INDEX(Dim_Machine!$D$2:$D$8,MATCH(D79,Dim_Machine!$A$2:$A$8,0))),0) -> 0.86198805 | Q79: =IFERROR(M79/K79,0) -> 0.98960653 | R79: =O79*P79*Q79 -> 0.833125 | S79: =T79/0.939 -> 4.2587859 | T79: =M79*INDEX(Dim_Product!$C$2:$C$4,MATCH(F79,Dim_Product!$A$2:$A$4,0))/1000000 -> 3.999 | U79: =IFERROR(T79/S79,0) -> 0.939
A80: 20260701-11-M2 | B80: 20260701 | C80: 11 | D80: M2 | E80: A-AM | F80: A | G80: 60 | H80: 6.3 | I80: =G80-H80 -> 53.7 | J80: =INDEX(Dim_Machine!$E$2:$E$8,MATCH(D80,Dim_Machine!$A$2:$A$8,0))*INDEX(Dim_Machine!$D$2:$D$8,MATCH(D80,Dim_Machine!$A$2:$A$8,0))*I80 -> 36086.4 | K80: =ROUND(J80*0.862,0) -> 31106 | L80: =ROUND(K80*0.0251,0) -> 781 | M80: =K80-L80 -> 30325 | N80: =IFERROR(K80/J80,0) -> 0.86198679 | O80: =IFERROR(I80/G80,0) -> 0.895 | P80: =IFERROR((K80/I80)/(INDEX(Dim_Machine!$E$2:$E$8,MATCH(D80,Dim_Machine!$A$2:$A$8,0))*INDEX(Dim_Machine!$D$2:$D$8,MATCH(D80,Dim_Machine!$A$2:$A$8,0))),0) -> 0.86198679 | Q80: =IFERROR(M80/K80,0) -> 0.9748923 | R80: =O80*P80*Q80 -> 0.75210813 | S80: =T80/0.91 -> 8.331044 | T80: =M80*INDEX(Dim_Product!$C$2:$C$4,MATCH(F80,Dim_Product!$A$2:$A$4,0))/1000000 -> 7.58125 | U80: =IFERROR(T80/S80,0) -> 0.91
A81: 20260701-11-M3 | B81: 20260701 | C81: 11 | D81: M3 | E81: A-AM | F81: B | G81: 60 | H81: 2 | I81: =G81-H81 -> 58 | J81: =INDEX(Dim_Machine!$E$2:$E$8,MATCH(D81,Dim_Machine!$A$2:$A$8,0))*INDEX(Dim_Machine!$D$2:$D$8,MATCH(D81,Dim_Machine!$A$2:$A$8,0))*I81 -> 15312 | K81: =ROUND(J81*0.812,0) -> 12433 | L81: =ROUND(K81*0.026,0) -> 323 | M81: =K81-L81 -> 12110 | N81: =IFERROR(K81/J81,0) -> 0.81197753 | O81: =IFERROR(I81/G81,0) -> 0.96666667 | P81: =IFERROR((K81/I81)/(INDEX(Dim_Machine!$E$2:$E$8,MATCH(D81,Dim_Machine!$A$2:$A$8,0))*INDEX(Dim_Machine!$D$2:$D$8,MATCH(D81,Dim_Machine!$A$2:$A$8,0))),0) -> 0.81197753 | Q81: =IFERROR(M81/K81,0) -> 0.97402075 | R81: =O81*P81*Q81 -> 0.7645202 | S81: =T81/0.857 -> 4.2392065 | T81: =M81*INDEX(Dim_Product!$C$2:$C$4,MATCH(F81,Dim_Product!$A$2:$A$4,0))/1000000 -> 3.633 | U81: =IFERROR(T81/S81,0) -> 0.857
A82: 20260701-11-M4 | B82: 20260701 | C82: 11 | D82: M4 | E82: A-AM | F82: A | G82: 60 | H82: 0.3 | I82: =G82-H82 -> 59.7 | J82: =INDEX(Dim_Machine!$E$2:$E$8,MATCH(D82,Dim_Machine!$A$2:$A$8,0))*INDEX(Dim_Machine!$D$2:$D$8,MATCH(D82,Dim_Machine!$A$2:$A$8,0))*I82 -> 42984 | K82: =ROUND(J82*0.874,0) -> 37568 | L82: =ROUND(K82*0.011,0) -> 413 | M82: =K82-L82 -> 37155 | N82: =IFERROR(K82/J82,0) -> 0.87399963 | O82: =IFERROR(I82/G82,0) -> 0.995 | P82: =IFERROR((K82/I82)/(INDEX(Dim_Machine!$E$2:$E$8,MATCH(D82,Dim_Machine!$A$2:$A$8,0))*INDEX(Dim_Machine!$D$2:$D$8,MATCH(D82,Dim_Machine!$A$2:$A$8,0))),0) -> 0.87399963 | Q82: =IFERROR(M82/K82,0) -> 0.9890066 | R82: =O82*P82*Q82 -> 0.86006944 | S82: =T82/0.938 -> 9.9027186 | T82: =M82*INDEX(Dim_Product!$C$2:$C$4,MATCH(F82,Dim_Product!$A$2:$A$4,0))/1000000 -> 9.28875 | U82: =IFERROR(T82/S82,0) -> 0.938
A83: 20260701-11-M5 | B83: 20260701 | C83: 11 | D83: M5 | E83: A-AM | F83: C | G83: 60 | H83: 2.8 | I83: =G83-H83 -> 57.2 | J83: =INDEX(Dim_Machine!$E$2:$E$8,MATCH(D83,Dim_Machine!$A$2:$A$8,0))*INDEX(Dim_Machine!$D$2:$D$8,MATCH(D83,Dim_Machine!$A$2:$A$8,0))*I83 -> 23795.2 | K83: =ROUND(J83*0.944,0) -> 22463 | L83: =ROUND(K83*0.0311,0) -> 699 | M83: =K83-L83 -> 21764 | N83: =IFERROR(K83/J83,0) -> 0.94401392 | O83: =IFERROR(I83/G83,0) -> 0.95333333 | P83: =IFERROR((K83/I83)/(INDEX(Dim_Machine!$E$2:$E$8,MATCH(D83,Dim_Machine!$A$2:$A$8,0))*INDEX(Dim_Machine!$D$2:$D$8,MATCH(D83,Dim_Machine!$A$2:$A$8,0))),0) -> 0.94401392 | Q83: =IFERROR(M83/K83,0) -> 0.96888216 | R83: =O83*P83*Q83 -> 0.87195513 | S83: =T83/0.833 -> 5.2254502 | T83: =M83*INDEX(Dim_Product!$C$2:$C$4,MATCH(F83,Dim_Product!$A$2:$A$4,0))/1000000 -> 4.3528 | U83: =IFERROR(T83/S83,0) -> 0.833
A84: 20260701-11-M6 | B84: 20260701 | C84: 11 | D84: M6 | E84: A-AM | F84: C | G84: 60 | H84: 5.3 | I84: =G84-H84 -> 54.7 | J84: =INDEX(Dim_Machine!$E$2:$E$8,MATCH(D84,Dim_Machine!$A$2:$A$8,0))*INDEX(Dim_Machine!$D$2:$D$8,MATCH(D84,Dim_Machine!$A$2:$A$8,0))*I84 -> 15753.6 | K84: =ROUND(J84*0.86,0) -> 13548 | L84: =ROUND(K84*0.0134,0) -> 182 | M84: =K84-L84 -> 13366 | N84: =IFERROR(K84/J84,0) -> 0.85999391 | O84: =IFERROR(I84/G84,0) -> 0.91166667 | P84: =IFERROR((K84/I84)/(INDEX(Dim_Machine!$E$2:$E$8,MATCH(D84,Dim_Machine!$A$2:$A$8,0))*INDEX(Dim_Machine!$D$2:$D$8,MATCH(D84,Dim_Machine!$A$2:$A$8,0))),0) -> 0.85999391 | Q84: =IFERROR(M84/K84,0) -> 0.98656628 | R84: =O84*P84*Q84 -> 0.77349537 | S84: =T84/0.81 -> 3.3002469 | T84: =M84*INDEX(Dim_Product!$C$2:$C$4,MATCH(F84,Dim_Product!$A$2:$A$4,0))/1000000 -> 2.6732 | U84: =IFERROR(T84/S84,0) -> 0.81
A85: 20260701-11-M7 | B85: 20260701 | C85: 11 | D85: M7 | E85: A-AM | F85: C | G85: 60 | H85: 6.2 | I85: =G85-H85 -> 53.8 | J85: =INDEX(Dim_Machine!$E$2:$E$8,MATCH(D85,Dim_Machine!$A$2:$A$8,0))*INDEX(Dim_Machine!$D$2:$D$8,MATCH(D85,Dim_Machine!$A$2:$A$8,0))*I85 -> 34862.4 | K85: =ROUND(J85*0.85,0) -> 29633 | L85: =ROUND(K85*0.0203,0) -> 602 | M85: =K85-L85 -> 29031 | N85: =IFERROR(K85/J85,0) -> 0.84999885 | O85: =IFERROR(I85/G85,0) -> 0.89666667 | P85: =IFERROR((K85/I85)/(INDEX(Dim_Machine!$E$2:$E$8,MATCH(D85,Dim_Machine!$A$2:$A$8,0))*INDEX(Dim_Machine!$D$2:$D$8,MATCH(D85,Dim_Machine!$A$2:$A$8,0))),0) -> 0.84999885 | Q85: =IFERROR(M85/K85,0) -> 0.97968481 | R85: =O85*P85*Q85 -> 0.7466821 | S85: =T85/0.902 -> 6.4370288 | T85: =M85*INDEX(Dim_Product!$C$2:$C$4,MATCH(F85,Dim_Product!$A$2:$A$4,0))/1000000 -> 5.8062 | U85: =IFERROR(T85/S85,0) -> 0.902
A86: 20260701-12-M1 | B86: 20260701 | C86: 12 | D86: M1 | E86: A-AM | F86: C | G86: 60 | H86: 6.7 | I86: =G86-H86 -> 53.3 | J86: =INDEX(Dim_Machine!$E$2:$E$8,MATCH(D86,Dim_Machine!$A$2:$A$8,0))*INDEX(Dim_Machine!$D$2:$D$8,MATCH(D86,Dim_Machine!$A$2:$A$8,0))*I86 -> 21320 | K86: =ROUND(J86*0.846,0) -> 18037 | L86: =ROUND(K86*0.0058,0) -> 105 | M86: =K86-L86 -> 17932 | N86: =IFERROR(K86/J86,0) -> 0.84601313 | O86: =IFERROR(I86/G86,0) -> 0.88833333 | P86: =IFERROR((K86/I86)/(INDEX(Dim_Machine!$E$2:$E$8,MATCH(D86,Dim_Machine!$A$2:$A$8,0))*INDEX(Dim_Machine!$D$2:$D$8,MATCH(D86,Dim_Machine!$A$2:$A$8,0))),0) -> 0.84601313 | Q86: =IFERROR(M86/K86,0) -> 0.99417863 | R86: =O86*P86*Q86 -> 0.74716667 | S86: =T86/0.932 -> 3.8480687 | T86: =M86*INDEX(Dim_Product!$C$2:$C$4,MATCH(F86,Dim_Product!$A$2:$A$4,0))/1000000 -> 3.5864 | U86: =IFERROR(T86/S86,0) -> 0.932
A87: 20260701-12-M2 | B87: 20260701 | C87: 12 | D87: M2 | E87: A-AM | F87: A | G87: 60 | H87: 2.1 | I87: =G87-H87 -> 57.9 | J87: =INDEX(Dim_Machine!$E$2:$E$8,MATCH(D87,Dim_Machine!$A$2:$A$8,0))*INDEX(Dim_Machine!$D$2:$D$8,MATCH(D87,Dim_Machine!$A$2:$A$8,0))*I87 -> 38908.8 | K87: =ROUND(J87*0.896,0) -> 34862 | L87: =ROUND(K87*0.0345,0) -> 1203 | M87: =K87-L87 -> 33659 | N87: =IFERROR(K87/J87,0) -> 0.89599268 | O87: =IFERROR(I87/G87,0) -> 0.965 | P87: =IFERROR((K87/I87)/(INDEX(Dim_Machine!$E$2:$E$8,MATCH(D87,Dim_Machine!$A$2:$A$8,0))*INDEX(Dim_Machine!$D$2:$D$8,MATCH(D87,Dim_Machine!$A$2:$A$8,0))),0) -> 0.89599268 | Q87: =IFERROR(M87/K87,0) -> 0.96549251 | R87: =O87*P87*Q87 -> 0.83479663 | S87: =T87/0.806 -> 10.440136 | T87: =M87*INDEX(Dim_Product!$C$2:$C$4,MATCH(F87,Dim_Product!$A$2:$A$4,0))/1000000 -> 8.41475 | U87: =IFERROR(T87/S87,0) -> 0.806
A88: 20260701-12-M3 | B88: 20260701 | C88: 12 | D88: M3 | E88: A-AM | F88: B | G88: 60 | H88: 4.8 | I88: =G88-H88 -> 55.2 | J88: =INDEX(Dim_Machine!$E$2:$E$8,MATCH(D88,Dim_Machine!$A$2:$A$8,0))*INDEX(Dim_Machine!$D$2:$D$8,MATCH(D88,Dim_Machine!$A$2:$A$8,0))*I88 -> 14572.8 | K88: =ROUND(J88*0.849,0) -> 12372 | L88: =ROUND(K88*0.0286,0) -> 354 | M88: =K88-L88 -> 12018 | N88: =IFERROR(K88/J88,0) -> 0.84897892 | O88: =IFERROR(I88/G88,0) -> 0.92 | P88: =IFERROR((K88/I88)/(INDEX(Dim_Machine!$E$2:$E$8,MATCH(D88,Dim_Machine!$A$2:$A$8,0))*INDEX(Dim_Machine!$D$2:$D$8,MATCH(D88,Dim_Machine!$A$2:$A$8,0))),0) -> 0.84897892 | Q88: =IFERROR(M88/K88,0) -> 0.971387 | R88: =O88*P88*Q88 -> 0.75871212 | S88: =T88/0.865 -> 4.1680925 | T88: =M88*INDEX(Dim_Product!$C$2:$C$4,MATCH(F88,Dim_Product!$A$2:$A$4,0))/1000000 -> 3.6054 | U88: =IFERROR(T88/S88,0) -> 0.865
A89: 20260701-12-M4 | B89: 20260701 | C89: 12 | D89: M4 | E89: A-AM | F89: A | G89: 60 | H89: 7.9 | I89: =G89-H89 -> 52.1 | J89: =INDEX(Dim_Machine!$E$2:$E$8,MATCH(D89,Dim_Machine!$A$2:$A$8,0))*INDEX(Dim_Machine!$D$2:$D$8,MATCH(D89,Dim_Machine!$A$2:$A$8,0))*I89 -> 37512 | K89: =ROUND(J89*0.803,0) -> 30122 | L89: =ROUND(K89*0.032,0) -> 964 | M89: =K89-L89 -> 29158 | N89: =IFERROR(K89/J89,0) -> 0.80299637 | O89: =IFERROR(I89/G89,0) -> 0.86833333 | P89: =IFERROR((K89/I89)/(INDEX(Dim_Machine!$E$2:$E$8,MATCH(D89,Dim_Machine!$A$2:$A$8,0))*INDEX(Dim_Machine!$D$2:$D$8,MATCH(D89,Dim_Machine!$A$2:$A$8,0))),0) -> 0.80299637 | Q89: =IFERROR(M89/K89,0) -> 0.96799681 | R89: =O89*P89*Q89 -> 0.6749537 | S89: =T89/0.829 -> 8.7931242 | T89: =M89*INDEX(Dim_Product!$C$2:$C$4,MATCH(F89,Dim_Product!$A$2:$A$4,0))/1000000 -> 7.2895 | U89: =IFERROR(T89/S89,0) -> 0.829
A90: 20260701-12-M5 | B90: 20260701 | C90: 12 | D90: M5 | E90: A-AM | F90: C | G90: 60 | H90: 0.4 | I90: =G90-H90 -> 59.6 | J90: =INDEX(Dim_Machine!$E$2:$E$8,MATCH(D90,Dim_Machine!$A$2:$A$8,0))*INDEX(Dim_Machine!$D$2:$D$8,MATCH(D90,Dim_Machine!$A$2:$A$8,0))*I90 -> 24793.6 | K90: =ROUND(J90*0.867,0) -> 21496 | L90: =ROUND(K90*0.0206,0) -> 443 | M90: =K90-L90 -> 21053 | N90: =IFERROR(K90/J90,0) -> 0.86699793 | O90: =IFERROR(I90/G90,0) -> 0.99333333 | P90: =IFERROR((K90/I90)/(INDEX(Dim_Machine!$E$2:$E$8,MATCH(D90,Dim_Machine!$A$2:$A$8,0))*INDEX(Dim_Machine!$D$2:$D$8,MATCH(D90,Dim_Machine!$A$2:$A$8,0))),0) -> 0.86699793 | Q90: =IFERROR(M90/K90,0) -> 0.97939151 | R90: =O90*P90*Q90 -> 0.84346955 | S90: =T90/0.921 -> 4.5717698 | T90: =M90*INDEX(Dim_Product!$C$2:$C$4,MATCH(F90,Dim_Product!$A$2:$A$4,0))/1000000 -> 4.2106 | U90: =IFERROR(T90/S90,0) -> 0.921
A91: 20260701-12-M6 | B91: 20260701 | C91: 12 | D91: M6 | E91: A-AM | F91: C | G91: 60 | H91: 5.5 | I91: =G91-H91 -> 54.5 | J91: =INDEX(Dim_Machine!$E$2:$E$8,MATCH(D91,Dim_Machine!$A$2:$A$8,0))*INDEX(Dim_Machine!$D$2:$D$8,MATCH(D91,Dim_Machine!$A$2:$A$8,0))*I91 -> 15696 | K91: =ROUND(J91*0.968,0) -> 15194 | L91: =ROUND(K91*0.0271,0) -> 412 | M91: =K91-L91 -> 14782 | N91: =IFERROR(K91/J91,0) -> 0.96801733 | O91: =IFERROR(I91/G91,0) -> 0.90833333 | P91: =IFERROR((K91/I91)/(INDEX(Dim_Machine!$E$2:$E$8,MATCH(D91,Dim_Machine!$A$2:$A$8,0))*INDEX(Dim_Machine!$D$2:$D$8,MATCH(D91,Dim_Machine!$A$2:$A$8,0))),0) -> 0.96801733 | Q91: =IFERROR(M91/K91,0) -> 0.97288403 | R91: =O91*P91*Q91 -> 0.85543981 | S91: =T91/0.83 -> 3.5619277 | T91: =M91*INDEX(Dim_Product!$C$2:$C$4,MATCH(F91,Dim_Product!$A$2:$A$4,0))/1000000 -> 2.9564 | U91: =IFERROR(T91/S91,0) -> 0.83
A92: 20260701-12-M7 | B92: 20260701 | C92: 12 | D92: M7 | E92: A-AM | F92: C | G92: 60 | H92: 3.5 | I92: =G92-H92 -> 56.5 | J92: =INDEX(Dim_Machine!$E$2:$E$8,MATCH(D92,Dim_Machine!$A$2:$A$8,0))*INDEX(Dim_Machine!$D$2:$D$8,MATCH(D92,Dim_Machine!$A$2:$A$8,0))*I92 -> 36612 | K92: =ROUND(J92*0.97,0) -> 35514 | L92: =ROUND(K92*0.0326,0) -> 1158 | M92: =K92-L92 -> 34356 | N92: =IFERROR(K92/J92,0) -> 0.97000983 | O92: =IFERROR(I92/G92,0) -> 0.94166667 | P92: =IFERROR((K92/I92)/(INDEX(Dim_Machine!$E$2:$E$8,MATCH(D92,Dim_Machine!$A$2:$A$8,0))*INDEX(Dim_Machine!$D$2:$D$8,MATCH(D92,Dim_Machine!$A$2:$A$8,0))),0) -> 0.97000983 | Q92: =IFERROR(M92/K92,0) -> 0.96739314 | R92: =O92*P92*Q92 -> 0.88364198 | S92: =T92/0.893 -> 7.6945129 | T92: =M92*INDEX(Dim_Product!$C$2:$C$4,MATCH(F92,Dim_Product!$A$2:$A$4,0))/1000000 -> 6.8712 | U92: =IFERROR(T92/S92,0) -> 0.893
A93: 20260701-13-M1 | B93: 20260701 | C93: 13 | D93: M1 | E93: A-AM | F93: C | G93: 60 | H93: 5.3 | I93: =G93-H93 -> 54.7 | J93: =INDEX(Dim_Machine!$E$2:$E$8,MATCH(D93,Dim_Machine!$A$2:$A$8,0))*INDEX(Dim_Machine!$D$2:$D$8,MATCH(D93,Dim_Machine!$A$2:$A$8,0))*I93 -> 21880 | K93: =ROUND(J93*0.805,0) -> 17613 | L93: =ROUND(K93*0.032,0) -> 564 | M93: =K93-L93 -> 17049 | N93: =IFERROR(K93/J93,0) -> 0.80498172 | O93: =IFERROR(I93/G93,0) -> 0.91166667 | P93: =IFERROR((K93/I93)/(INDEX(Dim_Machine!$E$2:$E$8,MATCH(D93,Dim_Machine!$A$2:$A$8,0))*INDEX(Dim_Machine!$D$2:$D$8,MATCH(D93,Dim_Machine!$A$2:$A$8,0))),0) -> 0.80498172 | Q93: =IFERROR(M93/K93,0) -> 0.9679782 | R93: =O93*P93*Q93 -> 0.710375 | S93: =T93/0.876 -> 3.8924658 | T93: =M93*INDEX(Dim_Product!$C$2:$C$4,MATCH(F93,Dim_Product!$A$2:$A$4,0))/1000000 -> 3.4098 | U93: =IFERROR(T93/S93,0) -> 0.876
A94: 20260701-13-M2 | B94: 20260701 | C94: 13 | D94: M2 | E94: A-AM | F94: A | G94: 60 | H94: 5.3 | I94: =G94-H94 -> 54.7 | J94: =INDEX(Dim_Machine!$E$2:$E$8,MATCH(D94,Dim_Machine!$A$2:$A$8,0))*INDEX(Dim_Machine!$D$2:$D$8,MATCH(D94,Dim_Machine!$A$2:$A$8,0))*I94 -> 36758.4 | K94: =ROUND(J94*0.845,0) -> 31061 | L94: =ROUND(K94*0.0259,0) -> 804 | M94: =K94-L94 -> 30257 | N94: =IFERROR(K94/J94,0) -> 0.84500414 | O94: =IFERROR(I94/G94,0) -> 0.91166667 | P94: =IFERROR((K94/I94)/(INDEX(Dim_Machine!$E$2:$E$8,MATCH(D94,Dim_Machine!$A$2:$A$8,0))*INDEX(Dim_Machine!$D$2:$D$8,MATCH(D94,Dim_Machine!$A$2:$A$8,0))),0) -> 0.84500414 | Q94: =IFERROR(M94/K94,0) -> 0.97411545 | R94: =O94*P94*Q94 -> 0.75042163 | S94: =T94/0.883 -> 8.5665345 | T94: =M94*INDEX(Dim_Product!$C$2:$C$4,MATCH(F94,Dim_Product!$A$2:$A$4,0))/1000000 -> 7.56425 | U94: =IFERROR(T94/S94,0) -> 0.883
A95: 20260701-13-M3 | B95: 20260701 | C95: 13 | D95: M3 | E95: A-AM | F95: B | G95: 60 | H95: 1.5 | I95: =G95-H95 -> 58.5 | J95: =INDEX(Dim_Machine!$E$2:$E$8,MATCH(D95,Dim_Machine!$A$2:$A$8,0))*INDEX(Dim_Machine!$D$2:$D$8,MATCH(D95,Dim_Machine!$A$2:$A$8,0))*I95 -> 15444 | K95: =ROUND(J95*0.913,0) -> 14100 | L95: =ROUND(K95*0.0164,0) -> 231 | M95: =K95-L95 -> 13869 | N95: =IFERROR(K95/J95,0) -> 0.91297591 | O95: =IFERROR(I95/G95,0) -> 0.975 | P95: =IFERROR((K95/I95)/(INDEX(Dim_Machine!$E$2:$E$8,MATCH(D95,Dim_Machine!$A$2:$A$8,0))*INDEX(Dim_Machine!$D$2:$D$8,MATCH(D95,Dim_Machine!$A$2:$A$8,0))),0) -> 0.91297591 | Q95: =IFERROR(M95/K95,0) -> 0.98361702 | R95: =O95*P95*Q95 -> 0.87556818 | S95: =T95/0.912 -> 4.5621711 | T95: =M95*INDEX(Dim_Product!$C$2:$C$4,MATCH(F95,Dim_Product!$A$2:$A$4,0))/1000000 -> 4.1607 | U95: =IFERROR(T95/S95,0) -> 0.912
A96: 20260701-13-M4 | B96: 20260701 | C96: 13 | D96: M4 | E96: A-AM | F96: A | G96: 60 | H96: 1.4 | I96: =G96-H96 -> 58.6 | J96: =INDEX(Dim_Machine!$E$2:$E$8,MATCH(D96,Dim_Machine!$A$2:$A$8,0))*INDEX(Dim_Machine!$D$2:$D$8,MATCH(D96,Dim_Machine!$A$2:$A$8,0))*I96 -> 42192 | K96: =ROUND(J96*0.894,0) -> 37720 | L96: =ROUND(K96*0.0172,0) -> 649 | M96: =K96-L96 -> 37071 | N96: =IFERROR(K96/J96,0) -> 0.89400834 | O96: =IFERROR(I96/G96,0) -> 0.97666667 | P96: =IFERROR((K96/I96)/(INDEX(Dim_Machine!$E$2:$E$8,MATCH(D96,Dim_Machine!$A$2:$A$8,0))*INDEX(Dim_Machine!$D$2:$D$8,MATCH(D96,Dim_Machine!$A$2:$A$8,0))),0) -> 0.89400834 | Q96: =IFERROR(M96/K96,0) -> 0.98279427 | R96: =O96*P96*Q96 -> 0.858125 | S96: =T96/0.925 -> 10.019189 | T96: =M96*INDEX(Dim_Product!$C$2:$C$4,MATCH(F96,Dim_Product!$A$2:$A$4,0))/1000000 -> 9.26775 | U96: =IFERROR(T96/S96,0) -> 0.925
A97: 20260701-13-M5 | B97: 20260701 | C97: 13 | D97: M5 | E97: A-AM | F97: C | G97: 60 | H97: 2.4 | I97: =G97-H97 -> 57.6 | J97: =INDEX(Dim_Machine!$E$2:$E$8,MATCH(D97,Dim_Machine!$A$2:$A$8,0))*INDEX(Dim_Machine!$D$2:$D$8,MATCH(D97,Dim_Machine!$A$2:$A$8,0))*I97 -> 23961.6 | K97: =ROUND(J97*0.822,0) -> 19696 | L97: =ROUND(K97*0.0286,0) -> 563 | M97: =K97-L97 -> 19133 | N97: =IFERROR(K97/J97,0) -> 0.82198184 | O97: =IFERROR(I97/G97,0) -> 0.96 | P97: =IFERROR((K97/I97)/(INDEX(Dim_Machine!$E$2:$E$8,MATCH(D97,Dim_Machine!$A$2:$A$8,0))*INDEX(Dim_Machine!$D$2:$D$8,MATCH(D97,Dim_Machine!$A$2:$A$8,0))),0) -> 0.82198184 | Q97: =IFERROR(M97/K97,0) -> 0.97141552 | R97: =O97*P97*Q97 -> 0.76654647 | S97: =T97/0.891 -> 4.294725 | T97: =M97*INDEX(Dim_Product!$C$2:$C$4,MATCH(F97,Dim_Product!$A$2:$A$4,0))/1000000 -> 3.8266 | U97: =IFERROR(T97/S97,0) -> 0.891
A98: 20260701-13-M6 | B98: 20260701 | C98: 13 | D98: M6 | E98: A-AM | F98: C | G98: 60 | H98: 2.6 | I98: =G98-H98 -> 57.4 | J98: =INDEX(Dim_Machine!$E$2:$E$8,MATCH(D98,Dim_Machine!$A$2:$A$8,0))*INDEX(Dim_Machine!$D$2:$D$8,MATCH(D98,Dim_Machine!$A$2:$A$8,0))*I98 -> 16531.2 | K98: =ROUND(J98*0.868,0) -> 14349 | L98: =ROUND(K98*0.0253,0) -> 363 | M98: =K98-L98 -> 13986 | N98: =IFERROR(K98/J98,0) -> 0.86799506 | O98: =IFERROR(I98/G98,0) -> 0.95666667 | P98: =IFERROR((K98/I98)/(INDEX(Dim_Machine!$E$2:$E$8,MATCH(D98,Dim_Machine!$A$2:$A$8,0))*INDEX(Dim_Machine!$D$2:$D$8,MATCH(D98,Dim_Machine!$A$2:$A$8,0))),0) -> 0.86799506 | Q98: =IFERROR(M98/K98,0) -> 0.97470207 | R98: =O98*P98*Q98 -> 0.809375 | S98: =T98/0.877 -> 3.1895097 | T98: =M98*INDEX(Dim_Product!$C$2:$C$4,MATCH(F98,Dim_Product!$A$2:$A$4,0))/1000000 -> 2.7972 | U98: =IFERROR(T98/S98,0) -> 0.877
A99: 20260701-13-M7 | B99: 20260701 | C99: 13 | D99: M7 | E99: A-AM | F99: C | G99: 60 | H99: 6.3 | I99: =G99-H99 -> 53.7 | J99: =INDEX(Dim_Machine!$E$2:$E$8,MATCH(D99,Dim_Machine!$A$2:$A$8,0))*INDEX(Dim_Machine!$D$2:$D$8,MATCH(D99,Dim_Machine!$A$2:$A$8,0))*I99 -> 34797.6 | K99: =ROUND(J99*0.972,0) -> 33823 | L99: =ROUND(K99*0.0271,0) -> 917 | M99: =K99-L99 -> 32906 | N99: =IFERROR(K99/J99,0) -> 0.97199232 | O99: =IFERROR(I99/G99,0) -> 0.895 | P99: =IFERROR((K99/I99)/(INDEX(Dim_Machine!$E$2:$E$8,MATCH(D99,Dim_Machine!$A$2:$A$8,0))*INDEX(Dim_Machine!$D$2:$D$8,MATCH(D99,Dim_Machine!$A$2:$A$8,0))),0) -> 0.97199232 | Q99: =IFERROR(M99/K99,0) -> 0.97288827 | R99: =O99*P99*Q99 -> 0.84634774 | S99: =T99/0.899 -> 7.3205784 | T99: =M99*INDEX(Dim_Product!$C$2:$C$4,MATCH(F99,Dim_Product!$A$2:$A$4,0))/1000000 -> 6.5812 | U99: =IFERROR(T99/S99,0) -> 0.899
A100: 20260701-14-M1 | B100: 20260701 | C100: 14 | D100: M1 | E100: A-AM | F100: C | G100: 60 | H100: 2.3 | I100: =G100-H100 -> 57.7 | J100: =INDEX(Dim_Machine!$E$2:$E$8,MATCH(D100,Dim_Machine!$A$2:$A$8,0))*INDEX(Dim_Machine!$D$2:$D$8,MATCH(D100,Dim_Machine!$A$2:$A$8,0))*I100 -> 23080 | K100: =ROUND(J100*0.913,0) -> 21072 | L100: =ROUND(K100*0.0236,0) -> 497 | M100: =K100-L100 -> 20575 | N100: =IFERROR(K100/J100,0) -> 0.91299827 | O100: =IFERROR(I100/G100,0) -> 0.96166667 | P100: =IFERROR((K100/I100)/(INDEX(Dim_Machine!$E$2:$E$8,MATCH(D100,Dim_Machine!$A$2:$A$8,0))*INDEX(Dim_Machine!$D$2:$D$8,MATCH(D100,Dim_Machine!$A$2:$A$8,0))),0) -> 0.91299827 | Q100: =IFERROR(M100/K100,0) -> 0.9764142 | R100: =O100*P100*Q100 -> 0.85729167 | S100: =T100/0.814 -> 5.0552826 | T100: =M100*INDEX(Dim_Product!$C$2:$C$4,MATCH(F100,Dim_Product!$A$2:$A$4,0))/1000000 -> 4.115 | U100: =IFERROR(T100/S100,0) -> 0.814
...

Sheet Fact_Quality_Sampling
A1: SampleKey (PK) | B1: DateKey (FK) | C1: HourKey (FK) | D1: MachineKey (FK) | E1: ShiftKey (FK) | F1: ProductKey (FK) | G1: SampleSize | H1: DefectiveCount | I1: CriticalCount | J1: MajorCount | K1: MinorCount | L1: TopDefectCode (FK) | M1: AvgWeight_g | N1: WeightOK_Count | O1: WeightNotOK_Count | P1: AvgDiameter_mm | Q1: DiameterOK_Count | R1: DiameterNotOK_Count | S1: AvgHeight_mm | T1: HeightOK_Count | U1: HeightNotOK_Count | V1: DefectRatePct | W1: FPY_Pct
A2: QS-1 | B2: =Fact_Production_Hourly!B2 -> 20260701 | C2: =Fact_Production_Hourly!C2 -> 0 | D2: =Fact_Production_Hourly!D2 -> M1 | E2: =Fact_Production_Hourly!E2 -> B-PM | F2: =Fact_Production_Hourly!F2 -> A | G2: =INDEX(Dim_Machine!$D$2:$D$8,MATCH(D2,Dim_Machine!$A$2:$A$8,0))*2 -> 32 | H2: =ROUND(G2*0.0323,0) -> 1 | I2: =ROUND(H2*0.15,0) -> 0 | J2: =ROUND(H2*0.45,0) -> 0 | K2: =MAX(H2-I2-J2,0) -> 1 | L2: D01 | M2: =INDEX(Dim_Product!$C$2:$C$4,MATCH(F2,Dim_Product!$A$2:$A$4,0))+0.42 -> 250.42 | N2: =IF(AND(M2>=INDEX(Dim_Product!$C$2:$C$4,MATCH(F2,Dim_Product!$A$2:$A$4,0))-INDEX(Dim_Product!$D$2:$D$4,MATCH(F2,Dim_Product!$A$2:$A$4,0)),M2<=INDEX(Dim_Product!$C$2:$C$4,MATCH(F2,Dim_Product!$A$2:$A$4,0))+INDEX(Dim_Product!$D$2:$D$4,MATCH(F2,Dim_Product!$A$2:$A$4,0))),G2-H2,G2-H2-1) -> 31 | O2: =G2-N2 -> 1 | P2: =INDEX(Dim_Product!$G$2:$G$4,MATCH(F2,Dim_Product!$A$2:$A$4,0))+0.01 -> 70.01 | Q2: =IF(AND(P2>=INDEX(Dim_Product!$G$2:$G$4,MATCH(F2,Dim_Product!$A$2:$A$4,0))-INDEX(Dim_Product!$H$2:$H$4,MATCH(F2,Dim_Product!$A$2:$A$4,0)),P2<=INDEX(Dim_Product!$G$2:$G$4,MATCH(F2,Dim_Product!$A$2:$A$4,0))+INDEX(Dim_Product!$H$2:$H$4,MATCH(F2,Dim_Product!$A$2:$A$4,0))),G2-H2,G2-H2-1) -> 31 | R2: =G2-Q2 -> 1 | S2: =INDEX(Dim_Product!$K$2:$K$4,MATCH(F2,Dim_Product!$A$2:$A$4,0))+-0.3 -> 119.7 | T2: =IF(AND(S2>=INDEX(Dim_Product!$K$2:$K$4,MATCH(F2,Dim_Product!$A$2:$A$4,0))-INDEX(Dim_Product!$L$2:$L$4,MATCH(F2,Dim_Product!$A$2:$A$4,0)),S2<=INDEX(Dim_Product!$K$2:$K$4,MATCH(F2,Dim_Product!$A$2:$A$4,0))+INDEX(Dim_Product!$L$2:$L$4,MATCH(F2,Dim_Product!$A$2:$A$4,0))),G2-H2,G2-H2-1) -> 31 | U2: =G2-T2 -> 1 | V2: =IFERROR(H2/G2,0) -> 0.03125 | W2: =1-V2 -> 0.96875
A3: QS-2 | B3: =Fact_Production_Hourly!B3 -> 20260701 | C3: =Fact_Production_Hourly!C3 -> 0 | D3: =Fact_Production_Hourly!D3 -> M2 | E3: =Fact_Production_Hourly!E3 -> B-PM | F3: =Fact_Production_Hourly!F3 -> C | G3: =INDEX(Dim_Machine!$D$2:$D$8,MATCH(D3,Dim_Machine!$A$2:$A$8,0))*2 -> 48 | H3: =ROUND(G3*0.015,0) -> 1 | I3: =ROUND(H3*0.15,0) -> 0 | J3: =ROUND(H3*0.45,0) -> 0 | K3: =MAX(H3-I3-J3,0) -> 1 | L3: D02 | M3: =INDEX(Dim_Product!$C$2:$C$4,MATCH(F3,Dim_Product!$A$2:$A$4,0))+-0.45 -> 199.55 | N3: =IF(AND(M3>=INDEX(Dim_Product!$C$2:$C$4,MATCH(F3,Dim_Product!$A$2:$A$4,0))-INDEX(Dim_Product!$D$2:$D$4,MATCH(F3,Dim_Product!$A$2:$A$4,0)),M3<=INDEX(Dim_Product!$C$2:$C$4,MATCH(F3,Dim_Product!$A$2:$A$4,0))+INDEX(Dim_Product!$D$2:$D$4,MATCH(F3,Dim_Product!$A$2:$A$4,0))),G3-H3,G3-H3-1) -> 47 | O3: =G3-N3 -> 1 | P3: =INDEX(Dim_Product!$G$2:$G$4,MATCH(F3,Dim_Product!$A$2:$A$4,0))+0.24 -> 65.24 | Q3: =IF(AND(P3>=INDEX(Dim_Product!$G$2:$G$4,MATCH(F3,Dim_Product!$A$2:$A$4,0))-INDEX(Dim_Product!$H$2:$H$4,MATCH(F3,Dim_Product!$A$2:$A$4,0)),P3<=INDEX(Dim_Product!$G$2:$G$4,MATCH(F3,Dim_Product!$A$2:$A$4,0))+INDEX(Dim_Product!$H$2:$H$4,MATCH(F3,Dim_Product!$A$2:$A$4,0))),G3-H3,G3-H3-1) -> 47 | R3: =G3-Q3 -> 1 | S3: =INDEX(Dim_Product!$K$2:$K$4,MATCH(F3,Dim_Product!$A$2:$A$4,0))+-0.28 -> 109.72 | T3: =IF(AND(S3>=INDEX(Dim_Product!$K$2:$K$4,MATCH(F3,Dim_Product!$A$2:$A$4,0))-INDEX(Dim_Product!$L$2:$L$4,MATCH(F3,Dim_Product!$A$2:$A$4,0)),S3<=INDEX(Dim_Product!$K$2:$K$4,MATCH(F3,Dim_Product!$A$2:$A$4,0))+INDEX(Dim_Product!$L$2:$L$4,MATCH(F3,Dim_Product!$A$2:$A$4,0))),G3-H3,G3-H3-1) -> 47 | U3: =G3-T3 -> 1 | V3: =IFERROR(H3/G3,0) -> 0.020833333 | W3: =1-V3 -> 0.97916667
A4: QS-3 | B4: =Fact_Production_Hourly!B4 -> 20260701 | C4: =Fact_Production_Hourly!C4 -> 0 | D4: =Fact_Production_Hourly!D4 -> M3 | E4: =Fact_Production_Hourly!E4 -> B-PM | F4: =Fact_Production_Hourly!F4 -> A | G4: =INDEX(Dim_Machine!$D$2:$D$8,MATCH(D4,Dim_Machine!$A$2:$A$8,0))*2 -> 24 | H4: =ROUND(G4*0.0362,0) -> 1 | I4: =ROUND(H4*0.15,0) -> 0 | J4: =ROUND(H4*0.45,0) -> 0 | K4: =MAX(H4-I4-J4,0) -> 1 | L4: D02 | M4: =INDEX(Dim_Product!$C$2:$C$4,MATCH(F4,Dim_Product!$A$2:$A$4,0))+0.63 -> 250.63 | N4: =IF(AND(M4>=INDEX(Dim_Product!$C$2:$C$4,MATCH(F4,Dim_Product!$A$2:$A$4,0))-INDEX(Dim_Product!$D$2:$D$4,MATCH(F4,Dim_Product!$A$2:$A$4,0)),M4<=INDEX(Dim_Product!$C$2:$C$4,MATCH(F4,Dim_Product!$A$2:$A$4,0))+INDEX(Dim_Product!$D$2:$D$4,MATCH(F4,Dim_Product!$A$2:$A$4,0))),G4-H4,G4-H4-1) -> 23 | O4: =G4-N4 -> 1 | P4: =INDEX(Dim_Product!$G$2:$G$4,MATCH(F4,Dim_Product!$A$2:$A$4,0))+0.23 -> 70.23 | Q4: =IF(AND(P4>=INDEX(Dim_Product!$G$2:$G$4,MATCH(F4,Dim_Product!$A$2:$A$4,0))-INDEX(Dim_Product!$H$2:$H$4,MATCH(F4,Dim_Product!$A$2:$A$4,0)),P4<=INDEX(Dim_Product!$G$2:$G$4,MATCH(F4,Dim_Product!$A$2:$A$4,0))+INDEX(Dim_Product!$H$2:$H$4,MATCH(F4,Dim_Product!$A$2:$A$4,0))),G4-H4,G4-H4-1) -> 23 | R4: =G4-Q4 -> 1 | S4: =INDEX(Dim_Product!$K$2:$K$4,MATCH(F4,Dim_Product!$A$2:$A$4,0))+0.34 -> 120.34 | T4: =IF(AND(S4>=INDEX(Dim_Product!$K$2:$K$4,MATCH(F4,Dim_Product!$A$2:$A$4,0))-INDEX(Dim_Product!$L$2:$L$4,MATCH(F4,Dim_Product!$A$2:$A$4,0)),S4<=INDEX(Dim_Product!$K$2:$K$4,MATCH(F4,Dim_Product!$A$2:$A$4,0))+INDEX(Dim_Product!$L$2:$L$4,MATCH(F4,Dim_Product!$A$2:$A$4,0))),G4-H4,G4-H4-1) -> 23 | U4: =G4-T4 -> 1 | V4: =IFERROR(H4/G4,0) -> 0.041666667 | W4: =1-V4 -> 0.95833333
A5: QS-4 | B5: =Fact_Production_Hourly!B5 -> 20260701 | C5: =Fact_Production_Hourly!C5 -> 0 | D5: =Fact_Production_Hourly!D5 -> M4 | E5: =Fact_Production_Hourly!E5 -> B-PM | F5: =Fact_Production_Hourly!F5 -> A | G5: =INDEX(Dim_Machine!$D$2:$D$8,MATCH(D5,Dim_Machine!$A$2:$A$8,0))*2 -> 48 | H5: =ROUND(G5*0.0349,0) -> 2 | I5: =ROUND(H5*0.15,0) -> 0 | J5: =ROUND(H5*0.45,0) -> 1 | K5: =MAX(H5-I5-J5,0) -> 1 | L5: D04 | M5: =INDEX(Dim_Product!$C$2:$C$4,MATCH(F5,Dim_Product!$A$2:$A$4,0))+0 -> 250 | N5: =IF(AND(M5>=INDEX(Dim_Product!$C$2:$C$4,MATCH(F5,Dim_Product!$A$2:$A$4,0))-INDEX(Dim_Product!$D$2:$D$4,MATCH(F5,Dim_Product!$A$2:$A$4,0)),M5<=INDEX(Dim_Product!$C$2:$C$4,MATCH(F5,Dim_Product!$A$2:$A$4,0))+INDEX(Dim_Product!$D$2:$D$4,MATCH(F5,Dim_Product!$A$2:$A$4,0))),G5-H5,G5-H5-1) -> 46 | O5: =G5-N5 -> 2 | P5: =INDEX(Dim_Product!$G$2:$G$4,MATCH(F5,Dim_Product!$A$2:$A$4,0))+-0.16 -> 69.84 | Q5: =IF(AND(P5>=INDEX(Dim_Product!$G$2:$G$4,MATCH(F5,Dim_Product!$A$2:$A$4,0))-INDEX(Dim_Product!$H$2:$H$4,MATCH(F5,Dim_Product!$A$2:$A$4,0)),P5<=INDEX(Dim_Product!$G$2:$G$4,MATCH(F5,Dim_Product!$A$2:$A$4,0))+INDEX(Dim_Product!$H$2:$H$4,MATCH(F5,Dim_Product!$A$2:$A$4,0))),G5-H5,G5-H5-1) -> 46 | R5: =G5-Q5 -> 2 | S5: =INDEX(Dim_Product!$K$2:$K$4,MATCH(F5,Dim_Product!$A$2:$A$4,0))+0.4 -> 120.4 | T5: =IF(AND(S5>=INDEX(Dim_Product!$K$2:$K$4,MATCH(F5,Dim_Product!$A$2:$A$4,0))-INDEX(Dim_Product!$L$2:$L$4,MATCH(F5,Dim_Product!$A$2:$A$4,0)),S5<=INDEX(Dim_Product!$K$2:$K$4,MATCH(F5,Dim_Product!$A$2:$A$4,0))+INDEX(Dim_Product!$L$2:$L$4,MATCH(F5,Dim_Product!$A$2:$A$4,0))),G5-H5,G5-H5-1) -> 46 | U5: =G5-T5 -> 2 | V5: =IFERROR(H5/G5,0) -> 0.041666667 | W5: =1-V5 -> 0.95833333
A6: QS-5 | B6: =Fact_Production_Hourly!B6 -> 20260701 | C6: =Fact_Production_Hourly!C6 -> 0 | D6: =Fact_Production_Hourly!D6 -> M5 | E6: =Fact_Production_Hourly!E6 -> B-PM | F6: =Fact_Production_Hourly!F6 -> A | G6: =INDEX(Dim_Machine!$D$2:$D$8,MATCH(D6,Dim_Machine!$A$2:$A$8,0))*2 -> 32 | H6: =ROUND(G6*0.0325,0) -> 1 | I6: =ROUND(H6*0.15,0) -> 0 | J6: =ROUND(H6*0.45,0) -> 0 | K6: =MAX(H6-I6-J6,0) -> 1 | L6: D01 | M6: =INDEX(Dim_Product!$C$2:$C$4,MATCH(F6,Dim_Product!$A$2:$A$4,0))+-0.36 -> 249.64 | N6: =IF(AND(M6>=INDEX(Dim_Product!$C$2:$C$4,MATCH(F6,Dim_Product!$A$2:$A$4,0))-INDEX(Dim_Product!$D$2:$D$4,MATCH(F6,Dim_Product!$A$2:$A$4,0)),M6<=INDEX(Dim_Product!$C$2:$C$4,MATCH(F6,Dim_Product!$A$2:$A$4,0))+INDEX(Dim_Product!$D$2:$D$4,MATCH(F6,Dim_Product!$A$2:$A$4,0))),G6-H6,G6-H6-1) -> 31 | O6: =G6-N6 -> 1 | P6: =INDEX(Dim_Product!$G$2:$G$4,MATCH(F6,Dim_Product!$A$2:$A$4,0))+-0.24 -> 69.76 | Q6: =IF(AND(P6>=INDEX(Dim_Product!$G$2:$G$4,MATCH(F6,Dim_Product!$A$2:$A$4,0))-INDEX(Dim_Product!$H$2:$H$4,MATCH(F6,Dim_Product!$A$2:$A$4,0)),P6<=INDEX(Dim_Product!$G$2:$G$4,MATCH(F6,Dim_Product!$A$2:$A$4,0))+INDEX(Dim_Product!$H$2:$H$4,MATCH(F6,Dim_Product!$A$2:$A$4,0))),G6-H6,G6-H6-1) -> 31 | R6: =G6-Q6 -> 1 | S6: =INDEX(Dim_Product!$K$2:$K$4,MATCH(F6,Dim_Product!$A$2:$A$4,0))+0.17 -> 120.17 | T6: =IF(AND(S6>=INDEX(Dim_Product!$K$2:$K$4,MATCH(F6,Dim_Product!$A$2:$A$4,0))-INDEX(Dim_Product!$L$2:$L$4,MATCH(F6,Dim_Product!$A$2:$A$4,0)),S6<=INDEX(Dim_Product!$K$2:$K$4,MATCH(F6,Dim_Product!$A$2:$A$4,0))+INDEX(Dim_Product!$L$2:$L$4,MATCH(F6,Dim_Product!$A$2:$A$4,0))),G6-H6,G6-H6-1) -> 31 | U6: =G6-T6 -> 1 | V6: =IFERROR(H6/G6,0) -> 0.03125 | W6: =1-V6 -> 0.96875
A7: QS-6 | B7: =Fact_Production_Hourly!B7 -> 20260701 | C7: =Fact_Production_Hourly!C7 -> 0 | D7: =Fact_Production_Hourly!D7 -> M6 | E7: =Fact_Production_Hourly!E7 -> B-PM | F7: =Fact_Production_Hourly!F7 -> C | G7: =INDEX(Dim_Machine!$D$2:$D$8,MATCH(D7,Dim_Machine!$A$2:$A$8,0))*2 -> 24 | H7: =ROUND(G7*0.0301,0) -> 1 | I7: =ROUND(H7*0.15,0) -> 0 | J7: =ROUND(H7*0.45,0) -> 0 | K7: =MAX(H7-I7-J7,0) -> 1 | L7: D02 | M7: =INDEX(Dim_Product!$C$2:$C$4,MATCH(F7,Dim_Product!$A$2:$A$4,0))+-0.72 -> 199.28 | N7: =IF(AND(M7>=INDEX(Dim_Product!$C$2:$C$4,MATCH(F7,Dim_Product!$A$2:$A$4,0))-INDEX(Dim_Product!$D$2:$D$4,MATCH(F7,Dim_Product!$A$2:$A$4,0)),M7<=INDEX(Dim_Product!$C$2:$C$4,MATCH(F7,Dim_Product!$A$2:$A$4,0))+INDEX(Dim_Product!$D$2:$D$4,MATCH(F7,Dim_Product!$A$2:$A$4,0))),G7-H7,G7-H7-1) -> 23 | O7: =G7-N7 -> 1 | P7: =INDEX(Dim_Product!$G$2:$G$4,MATCH(F7,Dim_Product!$A$2:$A$4,0))+-0.13 -> 64.87 | Q7: =IF(AND(P7>=INDEX(Dim_Product!$G$2:$G$4,MATCH(F7,Dim_Product!$A$2:$A$4,0))-INDEX(Dim_Product!$H$2:$H$4,MATCH(F7,Dim_Product!$A$2:$A$4,0)),P7<=INDEX(Dim_Product!$G$2:$G$4,MATCH(F7,Dim_Product!$A$2:$A$4,0))+INDEX(Dim_Product!$H$2:$H$4,MATCH(F7,Dim_Product!$A$2:$A$4,0))),G7-H7,G7-H7-1) -> 23 | R7: =G7-Q7 -> 1 | S7: =INDEX(Dim_Product!$K$2:$K$4,MATCH(F7,Dim_Product!$A$2:$A$4,0))+0.26 -> 110.26 | T7: =IF(AND(S7>=INDEX(Dim_Product!$K$2:$K$4,MATCH(F7,Dim_Product!$A$2:$A$4,0))-INDEX(Dim_Product!$L$2:$L$4,MATCH(F7,Dim_Product!$A$2:$A$4,0)),S7<=INDEX(Dim_Product!$K$2:$K$4,MATCH(F7,Dim_Product!$A$2:$A$4,0))+INDEX(Dim_Product!$L$2:$L$4,MATCH(F7,Dim_Product!$A$2:$A$4,0))),G7-H7,G7-H7-1) -> 23 | U7: =G7-T7 -> 1 | V7: =IFERROR(H7/G7,0) -> 0.041666667 | W7: =1-V7 -> 0.95833333
A8: QS-7 | B8: =Fact_Production_Hourly!B8 -> 20260701 | C8: =Fact_Production_Hourly!C8 -> 0 | D8: =Fact_Production_Hourly!D8 -> M7 | E8: =Fact_Production_Hourly!E8 -> B-PM | F8: =Fact_Production_Hourly!F8 -> A | G8: =INDEX(Dim_Machine!$D$2:$D$8,MATCH(D8,Dim_Machine!$A$2:$A$8,0))*2 -> 48 | H8: =ROUND(G8*0.0518,0) -> 2 | I8: =ROUND(H8*0.15,0) -> 0 | J8: =ROUND(H8*0.45,0) -> 1 | K8: =MAX(H8-I8-J8,0) -> 1 | L8: D02 | M8: =INDEX(Dim_Product!$C$2:$C$4,MATCH(F8,Dim_Product!$A$2:$A$4,0))+0.52 -> 250.52 | N8: =IF(AND(M8>=INDEX(Dim_Product!$C$2:$C$4,MATCH(F8,Dim_Product!$A$2:$A$4,0))-INDEX(Dim_Product!$D$2:$D$4,MATCH(F8,Dim_Product!$A$2:$A$4,0)),M8<=INDEX(Dim_Product!$C$2:$C$4,MATCH(F8,Dim_Product!$A$2:$A$4,0))+INDEX(Dim_Product!$D$2:$D$4,MATCH(F8,Dim_Product!$A$2:$A$4,0))),G8-H8,G8-H8-1) -> 46 | O8: =G8-N8 -> 2 | P8: =INDEX(Dim_Product!$G$2:$G$4,MATCH(F8,Dim_Product!$A$2:$A$4,0))+-0.02 -> 69.98 | Q8: =IF(AND(P8>=INDEX(Dim_Product!$G$2:$G$4,MATCH(F8,Dim_Product!$A$2:$A$4,0))-INDEX(Dim_Product!$H$2:$H$4,MATCH(F8,Dim_Product!$A$2:$A$4,0)),P8<=INDEX(Dim_Product!$G$2:$G$4,MATCH(F8,Dim_Product!$A$2:$A$4,0))+INDEX(Dim_Product!$H$2:$H$4,MATCH(F8,Dim_Product!$A$2:$A$4,0))),G8-H8,G8-H8-1) -> 46 | R8: =G8-Q8 -> 2 | S8: =INDEX(Dim_Product!$K$2:$K$4,MATCH(F8,Dim_Product!$A$2:$A$4,0))+0.09 -> 120.09 | T8: =IF(AND(S8>=INDEX(Dim_Product!$K$2:$K$4,MATCH(F8,Dim_Product!$A$2:$A$4,0))-INDEX(Dim_Product!$L$2:$L$4,MATCH(F8,Dim_Product!$A$2:$A$4,0)),S8<=INDEX(Dim_Product!$K$2:$K$4,MATCH(F8,Dim_Product!$A$2:$A$4,0))+INDEX(Dim_Product!$L$2:$L$4,MATCH(F8,Dim_Product!$A$2:$A$4,0))),G8-H8,G8-H8-1) -> 46 | U8: =G8-T8 -> 2 | V8: =IFERROR(H8/G8,0) -> 0.041666667 | W8: =1-V8 -> 0.95833333
A9: QS-8 | B9: =Fact_Production_Hourly!B9 -> 20260701 | C9: =Fact_Production_Hourly!C9 -> 1 | D9: =Fact_Production_Hourly!D9 -> M1 | E9: =Fact_Production_Hourly!E9 -> B-PM | F9: =Fact_Production_Hourly!F9 -> A | G9: =INDEX(Dim_Machine!$D$2:$D$8,MATCH(D9,Dim_Machine!$A$2:$A$8,0))*2 -> 32 | H9: =ROUND(G9*0.0644,0) -> 2 | I9: =ROUND(H9*0.15,0) -> 0 | J9: =ROUND(H9*0.45,0) -> 1 | K9: =MAX(H9-I9-J9,0) -> 1 | L9: D01 | M9: =INDEX(Dim_Product!$C$2:$C$4,MATCH(F9,Dim_Product!$A$2:$A$4,0))+-0.49 -> 249.51 | N9: =IF(AND(M9>=INDEX(Dim_Product!$C$2:$C$4,MATCH(F9,Dim_Product!$A$2:$A$4,0))-INDEX(Dim_Product!$D$2:$D$4,MATCH(F9,Dim_Product!$A$2:$A$4,0)),M9<=INDEX(Dim_Product!$C$2:$C$4,MATCH(F9,Dim_Product!$A$2:$A$4,0))+INDEX(Dim_Product!$D$2:$D$4,MATCH(F9,Dim_Product!$A$2:$A$4,0))),G9-H9,G9-H9-1) -> 30 | O9: =G9-N9 -> 2 | P9: =INDEX(Dim_Product!$G$2:$G$4,MATCH(F9,Dim_Product!$A$2:$A$4,0))+0.2 -> 70.2 | Q9: =IF(AND(P9>=INDEX(Dim_Product!$G$2:$G$4,MATCH(F9,Dim_Product!$A$2:$A$4,0))-INDEX(Dim_Product!$H$2:$H$4,MATCH(F9,Dim_Product!$A$2:$A$4,0)),P9<=INDEX(Dim_Product!$G$2:$G$4,MATCH(F9,Dim_Product!$A$2:$A$4,0))+INDEX(Dim_Product!$H$2:$H$4,MATCH(F9,Dim_Product!$A$2:$A$4,0))),G9-H9,G9-H9-1) -> 30 | R9: =G9-Q9 -> 2 | S9: =INDEX(Dim_Product!$K$2:$K$4,MATCH(F9,Dim_Product!$A$2:$A$4,0))+0.04 -> 120.04 | T9: =IF(AND(S9>=INDEX(Dim_Product!$K$2:$K$4,MATCH(F9,Dim_Product!$A$2:$A$4,0))-INDEX(Dim_Product!$L$2:$L$4,MATCH(F9,Dim_Product!$A$2:$A$4,0)),S9<=INDEX(Dim_Product!$K$2:$K$4,MATCH(F9,Dim_Product!$A$2:$A$4,0))+INDEX(Dim_Product!$L$2:$L$4,MATCH(F9,Dim_Product!$A$2:$A$4,0))),G9-H9,G9-H9-1) -> 30 | U9: =G9-T9 -> 2 | V9: =IFERROR(H9/G9,0) -> 0.0625 | W9: =1-V9 -> 0.9375
A10: QS-9 | B10: =Fact_Production_Hourly!B10 -> 20260701 | C10: =Fact_Production_Hourly!C10 -> 1 | D10: =Fact_Production_Hourly!D10 -> M2 | E10: =Fact_Production_Hourly!E10 -> B-PM | F10: =Fact_Production_Hourly!F10 -> C | G10: =INDEX(Dim_Machine!$D$2:$D$8,MATCH(D10,Dim_Machine!$A$2:$A$8,0))*2 -> 48 | H10: =ROUND(G10*0.0536,0) -> 3 | I10: =ROUND(H10*0.15,0) -> 0 | J10: =ROUND(H10*0.45,0) -> 1 | K10: =MAX(H10-I10-J10,0) -> 2 | L10: D05 | M10: =INDEX(Dim_Product!$C$2:$C$4,MATCH(F10,Dim_Product!$A$2:$A$4,0))+-0.15 -> 199.85 | N10: =IF(AND(M10>=INDEX(Dim_Product!$C$2:$C$4,MATCH(F10,Dim_Product!$A$2:$A$4,0))-INDEX(Dim_Product!$D$2:$D$4,MATCH(F10,Dim_Product!$A$2:$A$4,0)),M10<=INDEX(Dim_Product!$C$2:$C$4,MATCH(F10,Dim_Product!$A$2:$A$4,0))+INDEX(Dim_Product!$D$2:$D$4,MATCH(F10,Dim_Product!$A$2:$A$4,0))),G10-H10,G10-H10-1) -> 45 | O10: =G10-N10 -> 3 | P10: =INDEX(Dim_Product!$G$2:$G$4,MATCH(F10,Dim_Product!$A$2:$A$4,0))+0.17 -> 65.17 | Q10: =IF(AND(P10>=INDEX(Dim_Product!$G$2:$G$4,MATCH(F10,Dim_Product!$A$2:$A$4,0))-INDEX(Dim_Product!$H$2:$H$4,MATCH(F10,Dim_Product!$A$2:$A$4,0)),P10<=INDEX(Dim_Product!$G$2:$G$4,MATCH(F10,Dim_Product!$A$2:$A$4,0))+INDEX(Dim_Product!$H$2:$H$4,MATCH(F10,Dim_Product!$A$2:$A$4,0))),G10-H10,G10-H10-1) -> 45 | R10: =G10-Q10 -> 3 | S10: =INDEX(Dim_Product!$K$2:$K$4,MATCH(F10,Dim_Product!$A$2:$A$4,0))+-0.21 -> 109.79 | T10: =IF(AND(S10>=INDEX(Dim_Product!$K$2:$K$4,MATCH(F10,Dim_Product!$A$2:$A$4,0))-INDEX(Dim_Product!$L$2:$L$4,MATCH(F10,Dim_Product!$A$2:$A$4,0)),S10<=INDEX(Dim_Product!$K$2:$K$4,MATCH(F10,Dim_Product!$A$2:$A$4,0))+INDEX(Dim_Product!$L$2:$L$4,MATCH(F10,Dim_Product!$A$2:$A$4,0))),G10-H10,G10-H10-1) -> 45 | U10: =G10-T10 -> 3 | V10: =IFERROR(H10/G10,0) -> 0.0625 | W10: =1-V10 -> 0.9375
A11: QS-10 | B11: =Fact_Production_Hourly!B11 -> 20260701 | C11: =Fact_Production_Hourly!C11 -> 1 | D11: =Fact_Production_Hourly!D11 -> M3 | E11: =Fact_Production_Hourly!E11 -> B-PM | F11: =Fact_Production_Hourly!F11 -> A | G11: =INDEX(Dim_Machine!$D$2:$D$8,MATCH(D11,Dim_Machine!$A$2:$A$8,0))*2 -> 24 | H11: =ROUND(G11*0.0173,0) -> 0 | I11: =ROUND(H11*0.15,0) -> 0 | J11: =ROUND(H11*0.45,0) -> 0 | K11: =MAX(H11-I11-J11,0) -> 0 | L11: D02 | M11: =INDEX(Dim_Product!$C$2:$C$4,MATCH(F11,Dim_Product!$A$2:$A$4,0))+-0.16 -> 249.84 | N11: =IF(AND(M11>=INDEX(Dim_Product!$C$2:$C$4,MATCH(F11,Dim_Product!$A$2:$A$4,0))-INDEX(Dim_Product!$D$2:$D$4,MATCH(F11,Dim_Product!$A$2:$A$4,0)),M11<=INDEX(Dim_Product!$C$2:$C$4,MATCH(F11,Dim_Product!$A$2:$A$4,0))+INDEX(Dim_Product!$D$2:$D$4,MATCH(F11,Dim_Product!$A$2:$A$4,0))),G11-H11,G11-H11-1) -> 24 | O11: =G11-N11 -> 0 | P11: =INDEX(Dim_Product!$G$2:$G$4,MATCH(F11,Dim_Product!$A$2:$A$4,0))+0.18 -> 70.18 | Q11: =IF(AND(P11>=INDEX(Dim_Product!$G$2:$G$4,MATCH(F11,Dim_Product!$A$2:$A$4,0))-INDEX(Dim_Product!$H$2:$H$4,MATCH(F11,Dim_Product!$A$2:$A$4,0)),P11<=INDEX(Dim_Product!$G$2:$G$4,MATCH(F11,Dim_Product!$A$2:$A$4,0))+INDEX(Dim_Product!$H$2:$H$4,MATCH(F11,Dim_Product!$A$2:$A$4,0))),G11-H11,G11-H11-1) -> 24 | R11: =G11-Q11 -> 0 | S11: =INDEX(Dim_Product!$K$2:$K$4,MATCH(F11,Dim_Product!$A$2:$A$4,0))+-0.03 -> 119.97 | T11: =IF(AND(S11>=INDEX(Dim_Product!$K$2:$K$4,MATCH(F11,Dim_Product!$A$2:$A$4,0))-INDEX(Dim_Product!$L$2:$L$4,MATCH(F11,Dim_Product!$A$2:$A$4,0)),S11<=INDEX(Dim_Product!$K$2:$K$4,MATCH(F11,Dim_Product!$A$2:$A$4,0))+INDEX(Dim_Product!$L$2:$L$4,MATCH(F11,Dim_Product!$A$2:$A$4,0))),G11-H11,G11-H11-1) -> 24 | U11: =G11-T11 -> 0 | V11: =IFERROR(H11/G11,0) -> 0 | W11: =1-V11 -> 1
A12: QS-11 | B12: =Fact_Production_Hourly!B12 -> 20260701 | C12: =Fact_Production_Hourly!C12 -> 1 | D12: =Fact_Production_Hourly!D12 -> M4 | E12: =Fact_Production_Hourly!E12 -> B-PM | F12: =Fact_Production_Hourly!F12 -> A | G12: =INDEX(Dim_Machine!$D$2:$D$8,MATCH(D12,Dim_Machine!$A$2:$A$8,0))*2 -> 48 | H12: =ROUND(G12*0.0167,0) -> 1 | I12: =ROUND(H12*0.15,0) -> 0 | J12: =ROUND(H12*0.45,0) -> 0 | K12: =MAX(H12-I12-J12,0) -> 1 | L12: D04 | M12: =INDEX(Dim_Product!$C$2:$C$4,MATCH(F12,Dim_Product!$A$2:$A$4,0))+0.19 -> 250.19 | N12: =IF(AND(M12>=INDEX(Dim_Product!$C$2:$C$4,MATCH(F12,Dim_Product!$A$2:$A$4,0))-INDEX(Dim_Product!$D$2:$D$4,MATCH(F12,Dim_Product!$A$2:$A$4,0)),M12<=INDEX(Dim_Product!$C$2:$C$4,MATCH(F12,Dim_Product!$A$2:$A$4,0))+INDEX(Dim_Product!$D$2:$D$4,MATCH(F12,Dim_Product!$A$2:$A$4,0))),G12-H12,G12-H12-1) -> 47 | O12: =G12-N12 -> 1 | P12: =INDEX(Dim_Product!$G$2:$G$4,MATCH(F12,Dim_Product!$A$2:$A$4,0))+-0.29 -> 69.71 | Q12: =IF(AND(P12>=INDEX(Dim_Product!$G$2:$G$4,MATCH(F12,Dim_Product!$A$2:$A$4,0))-INDEX(Dim_Product!$H$2:$H$4,MATCH(F12,Dim_Product!$A$2:$A$4,0)),P12<=INDEX(Dim_Product!$G$2:$G$4,MATCH(F12,Dim_Product!$A$2:$A$4,0))+INDEX(Dim_Product!$H$2:$H$4,MATCH(F12,Dim_Product!$A$2:$A$4,0))),G12-H12,G12-H12-1) -> 47 | R12: =G12-Q12 -> 1 | S12: =INDEX(Dim_Product!$K$2:$K$4,MATCH(F12,Dim_Product!$A$2:$A$4,0))+0.01 -> 120.01 | T12: =IF(AND(S12>=INDEX(Dim_Product!$K$2:$K$4,MATCH(F12,Dim_Product!$A$2:$A$4,0))-INDEX(Dim_Product!$L$2:$L$4,MATCH(F12,Dim_Product!$A$2:$A$4,0)),S12<=INDEX(Dim_Product!$K$2:$K$4,MATCH(F12,Dim_Product!$A$2:$A$4,0))+INDEX(Dim_Product!$L$2:$L$4,MATCH(F12,Dim_Product!$A$2:$A$4,0))),G12-H12,G12-H12-1) -> 47 | U12: =G12-T12 -> 1 | V12: =IFERROR(H12/G12,0) -> 0.020833333 | W12: =1-V12 -> 0.97916667
A13: QS-12 | B13: =Fact_Production_Hourly!B13 -> 20260701 | C13: =Fact_Production_Hourly!C13 -> 1 | D13: =Fact_Production_Hourly!D13 -> M5 | E13: =Fact_Production_Hourly!E13 -> B-PM | F13: =Fact_Production_Hourly!F13 -> A | G13: =INDEX(Dim_Machine!$D$2:$D$8,MATCH(D13,Dim_Machine!$A$2:$A$8,0))*2 -> 32 | H13: =ROUND(G13*0.0245,0) -> 1 | I13: =ROUND(H13*0.15,0) -> 0 | J13: =ROUND(H13*0.45,0) -> 0 | K13: =MAX(H13-I13-J13,0) -> 1 | L13: D02 | M13: =INDEX(Dim_Product!$C$2:$C$4,MATCH(F13,Dim_Product!$A$2:$A$4,0))+-0.42 -> 249.58 | N13: =IF(AND(M13>=INDEX(Dim_Product!$C$2:$C$4,MATCH(F13,Dim_Product!$A$2:$A$4,0))-INDEX(Dim_Product!$D$2:$D$4,MATCH(F13,Dim_Product!$A$2:$A$4,0)),M13<=INDEX(Dim_Product!$C$2:$C$4,MATCH(F13,Dim_Product!$A$2:$A$4,0))+INDEX(Dim_Product!$D$2:$D$4,MATCH(F13,Dim_Product!$A$2:$A$4,0))),G13-H13,G13-H13-1) -> 31 | O13: =G13-N13 -> 1 | P13: =INDEX(Dim_Product!$G$2:$G$4,MATCH(F13,Dim_Product!$A$2:$A$4,0))+-0.3 -> 69.7 | Q13: =IF(AND(P13>=INDEX(Dim_Product!$G$2:$G$4,MATCH(F13,Dim_Product!$A$2:$A$4,0))-INDEX(Dim_Product!$H$2:$H$4,MATCH(F13,Dim_Product!$A$2:$A$4,0)),P13<=INDEX(Dim_Product!$G$2:$G$4,MATCH(F13,Dim_Product!$A$2:$A$4,0))+INDEX(Dim_Product!$H$2:$H$4,MATCH(F13,Dim_Product!$A$2:$A$4,0))),G13-H13,G13-H13-1) -> 31 | R13: =G13-Q13 -> 1 | S13: =INDEX(Dim_Product!$K$2:$K$4,MATCH(F13,Dim_Product!$A$2:$A$4,0))+-0.12 -> 119.88 | T13: =IF(AND(S13>=INDEX(Dim_Product!$K$2:$K$4,MATCH(F13,Dim_Product!$A$2:$A$4,0))-INDEX(Dim_Product!$L$2:$L$4,MATCH(F13,Dim_Product!$A$2:$A$4,0)),S13<=INDEX(Dim_Product!$K$2:$K$4,MATCH(F13,Dim_Product!$A$2:$A$4,0))+INDEX(Dim_Product!$L$2:$L$4,MATCH(F13,Dim_Product!$A$2:$A$4,0))),G13-H13,G13-H13-1) -> 31 | U13: =G13-T13 -> 1 | V13: =IFERROR(H13/G13,0) -> 0.03125 | W13: =1-V13 -> 0.96875
A14: QS-13 | B14: =Fact_Production_Hourly!B14 -> 20260701 | C14: =Fact_Production_Hourly!C14 -> 1 | D14: =Fact_Production_Hourly!D14 -> M6 | E14: =Fact_Production_Hourly!E14 -> B-PM | F14: =Fact_Production_Hourly!F14 -> C | G14: =INDEX(Dim_Machine!$D$2:$D$8,MATCH(D14,Dim_Machine!$A$2:$A$8,0))*2 -> 24 | H14: =ROUND(G14*0.0442,0) -> 1 | I14: =ROUND(H14*0.15,0) -> 0 | J14: =ROUND(H14*0.45,0) -> 0 | K14: =MAX(H14-I14-J14,0) -> 1 | L14: D02 | M14: =INDEX(Dim_Product!$C$2:$C$4,MATCH(F14,Dim_Product!$A$2:$A$4,0))+0.33 -> 200.33 | N14: =IF(AND(M14>=INDEX(Dim_Product!$C$2:$C$4,MATCH(F14,Dim_Product!$A$2:$A$4,0))-INDEX(Dim_Product!$D$2:$D$4,MATCH(F14,Dim_Product!$A$2:$A$4,0)),M14<=INDEX(Dim_Product!$C$2:$C$4,MATCH(F14,Dim_Product!$A$2:$A$4,0))+INDEX(Dim_Product!$D$2:$D$4,MATCH(F14,Dim_Product!$A$2:$A$4,0))),G14-H14,G14-H14-1) -> 23 | O14: =G14-N14 -> 1 | P14: =INDEX(Dim_Product!$G$2:$G$4,MATCH(F14,Dim_Product!$A$2:$A$4,0))+-0.25 -> 64.75 | Q14: =IF(AND(P14>=INDEX(Dim_Product!$G$2:$G$4,MATCH(F14,Dim_Product!$A$2:$A$4,0))-INDEX(Dim_Product!$H$2:$H$4,MATCH(F14,Dim_Product!$A$2:$A$4,0)),P14<=INDEX(Dim_Product!$G$2:$G$4,MATCH(F14,Dim_Product!$A$2:$A$4,0))+INDEX(Dim_Product!$H$2:$H$4,MATCH(F14,Dim_Product!$A$2:$A$4,0))),G14-H14,G14-H14-1) -> 23 | R14: =G14-Q14 -> 1 | S14: =INDEX(Dim_Product!$K$2:$K$4,MATCH(F14,Dim_Product!$A$2:$A$4,0))+0.38 -> 110.38 | T14: =IF(AND(S14>=INDEX(Dim_Product!$K$2:$K$4,MATCH(F14,Dim_Product!$A$2:$A$4,0))-INDEX(Dim_Product!$L$2:$L$4,MATCH(F14,Dim_Product!$A$2:$A$4,0)),S14<=INDEX(Dim_Product!$K$2:$K$4,MATCH(F14,Dim_Product!$A$2:$A$4,0))+INDEX(Dim_Product!$L$2:$L$4,MATCH(F14,Dim_Product!$A$2:$A$4,0))),G14-H14,G14-H14-1) -> 23 | U14: =G14-T14 -> 1 | V14: =IFERROR(H14/G14,0) -> 0.041666667 | W14: =1-V14 -> 0.95833333
A15: QS-14 | B15: =Fact_Production_Hourly!B15 -> 20260701 | C15: =Fact_Production_Hourly!C15 -> 1 | D15: =Fact_Production_Hourly!D15 -> M7 | E15: =Fact_Production_Hourly!E15 -> B-PM | F15: =Fact_Production_Hourly!F15 -> A | G15: =INDEX(Dim_Machine!$D$2:$D$8,MATCH(D15,Dim_Machine!$A$2:$A$8,0))*2 -> 48 | H15: =ROUND(G15*0.0141,0) -> 1 | I15: =ROUND(H15*0.15,0) -> 0 | J15: =ROUND(H15*0.45,0) -> 0 | K15: =MAX(H15-I15-J15,0) -> 1 | L15: D05 | M15: =INDEX(Dim_Product!$C$2:$C$4,MATCH(F15,Dim_Product!$A$2:$A$4,0))+0.09 -> 250.09 | N15: =IF(AND(M15>=INDEX(Dim_Product!$C$2:$C$4,MATCH(F15,Dim_Product!$A$2:$A$4,0))-INDEX(Dim_Product!$D$2:$D$4,MATCH(F15,Dim_Product!$A$2:$A$4,0)),M15<=INDEX(Dim_Product!$C$2:$C$4,MATCH(F15,Dim_Product!$A$2:$A$4,0))+INDEX(Dim_Product!$D$2:$D$4,MATCH(F15,Dim_Product!$A$2:$A$4,0))),G15-H15,G15-H15-1) -> 47 | O15: =G15-N15 -> 1 | P15: =INDEX(Dim_Product!$G$2:$G$4,MATCH(F15,Dim_Product!$A$2:$A$4,0))+0.17 -> 70.17 | Q15: =IF(AND(P15>=INDEX(Dim_Product!$G$2:$G$4,MATCH(F15,Dim_Product!$A$2:$A$4,0))-INDEX(Dim_Product!$H$2:$H$4,MATCH(F15,Dim_Product!$A$2:$A$4,0)),P15<=INDEX(Dim_Product!$G$2:$G$4,MATCH(F15,Dim_Product!$A$2:$A$4,0))+INDEX(Dim_Product!$H$2:$H$4,MATCH(F15,Dim_Product!$A$2:$A$4,0))),G15-H15,G15-H15-1) -> 47 | R15: =G15-Q15 -> 1 | S15: =INDEX(Dim_Product!$K$2:$K$4,MATCH(F15,Dim_Product!$A$2:$A$4,0))+0.01 -> 120.01 | T15: =IF(AND(S15>=INDEX(Dim_Product!$K$2:$K$4,MATCH(F15,Dim_Product!$A$2:$A$4,0))-INDEX(Dim_Product!$L$2:$L$4,MATCH(F15,Dim_Product!$A$2:$A$4,0)),S15<=INDEX(Dim_Product!$K$2:$K$4,MATCH(F15,Dim_Product!$A$2:$A$4,0))+INDEX(Dim_Product!$L$2:$L$4,MATCH(F15,Dim_Product!$A$2:$A$4,0))),G15-H15,G15-H15-1) -> 47 | U15: =G15-T15 -> 1 | V15: =IFERROR(H15/G15,0) -> 0.020833333 | W15: =1-V15 -> 0.97916667
A16: QS-15 | B16: =Fact_Production_Hourly!B16 -> 20260701 | C16: =Fact_Production_Hourly!C16 -> 2 | D16: =Fact_Production_Hourly!D16 -> M1 | E16: =Fact_Production_Hourly!E16 -> B-PM | F16: =Fact_Production_Hourly!F16 -> A | G16: =INDEX(Dim_Machine!$D$2:$D$8,MATCH(D16,Dim_Machine!$A$2:$A$8,0))*2 -> 32 | H16: =ROUND(G16*0.0112,0) -> 0 | I16: =ROUND(H16*0.15,0) -> 0 | J16: =ROUND(H16*0.45,0) -> 0 | K16: =MAX(H16-I16-J16,0) -> 0 | L16: D04 | M16: =INDEX(Dim_Product!$C$2:$C$4,MATCH(F16,Dim_Product!$A$2:$A$4,0))+-0.91 -> 249.09 | N16: =IF(AND(M16>=INDEX(Dim_Product!$C$2:$C$4,MATCH(F16,Dim_Product!$A$2:$A$4,0))-INDEX(Dim_Product!$D$2:$D$4,MATCH(F16,Dim_Product!$A$2:$A$4,0)),M16<=INDEX(Dim_Product!$C$2:$C$4,MATCH(F16,Dim_Product!$A$2:$A$4,0))+INDEX(Dim_Product!$D$2:$D$4,MATCH(F16,Dim_Product!$A$2:$A$4,0))),G16-H16,G16-H16-1) -> 32 | O16: =G16-N16 -> 0 | P16: =INDEX(Dim_Product!$G$2:$G$4,MATCH(F16,Dim_Product!$A$2:$A$4,0))+-0.07 -> 69.93 | Q16: =IF(AND(P16>=INDEX(Dim_Product!$G$2:$G$4,MATCH(F16,Dim_Product!$A$2:$A$4,0))-INDEX(Dim_Product!$H$2:$H$4,MATCH(F16,Dim_Product!$A$2:$A$4,0)),P16<=INDEX(Dim_Product!$G$2:$G$4,MATCH(F16,Dim_Product!$A$2:$A$4,0))+INDEX(Dim_Product!$H$2:$H$4,MATCH(F16,Dim_Product!$A$2:$A$4,0))),G16-H16,G16-H16-1) -> 32 | R16: =G16-Q16 -> 0 | S16: =INDEX(Dim_Product!$K$2:$K$4,MATCH(F16,Dim_Product!$A$2:$A$4,0))+-0.1 -> 119.9 | T16: =IF(AND(S16>=INDEX(Dim_Product!$K$2:$K$4,MATCH(F16,Dim_Product!$A$2:$A$4,0))-INDEX(Dim_Product!$L$2:$L$4,MATCH(F16,Dim_Product!$A$2:$A$4,0)),S16<=INDEX(Dim_Product!$K$2:$K$4,MATCH(F16,Dim_Product!$A$2:$A$4,0))+INDEX(Dim_Product!$L$2:$L$4,MATCH(F16,Dim_Product!$A$2:$A$4,0))),G16-H16,G16-H16-1) -> 32 | U16: =G16-T16 -> 0 | V16: =IFERROR(H16/G16,0) -> 0 | W16: =1-V16 -> 1
A17: QS-16 | B17: =Fact_Production_Hourly!B17 -> 20260701 | C17: =Fact_Production_Hourly!C17 -> 2 | D17: =Fact_Production_Hourly!D17 -> M2 | E17: =Fact_Production_Hourly!E17 -> B-PM | F17: =Fact_Production_Hourly!F17 -> C | G17: =INDEX(Dim_Machine!$D$2:$D$8,MATCH(D17,Dim_Machine!$A$2:$A$8,0))*2 -> 48 | H17: =ROUND(G17*0.0548,0) -> 3 | I17: =ROUND(H17*0.15,0) -> 0 | J17: =ROUND(H17*0.45,0) -> 1 | K17: =MAX(H17-I17-J17,0) -> 2 | L17: D03 | M17: =INDEX(Dim_Product!$C$2:$C$4,MATCH(F17,Dim_Product!$A$2:$A$4,0))+0.58 -> 200.58 | N17: =IF(AND(M17>=INDEX(Dim_Product!$C$2:$C$4,MATCH(F17,Dim_Product!$A$2:$A$4,0))-INDEX(Dim_Product!$D$2:$D$4,MATCH(F17,Dim_Product!$A$2:$A$4,0)),M17<=INDEX(Dim_Product!$C$2:$C$4,MATCH(F17,Dim_Product!$A$2:$A$4,0))+INDEX(Dim_Product!$D$2:$D$4,MATCH(F17,Dim_Product!$A$2:$A$4,0))),G17-H17,G17-H17-1) -> 45 | O17: =G17-N17 -> 3 | P17: =INDEX(Dim_Product!$G$2:$G$4,MATCH(F17,Dim_Product!$A$2:$A$4,0))+-0.09 -> 64.91 | Q17: =IF(AND(P17>=INDEX(Dim_Product!$G$2:$G$4,MATCH(F17,Dim_Product!$A$2:$A$4,0))-INDEX(Dim_Product!$H$2:$H$4,MATCH(F17,Dim_Product!$A$2:$A$4,0)),P17<=INDEX(Dim_Product!$G$2:$G$4,MATCH(F17,Dim_Product!$A$2:$A$4,0))+INDEX(Dim_Product!$H$2:$H$4,MATCH(F17,Dim_Product!$A$2:$A$4,0))),G17-H17,G17-H17-1) -> 45 | R17: =G17-Q17 -> 3 | S17: =INDEX(Dim_Product!$K$2:$K$4,MATCH(F17,Dim_Product!$A$2:$A$4,0))+0.19 -> 110.19 | T17: =IF(AND(S17>=INDEX(Dim_Product!$K$2:$K$4,MATCH(F17,Dim_Product!$A$2:$A$4,0))-INDEX(Dim_Product!$L$2:$L$4,MATCH(F17,Dim_Product!$A$2:$A$4,0)),S17<=INDEX(Dim_Product!$K$2:$K$4,MATCH(F17,Dim_Product!$A$2:$A$4,0))+INDEX(Dim_Product!$L$2:$L$4,MATCH(F17,Dim_Product!$A$2:$A$4,0))),G17-H17,G17-H17-1) -> 45 | U17: =G17-T17 -> 3 | V17: =IFERROR(H17/G17,0) -> 0.0625 | W17: =1-V17 -> 0.9375
A18: QS-17 | B18: =Fact_Production_Hourly!B18 -> 20260701 | C18: =Fact_Production_Hourly!C18 -> 2 | D18: =Fact_Production_Hourly!D18 -> M3 | E18: =Fact_Production_Hourly!E18 -> B-PM | F18: =Fact_Production_Hourly!F18 -> A | G18: =INDEX(Dim_Machine!$D$2:$D$8,MATCH(D18,Dim_Machine!$A$2:$A$8,0))*2 -> 24 | H18: =ROUND(G18*0.0477,0) -> 1 | I18: =ROUND(H18*0.15,0) -> 0 | J18: =ROUND(H18*0.45,0) -> 0 | K18: =MAX(H18-I18-J18,0) -> 1 | L18: D05 | M18: =INDEX(Dim_Product!$C$2:$C$4,MATCH(F18,Dim_Product!$A$2:$A$4,0))+0.47 -> 250.47 | N18: =IF(AND(M18>=INDEX(Dim_Product!$C$2:$C$4,MATCH(F18,Dim_Product!$A$2:$A$4,0))-INDEX(Dim_Product!$D$2:$D$4,MATCH(F18,Dim_Product!$A$2:$A$4,0)),M18<=INDEX(Dim_Product!$C$2:$C$4,MATCH(F18,Dim_Product!$A$2:$A$4,0))+INDEX(Dim_Product!$D$2:$D$4,MATCH(F18,Dim_Product!$A$2:$A$4,0))),G18-H18,G18-H18-1) -> 23 | O18: =G18-N18 -> 1 | P18: =INDEX(Dim_Product!$G$2:$G$4,MATCH(F18,Dim_Product!$A$2:$A$4,0))+-0.1 -> 69.9 | Q18: =IF(AND(P18>=INDEX(Dim_Product!$G$2:$G$4,MATCH(F18,Dim_Product!$A$2:$A$4,0))-INDEX(Dim_Product!$H$2:$H$4,MATCH(F18,Dim_Product!$A$2:$A$4,0)),P18<=INDEX(Dim_Product!$G$2:$G$4,MATCH(F18,Dim_Product!$A$2:$A$4,0))+INDEX(Dim_Product!$H$2:$H$4,MATCH(F18,Dim_Product!$A$2:$A$4,0))),G18-H18,G18-H18-1) -> 23 | R18: =G18-Q18 -> 1 | S18: =INDEX(Dim_Product!$K$2:$K$4,MATCH(F18,Dim_Product!$A$2:$A$4,0))+-0.36 -> 119.64 | T18: =IF(AND(S18>=INDEX(Dim_Product!$K$2:$K$4,MATCH(F18,Dim_Product!$A$2:$A$4,0))-INDEX(Dim_Product!$L$2:$L$4,MATCH(F18,Dim_Product!$A$2:$A$4,0)),S18<=INDEX(Dim_Product!$K$2:$K$4,MATCH(F18,Dim_Product!$A$2:$A$4,0))+INDEX(Dim_Product!$L$2:$L$4,MATCH(F18,Dim_Product!$A$2:$A$4,0))),G18-H18,G18-H18-1) -> 23 | U18: =G18-T18 -> 1 | V18: =IFERROR(H18/G18,0) -> 0.041666667 | W18: =1-V18 -> 0.95833333
A19: QS-18 | B19: =Fact_Production_Hourly!B19 -> 20260701 | C19: =Fact_Production_Hourly!C19 -> 2 | D19: =Fact_Production_Hourly!D19 -> M4 | E19: =Fact_Production_Hourly!E19 -> B-PM | F19: =Fact_Production_Hourly!F19 -> A | G19: =INDEX(Dim_Machine!$D$2:$D$8,MATCH(D19,Dim_Machine!$A$2:$A$8,0))*2 -> 48 | H19: =ROUND(G19*0.0428,0) -> 2 | I19: =ROUND(H19*0.15,0) -> 0 | J19: =ROUND(H19*0.45,0) -> 1 | K19: =MAX(H19-I19-J19,0) -> 1 | L19: D06 | M19: =INDEX(Dim_Product!$C$2:$C$4,MATCH(F19,Dim_Product!$A$2:$A$4,0))+-0.65 -> 249.35 | N19: =IF(AND(M19>=INDEX(Dim_Product!$C$2:$C$4,MATCH(F19,Dim_Product!$A$2:$A$4,0))-INDEX(Dim_Product!$D$2:$D$4,MATCH(F19,Dim_Product!$A$2:$A$4,0)),M19<=INDEX(Dim_Product!$C$2:$C$4,MATCH(F19,Dim_Product!$A$2:$A$4,0))+INDEX(Dim_Product!$D$2:$D$4,MATCH(F19,Dim_Product!$A$2:$A$4,0))),G19-H19,G19-H19-1) -> 46 | O19: =G19-N19 -> 2 | P19: =INDEX(Dim_Product!$G$2:$G$4,MATCH(F19,Dim_Product!$A$2:$A$4,0))+0.17 -> 70.17 | Q19: =IF(AND(P19>=INDEX(Dim_Product!$G$2:$G$4,MATCH(F19,Dim_Product!$A$2:$A$4,0))-INDEX(Dim_Product!$H$2:$H$4,MATCH(F19,Dim_Product!$A$2:$A$4,0)),P19<=INDEX(Dim_Product!$G$2:$G$4,MATCH(F19,Dim_Product!$A$2:$A$4,0))+INDEX(Dim_Product!$H$2:$H$4,MATCH(F19,Dim_Product!$A$2:$A$4,0))),G19-H19,G19-H19-1) -> 46 | R19: =G19-Q19 -> 2 | S19: =INDEX(Dim_Product!$K$2:$K$4,MATCH(F19,Dim_Product!$A$2:$A$4,0))+-0.03 -> 119.97 | T19: =IF(AND(S19>=INDEX(Dim_Product!$K$2:$K$4,MATCH(F19,Dim_Product!$A$2:$A$4,0))-INDEX(Dim_Product!$L$2:$L$4,MATCH(F19,Dim_Product!$A$2:$A$4,0)),S19<=INDEX(Dim_Product!$K$2:$K$4,MATCH(F19,Dim_Product!$A$2:$A$4,0))+INDEX(Dim_Product!$L$2:$L$4,MATCH(F19,Dim_Product!$A$2:$A$4,0))),G19-H19,G19-H19-1) -> 46 | U19: =G19-T19 -> 2 | V19: =IFERROR(H19/G19,0) -> 0.041666667 | W19: =1-V19 -> 0.95833333
A20: QS-19 | B20: =Fact_Production_Hourly!B20 -> 20260701 | C20: =Fact_Production_Hourly!C20 -> 2 | D20: =Fact_Production_Hourly!D20 -> M5 | E20: =Fact_Production_Hourly!E20 -> B-PM | F20: =Fact_Production_Hourly!F20 -> A | G20: =INDEX(Dim_Machine!$D$2:$D$8,MATCH(D20,Dim_Machine!$A$2:$A$8,0))*2 -> 32 | H20: =ROUND(G20*0.0517,0) -> 2 | I20: =ROUND(H20*0.15,0) -> 0 | J20: =ROUND(H20*0.45,0) -> 1 | K20: =MAX(H20-I20-J20,0) -> 1 | L20: D06 | M20: =INDEX(Dim_Product!$C$2:$C$4,MATCH(F20,Dim_Product!$A$2:$A$4,0))+-0.64 -> 249.36 | N20: =IF(AND(M20>=INDEX(Dim_Product!$C$2:$C$4,MATCH(F20,Dim_Product!$A$2:$A$4,0))-INDEX(Dim_Product!$D$2:$D$4,MATCH(F20,Dim_Product!$A$2:$A$4,0)),M20<=INDEX(Dim_Product!$C$2:$C$4,MATCH(F20,Dim_Product!$A$2:$A$4,0))+INDEX(Dim_Product!$D$2:$D$4,MATCH(F20,Dim_Product!$A$2:$A$4,0))),G20-H20,G20-H20-1) -> 30 | O20: =G20-N20 -> 2 | P20: =INDEX(Dim_Product!$G$2:$G$4,MATCH(F20,Dim_Product!$A$2:$A$4,0))+-0.22 -> 69.78 | Q20: =IF(AND(P20>=INDEX(Dim_Product!$G$2:$G$4,MATCH(F20,Dim_Product!$A$2:$A$4,0))-INDEX(Dim_Product!$H$2:$H$4,MATCH(F20,Dim_Product!$A$2:$A$4,0)),P20<=INDEX(Dim_Product!$G$2:$G$4,MATCH(F20,Dim_Product!$A$2:$A$4,0))+INDEX(Dim_Product!$H$2:$H$4,MATCH(F20,Dim_Product!$A$2:$A$4,0))),G20-H20,G20-H20-1) -> 30 | R20: =G20-Q20 -> 2 | S20: =INDEX(Dim_Product!$K$2:$K$4,MATCH(F20,Dim_Product!$A$2:$A$4,0))+0.17 -> 120.17 | T20: =IF(AND(S20>=INDEX(Dim_Product!$K$2:$K$4,MATCH(F20,Dim_Product!$A$2:$A$4,0))-INDEX(Dim_Product!$L$2:$L$4,MATCH(F20,Dim_Product!$A$2:$A$4,0)),S20<=INDEX(Dim_Product!$K$2:$K$4,MATCH(F20,Dim_Product!$A$2:$A$4,0))+INDEX(Dim_Product!$L$2:$L$4,MATCH(F20,Dim_Product!$A$2:$A$4,0))),G20-H20,G20-H20-1) -> 30 | U20: =G20-T20 -> 2 | V20: =IFERROR(H20/G20,0) -> 0.0625 | W20: =1-V20 -> 0.9375
A21: QS-20 | B21: =Fact_Production_Hourly!B21 -> 20260701 | C21: =Fact_Production_Hourly!C21 -> 2 | D21: =Fact_Production_Hourly!D21 -> M6 | E21: =Fact_Production_Hourly!E21 -> B-PM | F21: =Fact_Production_Hourly!F21 -> C | G21: =INDEX(Dim_Machine!$D$2:$D$8,MATCH(D21,Dim_Machine!$A$2:$A$8,0))*2 -> 24 | H21: =ROUND(G21*0.0666,0) -> 2 | I21: =ROUND(H21*0.15,0) -> 0 | J21: =ROUND(H21*0.45,0) -> 1 | K21: =MAX(H21-I21-J21,0) -> 1 | L21: D01 | M21: =INDEX(Dim_Product!$C$2:$C$4,MATCH(F21,Dim_Product!$A$2:$A$4,0))+-0.41 -> 199.59 | N21: =IF(AND(M21>=INDEX(Dim_Product!$C$2:$C$4,MATCH(F21,Dim_Product!$A$2:$A$4,0))-INDEX(Dim_Product!$D$2:$D$4,MATCH(F21,Dim_Product!$A$2:$A$4,0)),M21<=INDEX(Dim_Product!$C$2:$C$4,MATCH(F21,Dim_Product!$A$2:$A$4,0))+INDEX(Dim_Product!$D$2:$D$4,MATCH(F21,Dim_Product!$A$2:$A$4,0))),G21-H21,G21-H21-1) -> 22 | O21: =G21-N21 -> 2 | P21: =INDEX(Dim_Product!$G$2:$G$4,MATCH(F21,Dim_Product!$A$2:$A$4,0))+-0.27 -> 64.73 | Q21: =IF(AND(P21>=INDEX(Dim_Product!$G$2:$G$4,MATCH(F21,Dim_Product!$A$2:$A$4,0))-INDEX(Dim_Product!$H$2:$H$4,MATCH(F21,Dim_Product!$A$2:$A$4,0)),P21<=INDEX(Dim_Product!$G$2:$G$4,MATCH(F21,Dim_Product!$A$2:$A$4,0))+INDEX(Dim_Product!$H$2:$H$4,MATCH(F21,Dim_Product!$A$2:$A$4,0))),G21-H21,G21-H21-1) -> 22 | R21: =G21-Q21 -> 2 | S21: =INDEX(Dim_Product!$K$2:$K$4,MATCH(F21,Dim_Product!$A$2:$A$4,0))+-0.24 -> 109.76 | T21: =IF(AND(S21>=INDEX(Dim_Product!$K$2:$K$4,MATCH(F21,Dim_Product!$A$2:$A$4,0))-INDEX(Dim_Product!$L$2:$L$4,MATCH(F21,Dim_Product!$A$2:$A$4,0)),S21<=INDEX(Dim_Product!$K$2:$K$4,MATCH(F21,Dim_Product!$A$2:$A$4,0))+INDEX(Dim_Product!$L$2:$L$4,MATCH(F21,Dim_Product!$A$2:$A$4,0))),G21-H21,G21-H21-1) -> 22 | U21: =G21-T21 -> 2 | V21: =IFERROR(H21/G21,0) -> 0.083333333 | W21: =1-V21 -> 0.91666667
A22: QS-21 | B22: =Fact_Production_Hourly!B22 -> 20260701 | C22: =Fact_Production_Hourly!C22 -> 2 | D22: =Fact_Production_Hourly!D22 -> M7 | E22: =Fact_Production_Hourly!E22 -> B-PM | F22: =Fact_Production_Hourly!F22 -> A | G22: =INDEX(Dim_Machine!$D$2:$D$8,MATCH(D22,Dim_Machine!$A$2:$A$8,0))*2 -> 48 | H22: =ROUND(G22*0.0125,0) -> 1 | I22: =ROUND(H22*0.15,0) -> 0 | J22: =ROUND(H22*0.45,0) -> 0 | K22: =MAX(H22-I22-J22,0) -> 1 | L22: D03 | M22: =INDEX(Dim_Product!$C$2:$C$4,MATCH(F22,Dim_Product!$A$2:$A$4,0))+0.03 -> 250.03 | N22: =IF(AND(M22>=INDEX(Dim_Product!$C$2:$C$4,MATCH(F22,Dim_Product!$A$2:$A$4,0))-INDEX(Dim_Product!$D$2:$D$4,MATCH(F22,Dim_Product!$A$2:$A$4,0)),M22<=INDEX(Dim_Product!$C$2:$C$4,MATCH(F22,Dim_Product!$A$2:$A$4,0))+INDEX(Dim_Product!$D$2:$D$4,MATCH(F22,Dim_Product!$A$2:$A$4,0))),G22-H22,G22-H22-1) -> 47 | O22: =G22-N22 -> 1 | P22: =INDEX(Dim_Product!$G$2:$G$4,MATCH(F22,Dim_Product!$A$2:$A$4,0))+0.29 -> 70.29 | Q22: =IF(AND(P22>=INDEX(Dim_Product!$G$2:$G$4,MATCH(F22,Dim_Product!$A$2:$A$4,0))-INDEX(Dim_Product!$H$2:$H$4,MATCH(F22,Dim_Product!$A$2:$A$4,0)),P22<=INDEX(Dim_Product!$G$2:$G$4,MATCH(F22,Dim_Product!$A$2:$A$4,0))+INDEX(Dim_Product!$H$2:$H$4,MATCH(F22,Dim_Product!$A$2:$A$4,0))),G22-H22,G22-H22-1) -> 47 | R22: =G22-Q22 -> 1 | S22: =INDEX(Dim_Product!$K$2:$K$4,MATCH(F22,Dim_Product!$A$2:$A$4,0))+0.03 -> 120.03 | T22: =IF(AND(S22>=INDEX(Dim_Product!$K$2:$K$4,MATCH(F22,Dim_Product!$A$2:$A$4,0))-INDEX(Dim_Product!$L$2:$L$4,MATCH(F22,Dim_Product!$A$2:$A$4,0)),S22<=INDEX(Dim_Product!$K$2:$K$4,MATCH(F22,Dim_Product!$A$2:$A$4,0))+INDEX(Dim_Product!$L$2:$L$4,MATCH(F22,Dim_Product!$A$2:$A$4,0))),G22-H22,G22-H22-1) -> 47 | U22: =G22-T22 -> 1 | V22: =IFERROR(H22/G22,0) -> 0.020833333 | W22: =1-V22 -> 0.97916667
A23: QS-22 | B23: =Fact_Production_Hourly!B23 -> 20260701 | C23: =Fact_Production_Hourly!C23 -> 3 | D23: =Fact_Production_Hourly!D23 -> M1 | E23: =Fact_Production_Hourly!E23 -> B-PM | F23: =Fact_Production_Hourly!F23 -> A | G23: =INDEX(Dim_Machine!$D$2:$D$8,MATCH(D23,Dim_Machine!$A$2:$A$8,0))*2 -> 32 | H23: =ROUND(G23*0.0252,0) -> 1 | I23: =ROUND(H23*0.15,0) -> 0 | J23: =ROUND(H23*0.45,0) -> 0 | K23: =MAX(H23-I23-J23,0) -> 1 | L23: D06 | M23: =INDEX(Dim_Product!$C$2:$C$4,MATCH(F23,Dim_Product!$A$2:$A$4,0))+-0.62 -> 249.38 | N23: =IF(AND(M23>=INDEX(Dim_Product!$C$2:$C$4,MATCH(F23,Dim_Product!$A$2:$A$4,0))-INDEX(Dim_Product!$D$2:$D$4,MATCH(F23,Dim_Product!$A$2:$A$4,0)),M23<=INDEX(Dim_Product!$C$2:$C$4,MATCH(F23,Dim_Product!$A$2:$A$4,0))+INDEX(Dim_Product!$D$2:$D$4,MATCH(F23,Dim_Product!$A$2:$A$4,0))),G23-H23,G23-H23-1) -> 31 | O23: =G23-N23 -> 1 | P23: =INDEX(Dim_Product!$G$2:$G$4,MATCH(F23,Dim_Product!$A$2:$A$4,0))+-0.09 -> 69.91 | Q23: =IF(AND(P23>=INDEX(Dim_Product!$G$2:$G$4,MATCH(F23,Dim_Product!$A$2:$A$4,0))-INDEX(Dim_Product!$H$2:$H$4,MATCH(F23,Dim_Product!$A$2:$A$4,0)),P23<=INDEX(Dim_Product!$G$2:$G$4,MATCH(F23,Dim_Product!$A$2:$A$4,0))+INDEX(Dim_Product!$H$2:$H$4,MATCH(F23,Dim_Product!$A$2:$A$4,0))),G23-H23,G23-H23-1) -> 31 | R23: =G23-Q23 -> 1 | S23: =INDEX(Dim_Product!$K$2:$K$4,MATCH(F23,Dim_Product!$A$2:$A$4,0))+0.22 -> 120.22 | T23: =IF(AND(S23>=INDEX(Dim_Product!$K$2:$K$4,MATCH(F23,Dim_Product!$A$2:$A$4,0))-INDEX(Dim_Product!$L$2:$L$4,MATCH(F23,Dim_Product!$A$2:$A$4,0)),S23<=INDEX(Dim_Product!$K$2:$K$4,MATCH(F23,Dim_Product!$A$2:$A$4,0))+INDEX(Dim_Product!$L$2:$L$4,MATCH(F23,Dim_Product!$A$2:$A$4,0))),G23-H23,G23-H23-1) -> 31 | U23: =G23-T23 -> 1 | V23: =IFERROR(H23/G23,0) -> 0.03125 | W23: =1-V23 -> 0.96875
A24: QS-23 | B24: =Fact_Production_Hourly!B24 -> 20260701 | C24: =Fact_Production_Hourly!C24 -> 3 | D24: =Fact_Production_Hourly!D24 -> M2 | E24: =Fact_Production_Hourly!E24 -> B-PM | F24: =Fact_Production_Hourly!F24 -> C | G24: =INDEX(Dim_Machine!$D$2:$D$8,MATCH(D24,Dim_Machine!$A$2:$A$8,0))*2 -> 48 | H24: =ROUND(G24*0.0619,0) -> 3 | I24: =ROUND(H24*0.15,0) -> 0 | J24: =ROUND(H24*0.45,0) -> 1 | K24: =MAX(H24-I24-J24,0) -> 2 | L24: D03 | M24: =INDEX(Dim_Product!$C$2:$C$4,MATCH(F24,Dim_Product!$A$2:$A$4,0))+-0.45 -> 199.55 | N24: =IF(AND(M24>=INDEX(Dim_Product!$C$2:$C$4,MATCH(F24,Dim_Product!$A$2:$A$4,0))-INDEX(Dim_Product!$D$2:$D$4,MATCH(F24,Dim_Product!$A$2:$A$4,0)),M24<=INDEX(Dim_Product!$C$2:$C$4,MATCH(F24,Dim_Product!$A$2:$A$4,0))+INDEX(Dim_Product!$D$2:$D$4,MATCH(F24,Dim_Product!$A$2:$A$4,0))),G24-H24,G24-H24-1) -> 45 | O24: =G24-N24 -> 3 | P24: =INDEX(Dim_Product!$G$2:$G$4,MATCH(F24,Dim_Product!$A$2:$A$4,0))+0.18 -> 65.18 | Q24: =IF(AND(P24>=INDEX(Dim_Product!$G$2:$G$4,MATCH(F24,Dim_Product!$A$2:$A$4,0))-INDEX(Dim_Product!$H$2:$H$4,MATCH(F24,Dim_Product!$A$2:$A$4,0)),P24<=INDEX(Dim_Product!$G$2:$G$4,MATCH(F24,Dim_Product!$A$2:$A$4,0))+INDEX(Dim_Product!$H$2:$H$4,MATCH(F24,Dim_Product!$A$2:$A$4,0))),G24-H24,G24-H24-1) -> 45 | R24: =G24-Q24 -> 3 | S24: =INDEX(Dim_Product!$K$2:$K$4,MATCH(F24,Dim_Product!$A$2:$A$4,0))+-0.05 -> 109.95 | T24: =IF(AND(S24>=INDEX(Dim_Product!$K$2:$K$4,MATCH(F24,Dim_Product!$A$2:$A$4,0))-INDEX(Dim_Product!$L$2:$L$4,MATCH(F24,Dim_Product!$A$2:$A$4,0)),S24<=INDEX(Dim_Product!$K$2:$K$4,MATCH(F24,Dim_Product!$A$2:$A$4,0))+INDEX(Dim_Product!$L$2:$L$4,MATCH(F24,Dim_Product!$A$2:$A$4,0))),G24-H24,G24-H24-1) -> 45 | U24: =G24-T24 -> 3 | V24: =IFERROR(H24/G24,0) -> 0.0625 | W24: =1-V24 -> 0.9375
A25: QS-24 | B25: =Fact_Production_Hourly!B25 -> 20260701 | C25: =Fact_Production_Hourly!C25 -> 3 | D25: =Fact_Production_Hourly!D25 -> M3 | E25: =Fact_Production_Hourly!E25 -> B-PM | F25: =Fact_Production_Hourly!F25 -> A | G25: =INDEX(Dim_Machine!$D$2:$D$8,MATCH(D25,Dim_Machine!$A$2:$A$8,0))*2 -> 24 | H25: =ROUND(G25*0.034,0) -> 1 | I25: =ROUND(H25*0.15,0) -> 0 | J25: =ROUND(H25*0.45,0) -> 0 | K25: =MAX(H25-I25-J25,0) -> 1 | L25: D04 | M25: =INDEX(Dim_Product!$C$2:$C$4,MATCH(F25,Dim_Product!$A$2:$A$4,0))+0.79 -> 250.79 | N25: =IF(AND(M25>=INDEX(Dim_Product!$C$2:$C$4,MATCH(F25,Dim_Product!$A$2:$A$4,0))-INDEX(Dim_Product!$D$2:$D$4,MATCH(F25,Dim_Product!$A$2:$A$4,0)),M25<=INDEX(Dim_Product!$C$2:$C$4,MATCH(F25,Dim_Product!$A$2:$A$4,0))+INDEX(Dim_Product!$D$2:$D$4,MATCH(F25,Dim_Product!$A$2:$A$4,0))),G25-H25,G25-H25-1) -> 23 | O25: =G25-N25 -> 1 | P25: =INDEX(Dim_Product!$G$2:$G$4,MATCH(F25,Dim_Product!$A$2:$A$4,0))+-0.07 -> 69.93 | Q25: =IF(AND(P25>=INDEX(Dim_Product!$G$2:$G$4,MATCH(F25,Dim_Product!$A$2:$A$4,0))-INDEX(Dim_Product!$H$2:$H$4,MATCH(F25,Dim_Product!$A$2:$A$4,0)),P25<=INDEX(Dim_Product!$G$2:$G$4,MATCH(F25,Dim_Product!$A$2:$A$4,0))+INDEX(Dim_Product!$H$2:$H$4,MATCH(F25,Dim_Product!$A$2:$A$4,0))),G25-H25,G25-H25-1) -> 23 | R25: =G25-Q25 -> 1 | S25: =INDEX(Dim_Product!$K$2:$K$4,MATCH(F25,Dim_Product!$A$2:$A$4,0))+0.38 -> 120.38 | T25: =IF(AND(S25>=INDEX(Dim_Product!$K$2:$K$4,MATCH(F25,Dim_Product!$A$2:$A$4,0))-INDEX(Dim_Product!$L$2:$L$4,MATCH(F25,Dim_Product!$A$2:$A$4,0)),S25<=INDEX(Dim_Product!$K$2:$K$4,MATCH(F25,Dim_Product!$A$2:$A$4,0))+INDEX(Dim_Product!$L$2:$L$4,MATCH(F25,Dim_Product!$A$2:$A$4,0))),G25-H25,G25-H25-1) -> 23 | U25: =G25-T25 -> 1 | V25: =IFERROR(H25/G25,0) -> 0.041666667 | W25: =1-V25 -> 0.95833333
A26: QS-25 | B26: =Fact_Production_Hourly!B26 -> 20260701 | C26: =Fact_Production_Hourly!C26 -> 3 | D26: =Fact_Production_Hourly!D26 -> M4 | E26: =Fact_Production_Hourly!E26 -> B-PM | F26: =Fact_Production_Hourly!F26 -> A | G26: =INDEX(Dim_Machine!$D$2:$D$8,MATCH(D26,Dim_Machine!$A$2:$A$8,0))*2 -> 48 | H26: =ROUND(G26*0.0398,0) -> 2 | I26: =ROUND(H26*0.15,0) -> 0 | J26: =ROUND(H26*0.45,0) -> 1 | K26: =MAX(H26-I26-J26,0) -> 1 | L26: D04 | M26: =INDEX(Dim_Product!$C$2:$C$4,MATCH(F26,Dim_Product!$A$2:$A$4,0))+-0.27 -> 249.73 | N26: =IF(AND(M26>=INDEX(Dim_Product!$C$2:$C$4,MATCH(F26,Dim_Product!$A$2:$A$4,0))-INDEX(Dim_Product!$D$2:$D$4,MATCH(F26,Dim_Product!$A$2:$A$4,0)),M26<=INDEX(Dim_Product!$C$2:$C$4,MATCH(F26,Dim_Product!$A$2:$A$4,0))+INDEX(Dim_Product!$D$2:$D$4,MATCH(F26,Dim_Product!$A$2:$A$4,0))),G26-H26,G26-H26-1) -> 46 | O26: =G26-N26 -> 2 | P26: =INDEX(Dim_Product!$G$2:$G$4,MATCH(F26,Dim_Product!$A$2:$A$4,0))+0.18 -> 70.18 | Q26: =IF(AND(P26>=INDEX(Dim_Product!$G$2:$G$4,MATCH(F26,Dim_Product!$A$2:$A$4,0))-INDEX(Dim_Product!$H$2:$H$4,MATCH(F26,Dim_Product!$A$2:$A$4,0)),P26<=INDEX(Dim_Product!$G$2:$G$4,MATCH(F26,Dim_Product!$A$2:$A$4,0))+INDEX(Dim_Product!$H$2:$H$4,MATCH(F26,Dim_Product!$A$2:$A$4,0))),G26-H26,G26-H26-1) -> 46 | R26: =G26-Q26 -> 2 | S26: =INDEX(Dim_Product!$K$2:$K$4,MATCH(F26,Dim_Product!$A$2:$A$4,0))+-0.19 -> 119.81 | T26: =IF(AND(S26>=INDEX(Dim_Product!$K$2:$K$4,MATCH(F26,Dim_Product!$A$2:$A$4,0))-INDEX(Dim_Product!$L$2:$L$4,MATCH(F26,Dim_Product!$A$2:$A$4,0)),S26<=INDEX(Dim_Product!$K$2:$K$4,MATCH(F26,Dim_Product!$A$2:$A$4,0))+INDEX(Dim_Product!$L$2:$L$4,MATCH(F26,Dim_Product!$A$2:$A$4,0))),G26-H26,G26-H26-1) -> 46 | U26: =G26-T26 -> 2 | V26: =IFERROR(H26/G26,0) -> 0.041666667 | W26: =1-V26 -> 0.95833333
A27: QS-26 | B27: =Fact_Production_Hourly!B27 -> 20260701 | C27: =Fact_Production_Hourly!C27 -> 3 | D27: =Fact_Production_Hourly!D27 -> M5 | E27: =Fact_Production_Hourly!E27 -> B-PM | F27: =Fact_Production_Hourly!F27 -> A | G27: =INDEX(Dim_Machine!$D$2:$D$8,MATCH(D27,Dim_Machine!$A$2:$A$8,0))*2 -> 32 | H27: =ROUND(G27*0.015,0) -> 0 | I27: =ROUND(H27*0.15,0) -> 0 | J27: =ROUND(H27*0.45,0) -> 0 | K27: =MAX(H27-I27-J27,0) -> 0 | L27: D04 | M27: =INDEX(Dim_Product!$C$2:$C$4,MATCH(F27,Dim_Product!$A$2:$A$4,0))+-0.84 -> 249.16 | N27: =IF(AND(M27>=INDEX(Dim_Product!$C$2:$C$4,MATCH(F27,Dim_Product!$A$2:$A$4,0))-INDEX(Dim_Product!$D$2:$D$4,MATCH(F27,Dim_Product!$A$2:$A$4,0)),M27<=INDEX(Dim_Product!$C$2:$C$4,MATCH(F27,Dim_Product!$A$2:$A$4,0))+INDEX(Dim_Product!$D$2:$D$4,MATCH(F27,Dim_Product!$A$2:$A$4,0))),G27-H27,G27-H27-1) -> 32 | O27: =G27-N27 -> 0 | P27: =INDEX(Dim_Product!$G$2:$G$4,MATCH(F27,Dim_Product!$A$2:$A$4,0))+0.06 -> 70.06 | Q27: =IF(AND(P27>=INDEX(Dim_Product!$G$2:$G$4,MATCH(F27,Dim_Product!$A$2:$A$4,0))-INDEX(Dim_Product!$H$2:$H$4,MATCH(F27,Dim_Product!$A$2:$A$4,0)),P27<=INDEX(Dim_Product!$G$2:$G$4,MATCH(F27,Dim_Product!$A$2:$A$4,0))+INDEX(Dim_Product!$H$2:$H$4,MATCH(F27,Dim_Product!$A$2:$A$4,0))),G27-H27,G27-H27-1) -> 32 | R27: =G27-Q27 -> 0 | S27: =INDEX(Dim_Product!$K$2:$K$4,MATCH(F27,Dim_Product!$A$2:$A$4,0))+0.26 -> 120.26 | T27: =IF(AND(S27>=INDEX(Dim_Product!$K$2:$K$4,MATCH(F27,Dim_Product!$A$2:$A$4,0))-INDEX(Dim_Product!$L$2:$L$4,MATCH(F27,Dim_Product!$A$2:$A$4,0)),S27<=INDEX(Dim_Product!$K$2:$K$4,MATCH(F27,Dim_Product!$A$2:$A$4,0))+INDEX(Dim_Product!$L$2:$L$4,MATCH(F27,Dim_Product!$A$2:$A$4,0))),G27-H27,G27-H27-1) -> 32 | U27: =G27-T27 -> 0 | V27: =IFERROR(H27/G27,0) -> 0 | W27: =1-V27 -> 1
A28: QS-27 | B28: =Fact_Production_Hourly!B28 -> 20260701 | C28: =Fact_Production_Hourly!C28 -> 3 | D28: =Fact_Production_Hourly!D28 -> M6 | E28: =Fact_Production_Hourly!E28 -> B-PM | F28: =Fact_Production_Hourly!F28 -> C | G28: =INDEX(Dim_Machine!$D$2:$D$8,MATCH(D28,Dim_Machine!$A$2:$A$8,0))*2 -> 24 | H28: =ROUND(G28*0.0427,0) -> 1 | I28: =ROUND(H28*0.15,0) -> 0 | J28: =ROUND(H28*0.45,0) -> 0 | K28: =MAX(H28-I28-J28,0) -> 1 | L28: D03 | M28: =INDEX(Dim_Product!$C$2:$C$4,MATCH(F28,Dim_Product!$A$2:$A$4,0))+-0.79 -> 199.21 | N28: =IF(AND(M28>=INDEX(Dim_Product!$C$2:$C$4,MATCH(F28,Dim_Product!$A$2:$A$4,0))-INDEX(Dim_Product!$D$2:$D$4,MATCH(F28,Dim_Product!$A$2:$A$4,0)),M28<=INDEX(Dim_Product!$C$2:$C$4,MATCH(F28,Dim_Product!$A$2:$A$4,0))+INDEX(Dim_Product!$D$2:$D$4,MATCH(F28,Dim_Product!$A$2:$A$4,0))),G28-H28,G28-H28-1) -> 23 | O28: =G28-N28 -> 1 | P28: =INDEX(Dim_Product!$G$2:$G$4,MATCH(F28,Dim_Product!$A$2:$A$4,0))+-0.1 -> 64.9 | Q28: =IF(AND(P28>=INDEX(Dim_Product!$G$2:$G$4,MATCH(F28,Dim_Product!$A$2:$A$4,0))-INDEX(Dim_Product!$H$2:$H$4,MATCH(F28,Dim_Product!$A$2:$A$4,0)),P28<=INDEX(Dim_Product!$G$2:$G$4,MATCH(F28,Dim_Product!$A$2:$A$4,0))+INDEX(Dim_Product!$H$2:$H$4,MATCH(F28,Dim_Product!$A$2:$A$4,0))),G28-H28,G28-H28-1) -> 23 | R28: =G28-Q28 -> 1 | S28: =INDEX(Dim_Product!$K$2:$K$4,MATCH(F28,Dim_Product!$A$2:$A$4,0))+-0.16 -> 109.84 | T28: =IF(AND(S28>=INDEX(Dim_Product!$K$2:$K$4,MATCH(F28,Dim_Product!$A$2:$A$4,0))-INDEX(Dim_Product!$L$2:$L$4,MATCH(F28,Dim_Product!$A$2:$A$4,0)),S28<=INDEX(Dim_Product!$K$2:$K$4,MATCH(F28,Dim_Product!$A$2:$A$4,0))+INDEX(Dim_Product!$L$2:$L$4,MATCH(F28,Dim_Product!$A$2:$A$4,0))),G28-H28,G28-H28-1) -> 23 | U28: =G28-T28 -> 1 | V28: =IFERROR(H28/G28,0) -> 0.041666667 | W28: =1-V28 -> 0.95833333
A29: QS-28 | B29: =Fact_Production_Hourly!B29 -> 20260701 | C29: =Fact_Production_Hourly!C29 -> 3 | D29: =Fact_Production_Hourly!D29 -> M7 | E29: =Fact_Production_Hourly!E29 -> B-PM | F29: =Fact_Production_Hourly!F29 -> A | G29: =INDEX(Dim_Machine!$D$2:$D$8,MATCH(D29,Dim_Machine!$A$2:$A$8,0))*2 -> 48 | H29: =ROUND(G29*0.0368,0) -> 2 | I29: =ROUND(H29*0.15,0) -> 0 | J29: =ROUND(H29*0.45,0) -> 1 | K29: =MAX(H29-I29-J29,0) -> 1 | L29: D06 | M29: =INDEX(Dim_Product!$C$2:$C$4,MATCH(F29,Dim_Product!$A$2:$A$4,0))+-0.15 -> 249.85 | N29: =IF(AND(M29>=INDEX(Dim_Product!$C$2:$C$4,MATCH(F29,Dim_Product!$A$2:$A$4,0))-INDEX(Dim_Product!$D$2:$D$4,MATCH(F29,Dim_Product!$A$2:$A$4,0)),M29<=INDEX(Dim_Product!$C$2:$C$4,MATCH(F29,Dim_Product!$A$2:$A$4,0))+INDEX(Dim_Product!$D$2:$D$4,MATCH(F29,Dim_Product!$A$2:$A$4,0))),G29-H29,G29-H29-1) -> 46 | O29: =G29-N29 -> 2 | P29: =INDEX(Dim_Product!$G$2:$G$4,MATCH(F29,Dim_Product!$A$2:$A$4,0))+0.11 -> 70.11 | Q29: =IF(AND(P29>=INDEX(Dim_Product!$G$2:$G$4,MATCH(F29,Dim_Product!$A$2:$A$4,0))-INDEX(Dim_Product!$H$2:$H$4,MATCH(F29,Dim_Product!$A$2:$A$4,0)),P29<=INDEX(Dim_Product!$G$2:$G$4,MATCH(F29,Dim_Product!$A$2:$A$4,0))+INDEX(Dim_Product!$H$2:$H$4,MATCH(F29,Dim_Product!$A$2:$A$4,0))),G29-H29,G29-H29-1) -> 46 | R29: =G29-Q29 -> 2 | S29: =INDEX(Dim_Product!$K$2:$K$4,MATCH(F29,Dim_Product!$A$2:$A$4,0))+-0.12 -> 119.88 | T29: =IF(AND(S29>=INDEX(Dim_Product!$K$2:$K$4,MATCH(F29,Dim_Product!$A$2:$A$4,0))-INDEX(Dim_Product!$L$2:$L$4,MATCH(F29,Dim_Product!$A$2:$A$4,0)),S29<=INDEX(Dim_Product!$K$2:$K$4,MATCH(F29,Dim_Product!$A$2:$A$4,0))+INDEX(Dim_Product!$L$2:$L$4,MATCH(F29,Dim_Product!$A$2:$A$4,0))),G29-H29,G29-H29-1) -> 46 | U29: =G29-T29 -> 2 | V29: =IFERROR(H29/G29,0) -> 0.041666667 | W29: =1-V29 -> 0.95833333
A30: QS-29 | B30: =Fact_Production_Hourly!B30 -> 20260701 | C30: =Fact_Production_Hourly!C30 -> 4 | D30: =Fact_Production_Hourly!D30 -> M1 | E30: =Fact_Production_Hourly!E30 -> B-PM | F30: =Fact_Production_Hourly!F30 -> A | G30: =INDEX(Dim_Machine!$D$2:$D$8,MATCH(D30,Dim_Machine!$A$2:$A$8,0))*2 -> 32 | H30: =ROUND(G30*0.0125,0) -> 0 | I30: =ROUND(H30*0.15,0) -> 0 | J30: =ROUND(H30*0.45,0) -> 0 | K30: =MAX(H30-I30-J30,0) -> 0 | L30: D03 | M30: =INDEX(Dim_Product!$C$2:$C$4,MATCH(F30,Dim_Product!$A$2:$A$4,0))+0.23 -> 250.23 | N30: =IF(AND(M30>=INDEX(Dim_Product!$C$2:$C$4,MATCH(F30,Dim_Product!$A$2:$A$4,0))-INDEX(Dim_Product!$D$2:$D$4,MATCH(F30,Dim_Product!$A$2:$A$4,0)),M30<=INDEX(Dim_Product!$C$2:$C$4,MATCH(F30,Dim_Product!$A$2:$A$4,0))+INDEX(Dim_Product!$D$2:$D$4,MATCH(F30,Dim_Product!$A$2:$A$4,0))),G30-H30,G30-H30-1) -> 32 | O30: =G30-N30 -> 0 | P30: =INDEX(Dim_Product!$G$2:$G$4,MATCH(F30,Dim_Product!$A$2:$A$4,0))+-0.04 -> 69.96 | Q30: =IF(AND(P30>=INDEX(Dim_Product!$G$2:$G$4,MATCH(F30,Dim_Product!$A$2:$A$4,0))-INDEX(Dim_Product!$H$2:$H$4,MATCH(F30,Dim_Product!$A$2:$A$4,0)),P30<=INDEX(Dim_Product!$G$2:$G$4,MATCH(F30,Dim_Product!$A$2:$A$4,0))+INDEX(Dim_Product!$H$2:$H$4,MATCH(F30,Dim_Product!$A$2:$A$4,0))),G30-H30,G30-H30-1) -> 32 | R30: =G30-Q30 -> 0 | S30: =INDEX(Dim_Product!$K$2:$K$4,MATCH(F30,Dim_Product!$A$2:$A$4,0))+0.11 -> 120.11 | T30: =IF(AND(S30>=INDEX(Dim_Product!$K$2:$K$4,MATCH(F30,Dim_Product!$A$2:$A$4,0))-INDEX(Dim_Product!$L$2:$L$4,MATCH(F30,Dim_Product!$A$2:$A$4,0)),S30<=INDEX(Dim_Product!$K$2:$K$4,MATCH(F30,Dim_Product!$A$2:$A$4,0))+INDEX(Dim_Product!$L$2:$L$4,MATCH(F30,Dim_Product!$A$2:$A$4,0))),G30-H30,G30-H30-1) -> 32 | U30: =G30-T30 -> 0 | V30: =IFERROR(H30/G30,0) -> 0 | W30: =1-V30 -> 1
A31: QS-30 | B31: =Fact_Production_Hourly!B31 -> 20260701 | C31: =Fact_Production_Hourly!C31 -> 4 | D31: =Fact_Production_Hourly!D31 -> M2 | E31: =Fact_Production_Hourly!E31 -> B-PM | F31: =Fact_Production_Hourly!F31 -> C | G31: =INDEX(Dim_Machine!$D$2:$D$8,MATCH(D31,Dim_Machine!$A$2:$A$8,0))*2 -> 48 | H31: =ROUND(G31*0.0575,0) -> 3 | I31: =ROUND(H31*0.15,0) -> 0 | J31: =ROUND(H31*0.45,0) -> 1 | K31: =MAX(H31-I31-J31,0) -> 2 | L31: D01 | M31: =INDEX(Dim_Product!$C$2:$C$4,MATCH(F31,Dim_Product!$A$2:$A$4,0))+-0.85 -> 199.15 | N31: =IF(AND(M31>=INDEX(Dim_Product!$C$2:$C$4,MATCH(F31,Dim_Product!$A$2:$A$4,0))-INDEX(Dim_Product!$D$2:$D$4,MATCH(F31,Dim_Product!$A$2:$A$4,0)),M31<=INDEX(Dim_Product!$C$2:$C$4,MATCH(F31,Dim_Product!$A$2:$A$4,0))+INDEX(Dim_Product!$D$2:$D$4,MATCH(F31,Dim_Product!$A$2:$A$4,0))),G31-H31,G31-H31-1) -> 45 | O31: =G31-N31 -> 3 | P31: =INDEX(Dim_Product!$G$2:$G$4,MATCH(F31,Dim_Product!$A$2:$A$4,0))+0.08 -> 65.08 | Q31: =IF(AND(P31>=INDEX(Dim_Product!$G$2:$G$4,MATCH(F31,Dim_Product!$A$2:$A$4,0))-INDEX(Dim_Product!$H$2:$H$4,MATCH(F31,Dim_Product!$A$2:$A$4,0)),P31<=INDEX(Dim_Product!$G$2:$G$4,MATCH(F31,Dim_Product!$A$2:$A$4,0))+INDEX(Dim_Product!$H$2:$H$4,MATCH(F31,Dim_Product!$A$2:$A$4,0))),G31-H31,G31-H31-1) -> 45 | R31: =G31-Q31 -> 3 | S31: =INDEX(Dim_Product!$K$2:$K$4,MATCH(F31,Dim_Product!$A$2:$A$4,0))+-0.11 -> 109.89 | T31: =IF(AND(S31>=INDEX(Dim_Product!$K$2:$K$4,MATCH(F31,Dim_Product!$A$2:$A$4,0))-INDEX(Dim_Product!$L$2:$L$4,MATCH(F31,Dim_Product!$A$2:$A$4,0)),S31<=INDEX(Dim_Product!$K$2:$K$4,MATCH(F31,Dim_Product!$A$2:$A$4,0))+INDEX(Dim_Product!$L$2:$L$4,MATCH(F31,Dim_Product!$A$2:$A$4,0))),G31-H31,G31-H31-1) -> 45 | U31: =G31-T31 -> 3 | V31: =IFERROR(H31/G31,0) -> 0.0625 | W31: =1-V31 -> 0.9375
A32: QS-31 | B32: =Fact_Production_Hourly!B32 -> 20260701 | C32: =Fact_Production_Hourly!C32 -> 4 | D32: =Fact_Production_Hourly!D32 -> M3 | E32: =Fact_Production_Hourly!E32 -> B-PM | F32: =Fact_Production_Hourly!F32 -> A | G32: =INDEX(Dim_Machine!$D$2:$D$8,MATCH(D32,Dim_Machine!$A$2:$A$8,0))*2 -> 24 | H32: =ROUND(G32*0.0581,0) -> 1 | I32: =ROUND(H32*0.15,0) -> 0 | J32: =ROUND(H32*0.45,0) -> 0 | K32: =MAX(H32-I32-J32,0) -> 1 | L32: D06 | M32: =INDEX(Dim_Product!$C$2:$C$4,MATCH(F32,Dim_Product!$A$2:$A$4,0))+-0.68 -> 249.32 | N32: =IF(AND(M32>=INDEX(Dim_Product!$C$2:$C$4,MATCH(F32,Dim_Product!$A$2:$A$4,0))-INDEX(Dim_Product!$D$2:$D$4,MATCH(F32,Dim_Product!$A$2:$A$4,0)),M32<=INDEX(Dim_Product!$C$2:$C$4,MATCH(F32,Dim_Product!$A$2:$A$4,0))+INDEX(Dim_Product!$D$2:$D$4,MATCH(F32,Dim_Product!$A$2:$A$4,0))),G32-H32,G32-H32-1) -> 23 | O32: =G32-N32 -> 1 | P32: =INDEX(Dim_Product!$G$2:$G$4,MATCH(F32,Dim_Product!$A$2:$A$4,0))+-0.28 -> 69.72 | Q32: =IF(AND(P32>=INDEX(Dim_Product!$G$2:$G$4,MATCH(F32,Dim_Product!$A$2:$A$4,0))-INDEX(Dim_Product!$H$2:$H$4,MATCH(F32,Dim_Product!$A$2:$A$4,0)),P32<=INDEX(Dim_Product!$G$2:$G$4,MATCH(F32,Dim_Product!$A$2:$A$4,0))+INDEX(Dim_Product!$H$2:$H$4,MATCH(F32,Dim_Product!$A$2:$A$4,0))),G32-H32,G32-H32-1) -> 23 | R32: =G32-Q32 -> 1 | S32: =INDEX(Dim_Product!$K$2:$K$4,MATCH(F32,Dim_Product!$A$2:$A$4,0))+0.28 -> 120.28 | T32: =IF(AND(S32>=INDEX(Dim_Product!$K$2:$K$4,MATCH(F32,Dim_Product!$A$2:$A$4,0))-INDEX(Dim_Product!$L$2:$L$4,MATCH(F32,Dim_Product!$A$2:$A$4,0)),S32<=INDEX(Dim_Product!$K$2:$K$4,MATCH(F32,Dim_Product!$A$2:$A$4,0))+INDEX(Dim_Product!$L$2:$L$4,MATCH(F32,Dim_Product!$A$2:$A$4,0))),G32-H32,G32-H32-1) -> 23 | U32: =G32-T32 -> 1 | V32: =IFERROR(H32/G32,0) -> 0.041666667 | W32: =1-V32 -> 0.95833333
A33: QS-32 | B33: =Fact_Production_Hourly!B33 -> 20260701 | C33: =Fact_Production_Hourly!C33 -> 4 | D33: =Fact_Production_Hourly!D33 -> M4 | E33: =Fact_Production_Hourly!E33 -> B-PM | F33: =Fact_Production_Hourly!F33 -> A | G33: =INDEX(Dim_Machine!$D$2:$D$8,MATCH(D33,Dim_Machine!$A$2:$A$8,0))*2 -> 48 | H33: =ROUND(G33*0.0507,0) -> 2 | I33: =ROUND(H33*0.15,0) -> 0 | J33: =ROUND(H33*0.45,0) -> 1 | K33: =MAX(H33-I33-J33,0) -> 1 | L33: D04 | M33: =INDEX(Dim_Product!$C$2:$C$4,MATCH(F33,Dim_Product!$A$2:$A$4,0))+-0.93 -> 249.07 | N33: =IF(AND(M33>=INDEX(Dim_Product!$C$2:$C$4,MATCH(F33,Dim_Product!$A$2:$A$4,0))-INDEX(Dim_Product!$D$2:$D$4,MATCH(F33,Dim_Product!$A$2:$A$4,0)),M33<=INDEX(Dim_Product!$C$2:$C$4,MATCH(F33,Dim_Product!$A$2:$A$4,0))+INDEX(Dim_Product!$D$2:$D$4,MATCH(F33,Dim_Product!$A$2:$A$4,0))),G33-H33,G33-H33-1) -> 46 | O33: =G33-N33 -> 2 | P33: =INDEX(Dim_Product!$G$2:$G$4,MATCH(F33,Dim_Product!$A$2:$A$4,0))+-0.26 -> 69.74 | Q33: =IF(AND(P33>=INDEX(Dim_Product!$G$2:$G$4,MATCH(F33,Dim_Product!$A$2:$A$4,0))-INDEX(Dim_Product!$H$2:$H$4,MATCH(F33,Dim_Product!$A$2:$A$4,0)),P33<=INDEX(Dim_Product!$G$2:$G$4,MATCH(F33,Dim_Product!$A$2:$A$4,0))+INDEX(Dim_Product!$H$2:$H$4,MATCH(F33,Dim_Product!$A$2:$A$4,0))),G33-H33,G33-H33-1) -> 46 | R33: =G33-Q33 -> 2 | S33: =INDEX(Dim_Product!$K$2:$K$4,MATCH(F33,Dim_Product!$A$2:$A$4,0))+0.22 -> 120.22 | T33: =IF(AND(S33>=INDEX(Dim_Product!$K$2:$K$4,MATCH(F33,Dim_Product!$A$2:$A$4,0))-INDEX(Dim_Product!$L$2:$L$4,MATCH(F33,Dim_Product!$A$2:$A$4,0)),S33<=INDEX(Dim_Product!$K$2:$K$4,MATCH(F33,Dim_Product!$A$2:$A$4,0))+INDEX(Dim_Product!$L$2:$L$4,MATCH(F33,Dim_Product!$A$2:$A$4,0))),G33-H33,G33-H33-1) -> 46 | U33: =G33-T33 -> 2 | V33: =IFERROR(H33/G33,0) -> 0.041666667 | W33: =1-V33 -> 0.95833333
A34: QS-33 | B34: =Fact_Production_Hourly!B34 -> 20260701 | C34: =Fact_Production_Hourly!C34 -> 4 | D34: =Fact_Production_Hourly!D34 -> M5 | E34: =Fact_Production_Hourly!E34 -> B-PM | F34: =Fact_Production_Hourly!F34 -> A | G34: =INDEX(Dim_Machine!$D$2:$D$8,MATCH(D34,Dim_Machine!$A$2:$A$8,0))*2 -> 32 | H34: =ROUND(G34*0.032,0) -> 1 | I34: =ROUND(H34*0.15,0) -> 0 | J34: =ROUND(H34*0.45,0) -> 0 | K34: =MAX(H34-I34-J34,0) -> 1 | L34: D04 | M34: =INDEX(Dim_Product!$C$2:$C$4,MATCH(F34,Dim_Product!$A$2:$A$4,0))+0.9 -> 250.9 | N34: =IF(AND(M34>=INDEX(Dim_Product!$C$2:$C$4,MATCH(F34,Dim_Product!$A$2:$A$4,0))-INDEX(Dim_Product!$D$2:$D$4,MATCH(F34,Dim_Product!$A$2:$A$4,0)),M34<=INDEX(Dim_Product!$C$2:$C$4,MATCH(F34,Dim_Product!$A$2:$A$4,0))+INDEX(Dim_Product!$D$2:$D$4,MATCH(F34,Dim_Product!$A$2:$A$4,0))),G34-H34,G34-H34-1) -> 31 | O34: =G34-N34 -> 1 | P34: =INDEX(Dim_Product!$G$2:$G$4,MATCH(F34,Dim_Product!$A$2:$A$4,0))+-0.28 -> 69.72 | Q34: =IF(AND(P34>=INDEX(Dim_Product!$G$2:$G$4,MATCH(F34,Dim_Product!$A$2:$A$4,0))-INDEX(Dim_Product!$H$2:$H$4,MATCH(F34,Dim_Product!$A$2:$A$4,0)),P34<=INDEX(Dim_Product!$G$2:$G$4,MATCH(F34,Dim_Product!$A$2:$A$4,0))+INDEX(Dim_Product!$H$2:$H$4,MATCH(F34,Dim_Product!$A$2:$A$4,0))),G34-H34,G34-H34-1) -> 31 | R34: =G34-Q34 -> 1 | S34: =INDEX(Dim_Product!$K$2:$K$4,MATCH(F34,Dim_Product!$A$2:$A$4,0))+-0.28 -> 119.72 | T34: =IF(AND(S34>=INDEX(Dim_Product!$K$2:$K$4,MATCH(F34,Dim_Product!$A$2:$A$4,0))-INDEX(Dim_Product!$L$2:$L$4,MATCH(F34,Dim_Product!$A$2:$A$4,0)),S34<=INDEX(Dim_Product!$K$2:$K$4,MATCH(F34,Dim_Product!$A$2:$A$4,0))+INDEX(Dim_Product!$L$2:$L$4,MATCH(F34,Dim_Product!$A$2:$A$4,0))),G34-H34,G34-H34-1) -> 31 | U34: =G34-T34 -> 1 | V34: =IFERROR(H34/G34,0) -> 0.03125 | W34: =1-V34 -> 0.96875
A35: QS-34 | B35: =Fact_Production_Hourly!B35 -> 20260701 | C35: =Fact_Production_Hourly!C35 -> 4 | D35: =Fact_Production_Hourly!D35 -> M6 | E35: =Fact_Production_Hourly!E35 -> B-PM | F35: =Fact_Production_Hourly!F35 -> C | G35: =INDEX(Dim_Machine!$D$2:$D$8,MATCH(D35,Dim_Machine!$A$2:$A$8,0))*2 -> 24 | H35: =ROUND(G35*0.037,0) -> 1 | I35: =ROUND(H35*0.15,0) -> 0 | J35: =ROUND(H35*0.45,0) -> 0 | K35: =MAX(H35-I35-J35,0) -> 1 | L35: D03 | M35: =INDEX(Dim_Product!$C$2:$C$4,MATCH(F35,Dim_Product!$A$2:$A$4,0))+-0.26 -> 199.74 | N35: =IF(AND(M35>=INDEX(Dim_Product!$C$2:$C$4,MATCH(F35,Dim_Product!$A$2:$A$4,0))-INDEX(Dim_Product!$D$2:$D$4,MATCH(F35,Dim_Product!$A$2:$A$4,0)),M35<=INDEX(Dim_Product!$C$2:$C$4,MATCH(F35,Dim_Product!$A$2:$A$4,0))+INDEX(Dim_Product!$D$2:$D$4,MATCH(F35,Dim_Product!$A$2:$A$4,0))),G35-H35,G35-H35-1) -> 23 | O35: =G35-N35 -> 1 | P35: =INDEX(Dim_Product!$G$2:$G$4,MATCH(F35,Dim_Product!$A$2:$A$4,0))+0.16 -> 65.16 | Q35: =IF(AND(P35>=INDEX(Dim_Product!$G$2:$G$4,MATCH(F35,Dim_Product!$A$2:$A$4,0))-INDEX(Dim_Product!$H$2:$H$4,MATCH(F35,Dim_Product!$A$2:$A$4,0)),P35<=INDEX(Dim_Product!$G$2:$G$4,MATCH(F35,Dim_Product!$A$2:$A$4,0))+INDEX(Dim_Product!$H$2:$H$4,MATCH(F35,Dim_Product!$A$2:$A$4,0))),G35-H35,G35-H35-1) -> 23 | R35: =G35-Q35 -> 1 | S35: =INDEX(Dim_Product!$K$2:$K$4,MATCH(F35,Dim_Product!$A$2:$A$4,0))+0.06 -> 110.06 | T35: =IF(AND(S35>=INDEX(Dim_Product!$K$2:$K$4,MATCH(F35,Dim_Product!$A$2:$A$4,0))-INDEX(Dim_Product!$L$2:$L$4,MATCH(F35,Dim_Product!$A$2:$A$4,0)),S35<=INDEX(Dim_Product!$K$2:$K$4,MATCH(F35,Dim_Product!$A$2:$A$4,0))+INDEX(Dim_Product!$L$2:$L$4,MATCH(F35,Dim_Product!$A$2:$A$4,0))),G35-H35,G35-H35-1) -> 23 | U35: =G35-T35 -> 1 | V35: =IFERROR(H35/G35,0) -> 0.041666667 | W35: =1-V35 -> 0.95833333
A36: QS-35 | B36: =Fact_Production_Hourly!B36 -> 20260701 | C36: =Fact_Production_Hourly!C36 -> 4 | D36: =Fact_Production_Hourly!D36 -> M7 | E36: =Fact_Production_Hourly!E36 -> B-PM | F36: =Fact_Production_Hourly!F36 -> A | G36: =INDEX(Dim_Machine!$D$2:$D$8,MATCH(D36,Dim_Machine!$A$2:$A$8,0))*2 -> 48 | H36: =ROUND(G36*0.0418,0) -> 2 | I36: =ROUND(H36*0.15,0) -> 0 | J36: =ROUND(H36*0.45,0) -> 1 | K36: =MAX(H36-I36-J36,0) -> 1 | L36: D04 | M36: =INDEX(Dim_Product!$C$2:$C$4,MATCH(F36,Dim_Product!$A$2:$A$4,0))+-0.37 -> 249.63 | N36: =IF(AND(M36>=INDEX(Dim_Product!$C$2:$C$4,MATCH(F36,Dim_Product!$A$2:$A$4,0))-INDEX(Dim_Product!$D$2:$D$4,MATCH(F36,Dim_Product!$A$2:$A$4,0)),M36<=INDEX(Dim_Product!$C$2:$C$4,MATCH(F36,Dim_Product!$A$2:$A$4,0))+INDEX(Dim_Product!$D$2:$D$4,MATCH(F36,Dim_Product!$A$2:$A$4,0))),G36-H36,G36-H36-1) -> 46 | O36: =G36-N36 -> 2 | P36: =INDEX(Dim_Product!$G$2:$G$4,MATCH(F36,Dim_Product!$A$2:$A$4,0))+-0.13 -> 69.87 | Q36: =IF(AND(P36>=INDEX(Dim_Product!$G$2:$G$4,MATCH(F36,Dim_Product!$A$2:$A$4,0))-INDEX(Dim_Product!$H$2:$H$4,MATCH(F36,Dim_Product!$A$2:$A$4,0)),P36<=INDEX(Dim_Product!$G$2:$G$4,MATCH(F36,Dim_Product!$A$2:$A$4,0))+INDEX(Dim_Product!$H$2:$H$4,MATCH(F36,Dim_Product!$A$2:$A$4,0))),G36-H36,G36-H36-1) -> 46 | R36: =G36-Q36 -> 2 | S36: =INDEX(Dim_Product!$K$2:$K$4,MATCH(F36,Dim_Product!$A$2:$A$4,0))+0.37 -> 120.37 | T36: =IF(AND(S36>=INDEX(Dim_Product!$K$2:$K$4,MATCH(F36,Dim_Product!$A$2:$A$4,0))-INDEX(Dim_Product!$L$2:$L$4,MATCH(F36,Dim_Product!$A$2:$A$4,0)),S36<=INDEX(Dim_Product!$K$2:$K$4,MATCH(F36,Dim_Product!$A$2:$A$4,0))+INDEX(Dim_Product!$L$2:$L$4,MATCH(F36,Dim_Product!$A$2:$A$4,0))),G36-H36,G36-H36-1) -> 46 | U36: =G36-T36 -> 2 | V36: =IFERROR(H36/G36,0) -> 0.041666667 | W36: =1-V36 -> 0.95833333
A37: QS-36 | B37: =Fact_Production_Hourly!B37 -> 20260701 | C37: =Fact_Production_Hourly!C37 -> 5 | D37: =Fact_Production_Hourly!D37 -> M1 | E37: =Fact_Production_Hourly!E37 -> B-PM | F37: =Fact_Production_Hourly!F37 -> A | G37: =INDEX(Dim_Machine!$D$2:$D$8,MATCH(D37,Dim_Machine!$A$2:$A$8,0))*2 -> 32 | H37: =ROUND(G37*0.0116,0) -> 0 | I37: =ROUND(H37*0.15,0) -> 0 | J37: =ROUND(H37*0.45,0) -> 0 | K37: =MAX(H37-I37-J37,0) -> 0 | L37: D02 | M37: =INDEX(Dim_Product!$C$2:$C$4,MATCH(F37,Dim_Product!$A$2:$A$4,0))+0 -> 250 | N37: =IF(AND(M37>=INDEX(Dim_Product!$C$2:$C$4,MATCH(F37,Dim_Product!$A$2:$A$4,0))-INDEX(Dim_Product!$D$2:$D$4,MATCH(F37,Dim_Product!$A$2:$A$4,0)),M37<=INDEX(Dim_Product!$C$2:$C$4,MATCH(F37,Dim_Product!$A$2:$A$4,0))+INDEX(Dim_Product!$D$2:$D$4,MATCH(F37,Dim_Product!$A$2:$A$4,0))),G37-H37,G37-H37-1) -> 32 | O37: =G37-N37 -> 0 | P37: =INDEX(Dim_Product!$G$2:$G$4,MATCH(F37,Dim_Product!$A$2:$A$4,0))+-0.07 -> 69.93 | Q37: =IF(AND(P37>=INDEX(Dim_Product!$G$2:$G$4,MATCH(F37,Dim_Product!$A$2:$A$4,0))-INDEX(Dim_Product!$H$2:$H$4,MATCH(F37,Dim_Product!$A$2:$A$4,0)),P37<=INDEX(Dim_Product!$G$2:$G$4,MATCH(F37,Dim_Product!$A$2:$A$4,0))+INDEX(Dim_Product!$H$2:$H$4,MATCH(F37,Dim_Product!$A$2:$A$4,0))),G37-H37,G37-H37-1) -> 32 | R37: =G37-Q37 -> 0 | S37: =INDEX(Dim_Product!$K$2:$K$4,MATCH(F37,Dim_Product!$A$2:$A$4,0))+0.05 -> 120.05 | T37: =IF(AND(S37>=INDEX(Dim_Product!$K$2:$K$4,MATCH(F37,Dim_Product!$A$2:$A$4,0))-INDEX(Dim_Product!$L$2:$L$4,MATCH(F37,Dim_Product!$A$2:$A$4,0)),S37<=INDEX(Dim_Product!$K$2:$K$4,MATCH(F37,Dim_Product!$A$2:$A$4,0))+INDEX(Dim_Product!$L$2:$L$4,MATCH(F37,Dim_Product!$A$2:$A$4,0))),G37-H37,G37-H37-1) -> 32 | U37: =G37-T37 -> 0 | V37: =IFERROR(H37/G37,0) -> 0 | W37: =1-V37 -> 1
A38: QS-37 | B38: =Fact_Production_Hourly!B38 -> 20260701 | C38: =Fact_Production_Hourly!C38 -> 5 | D38: =Fact_Production_Hourly!D38 -> M2 | E38: =Fact_Production_Hourly!E38 -> B-PM | F38: =Fact_Production_Hourly!F38 -> C | G38: =INDEX(Dim_Machine!$D$2:$D$8,MATCH(D38,Dim_Machine!$A$2:$A$8,0))*2 -> 48 | H38: =ROUND(G38*0.0257,0) -> 1 | I38: =ROUND(H38*0.15,0) -> 0 | J38: =ROUND(H38*0.45,0) -> 0 | K38: =MAX(H38-I38-J38,0) -> 1 | L38: D03 | M38: =INDEX(Dim_Product!$C$2:$C$4,MATCH(F38,Dim_Product!$A$2:$A$4,0))+0.41 -> 200.41 | N38: =IF(AND(M38>=INDEX(Dim_Product!$C$2:$C$4,MATCH(F38,Dim_Product!$A$2:$A$4,0))-INDEX(Dim_Product!$D$2:$D$4,MATCH(F38,Dim_Product!$A$2:$A$4,0)),M38<=INDEX(Dim_Product!$C$2:$C$4,MATCH(F38,Dim_Product!$A$2:$A$4,0))+INDEX(Dim_Product!$D$2:$D$4,MATCH(F38,Dim_Product!$A$2:$A$4,0))),G38-H38,G38-H38-1) -> 47 | O38: =G38-N38 -> 1 | P38: =INDEX(Dim_Product!$G$2:$G$4,MATCH(F38,Dim_Product!$A$2:$A$4,0))+-0.17 -> 64.83 | Q38: =IF(AND(P38>=INDEX(Dim_Product!$G$2:$G$4,MATCH(F38,Dim_Product!$A$2:$A$4,0))-INDEX(Dim_Product!$H$2:$H$4,MATCH(F38,Dim_Product!$A$2:$A$4,0)),P38<=INDEX(Dim_Product!$G$2:$G$4,MATCH(F38,Dim_Product!$A$2:$A$4,0))+INDEX(Dim_Product!$H$2:$H$4,MATCH(F38,Dim_Product!$A$2:$A$4,0))),G38-H38,G38-H38-1) -> 47 | R38: =G38-Q38 -> 1 | S38: =INDEX(Dim_Product!$K$2:$K$4,MATCH(F38,Dim_Product!$A$2:$A$4,0))+0.09 -> 110.09 | T38: =IF(AND(S38>=INDEX(Dim_Product!$K$2:$K$4,MATCH(F38,Dim_Product!$A$2:$A$4,0))-INDEX(Dim_Product!$L$2:$L$4,MATCH(F38,Dim_Product!$A$2:$A$4,0)),S38<=INDEX(Dim_Product!$K$2:$K$4,MATCH(F38,Dim_Product!$A$2:$A$4,0))+INDEX(Dim_Product!$L$2:$L$4,MATCH(F38,Dim_Product!$A$2:$A$4,0))),G38-H38,G38-H38-1) -> 47 | U38: =G38-T38 -> 1 | V38: =IFERROR(H38/G38,0) -> 0.020833333 | W38: =1-V38 -> 0.97916667
A39: QS-38 | B39: =Fact_Production_Hourly!B39 -> 20260701 | C39: =Fact_Production_Hourly!C39 -> 5 | D39: =Fact_Production_Hourly!D39 -> M3 | E39: =Fact_Production_Hourly!E39 -> B-PM | F39: =Fact_Production_Hourly!F39 -> A | G39: =INDEX(Dim_Machine!$D$2:$D$8,MATCH(D39,Dim_Machine!$A$2:$A$8,0))*2 -> 24 | H39: =ROUND(G39*0.0516,0) -> 1 | I39: =ROUND(H39*0.15,0) -> 0 | J39: =ROUND(H39*0.45,0) -> 0 | K39: =MAX(H39-I39-J39,0) -> 1 | L39: D04 | M39: =INDEX(Dim_Product!$C$2:$C$4,MATCH(F39,Dim_Product!$A$2:$A$4,0))+-0.6 -> 249.4 | N39: =IF(AND(M39>=INDEX(Dim_Product!$C$2:$C$4,MATCH(F39,Dim_Product!$A$2:$A$4,0))-INDEX(Dim_Product!$D$2:$D$4,MATCH(F39,Dim_Product!$A$2:$A$4,0)),M39<=INDEX(Dim_Product!$C$2:$C$4,MATCH(F39,Dim_Product!$A$2:$A$4,0))+INDEX(Dim_Product!$D$2:$D$4,MATCH(F39,Dim_Product!$A$2:$A$4,0))),G39-H39,G39-H39-1) -> 23 | O39: =G39-N39 -> 1 | P39: =INDEX(Dim_Product!$G$2:$G$4,MATCH(F39,Dim_Product!$A$2:$A$4,0))+-0.22 -> 69.78 | Q39: =IF(AND(P39>=INDEX(Dim_Product!$G$2:$G$4,MATCH(F39,Dim_Product!$A$2:$A$4,0))-INDEX(Dim_Product!$H$2:$H$4,MATCH(F39,Dim_Product!$A$2:$A$4,0)),P39<=INDEX(Dim_Product!$G$2:$G$4,MATCH(F39,Dim_Product!$A$2:$A$4,0))+INDEX(Dim_Product!$H$2:$H$4,MATCH(F39,Dim_Product!$A$2:$A$4,0))),G39-H39,G39-H39-1) -> 23 | R39: =G39-Q39 -> 1 | S39: =INDEX(Dim_Product!$K$2:$K$4,MATCH(F39,Dim_Product!$A$2:$A$4,0))+-0.34 -> 119.66 | T39: =IF(AND(S39>=INDEX(Dim_Product!$K$2:$K$4,MATCH(F39,Dim_Product!$A$2:$A$4,0))-INDEX(Dim_Product!$L$2:$L$4,MATCH(F39,Dim_Product!$A$2:$A$4,0)),S39<=INDEX(Dim_Product!$K$2:$K$4,MATCH(F39,Dim_Product!$A$2:$A$4,0))+INDEX(Dim_Product!$L$2:$L$4,MATCH(F39,Dim_Product!$A$2:$A$4,0))),G39-H39,G39-H39-1) -> 23 | U39: =G39-T39 -> 1 | V39: =IFERROR(H39/G39,0) -> 0.041666667 | W39: =1-V39 -> 0.95833333
A40: QS-39 | B40: =Fact_Production_Hourly!B40 -> 20260701 | C40: =Fact_Production_Hourly!C40 -> 5 | D40: =Fact_Production_Hourly!D40 -> M4 | E40: =Fact_Production_Hourly!E40 -> B-PM | F40: =Fact_Production_Hourly!F40 -> A | G40: =INDEX(Dim_Machine!$D$2:$D$8,MATCH(D40,Dim_Machine!$A$2:$A$8,0))*2 -> 48 | H40: =ROUND(G40*0.0204,0) -> 1 | I40: =ROUND(H40*0.15,0) -> 0 | J40: =ROUND(H40*0.45,0) -> 0 | K40: =MAX(H40-I40-J40,0) -> 1 | L40: D06 | M40: =INDEX(Dim_Product!$C$2:$C$4,MATCH(F40,Dim_Product!$A$2:$A$4,0))+-0.11 -> 249.89 | N40: =IF(AND(M40>=INDEX(Dim_Product!$C$2:$C$4,MATCH(F40,Dim_Product!$A$2:$A$4,0))-INDEX(Dim_Product!$D$2:$D$4,MATCH(F40,Dim_Product!$A$2:$A$4,0)),M40<=INDEX(Dim_Product!$C$2:$C$4,MATCH(F40,Dim_Product!$A$2:$A$4,0))+INDEX(Dim_Product!$D$2:$D$4,MATCH(F40,Dim_Product!$A$2:$A$4,0))),G40-H40,G40-H40-1) -> 47 | O40: =G40-N40 -> 1 | P40: =INDEX(Dim_Product!$G$2:$G$4,MATCH(F40,Dim_Product!$A$2:$A$4,0))+-0.25 -> 69.75 | Q40: =IF(AND(P40>=INDEX(Dim_Product!$G$2:$G$4,MATCH(F40,Dim_Product!$A$2:$A$4,0))-INDEX(Dim_Product!$H$2:$H$4,MATCH(F40,Dim_Product!$A$2:$A$4,0)),P40<=INDEX(Dim_Product!$G$2:$G$4,MATCH(F40,Dim_Product!$A$2:$A$4,0))+INDEX(Dim_Product!$H$2:$H$4,MATCH(F40,Dim_Product!$A$2:$A$4,0))),G40-H40,G40-H40-1) -> 47 | R40: =G40-Q40 -> 1 | S40: =INDEX(Dim_Product!$K$2:$K$4,MATCH(F40,Dim_Product!$A$2:$A$4,0))+0.15 -> 120.15 | T40: =IF(AND(S40>=INDEX(Dim_Product!$K$2:$K$4,MATCH(F40,Dim_Product!$A$2:$A$4,0))-INDEX(Dim_Product!$L$2:$L$4,MATCH(F40,Dim_Product!$A$2:$A$4,0)),S40<=INDEX(Dim_Product!$K$2:$K$4,MATCH(F40,Dim_Product!$A$2:$A$4,0))+INDEX(Dim_Product!$L$2:$L$4,MATCH(F40,Dim_Product!$A$2:$A$4,0))),G40-H40,G40-H40-1) -> 47 | U40: =G40-T40 -> 1 | V40: =IFERROR(H40/G40,0) -> 0.020833333 | W40: =1-V40 -> 0.97916667
A41: QS-40 | B41: =Fact_Production_Hourly!B41 -> 20260701 | C41: =Fact_Production_Hourly!C41 -> 5 | D41: =Fact_Production_Hourly!D41 -> M5 | E41: =Fact_Production_Hourly!E41 -> B-PM | F41: =Fact_Production_Hourly!F41 -> A | G41: =INDEX(Dim_Machine!$D$2:$D$8,MATCH(D41,Dim_Machine!$A$2:$A$8,0))*2 -> 32 | H41: =ROUND(G41*0.0607,0) -> 2 | I41: =ROUND(H41*0.15,0) -> 0 | J41: =ROUND(H41*0.45,0) -> 1 | K41: =MAX(H41-I41-J41,0) -> 1 | L41: D03 | M41: =INDEX(Dim_Product!$C$2:$C$4,MATCH(F41,Dim_Product!$A$2:$A$4,0))+0.34 -> 250.34 | N41: =IF(AND(M41>=INDEX(Dim_Product!$C$2:$C$4,MATCH(F41,Dim_Product!$A$2:$A$4,0))-INDEX(Dim_Product!$D$2:$D$4,MATCH(F41,Dim_Product!$A$2:$A$4,0)),M41<=INDEX(Dim_Product!$C$2:$C$4,MATCH(F41,Dim_Product!$A$2:$A$4,0))+INDEX(Dim_Product!$D$2:$D$4,MATCH(F41,Dim_Product!$A$2:$A$4,0))),G41-H41,G41-H41-1) -> 30 | O41: =G41-N41 -> 2 | P41: =INDEX(Dim_Product!$G$2:$G$4,MATCH(F41,Dim_Product!$A$2:$A$4,0))+0.13 -> 70.13 | Q41: =IF(AND(P41>=INDEX(Dim_Product!$G$2:$G$4,MATCH(F41,Dim_Product!$A$2:$A$4,0))-INDEX(Dim_Product!$H$2:$H$4,MATCH(F41,Dim_Product!$A$2:$A$4,0)),P41<=INDEX(Dim_Product!$G$2:$G$4,MATCH(F41,Dim_Product!$A$2:$A$4,0))+INDEX(Dim_Product!$H$2:$H$4,MATCH(F41,Dim_Product!$A$2:$A$4,0))),G41-H41,G41-H41-1) -> 30 | R41: =G41-Q41 -> 2 | S41: =INDEX(Dim_Product!$K$2:$K$4,MATCH(F41,Dim_Product!$A$2:$A$4,0))+0.04 -> 120.04 | T41: =IF(AND(S41>=INDEX(Dim_Product!$K$2:$K$4,MATCH(F41,Dim_Product!$A$2:$A$4,0))-INDEX(Dim_Product!$L$2:$L$4,MATCH(F41,Dim_Product!$A$2:$A$4,0)),S41<=INDEX(Dim_Product!$K$2:$K$4,MATCH(F41,Dim_Product!$A$2:$A$4,0))+INDEX(Dim_Product!$L$2:$L$4,MATCH(F41,Dim_Product!$A$2:$A$4,0))),G41-H41,G41-H41-1) -> 30 | U41: =G41-T41 -> 2 | V41: =IFERROR(H41/G41,0) -> 0.0625 | W41: =1-V41 -> 0.9375
A42: QS-41 | B42: =Fact_Production_Hourly!B42 -> 20260701 | C42: =Fact_Production_Hourly!C42 -> 5 | D42: =Fact_Production_Hourly!D42 -> M6 | E42: =Fact_Production_Hourly!E42 -> B-PM | F42: =Fact_Production_Hourly!F42 -> C | G42: =INDEX(Dim_Machine!$D$2:$D$8,MATCH(D42,Dim_Machine!$A$2:$A$8,0))*2 -> 24 | H42: =ROUND(G42*0.0274,0) -> 1 | I42: =ROUND(H42*0.15,0) -> 0 | J42: =ROUND(H42*0.45,0) -> 0 | K42: =MAX(H42-I42-J42,0) -> 1 | L42: D03 | M42: =INDEX(Dim_Product!$C$2:$C$4,MATCH(F42,Dim_Product!$A$2:$A$4,0))+0.7 -> 200.7 | N42: =IF(AND(M42>=INDEX(Dim_Product!$C$2:$C$4,MATCH(F42,Dim_Product!$A$2:$A$4,0))-INDEX(Dim_Product!$D$2:$D$4,MATCH(F42,Dim_Product!$A$2:$A$4,0)),M42<=INDEX(Dim_Product!$C$2:$C$4,MATCH(F42,Dim_Product!$A$2:$A$4,0))+INDEX(Dim_Product!$D$2:$D$4,MATCH(F42,Dim_Product!$A$2:$A$4,0))),G42-H42,G42-H42-1) -> 23 | O42: =G42-N42 -> 1 | P42: =INDEX(Dim_Product!$G$2:$G$4,MATCH(F42,Dim_Product!$A$2:$A$4,0))+0.13 -> 65.13 | Q42: =IF(AND(P42>=INDEX(Dim_Product!$G$2:$G$4,MATCH(F42,Dim_Product!$A$2:$A$4,0))-INDEX(Dim_Product!$H$2:$H$4,MATCH(F42,Dim_Product!$A$2:$A$4,0)),P42<=INDEX(Dim_Product!$G$2:$G$4,MATCH(F42,Dim_Product!$A$2:$A$4,0))+INDEX(Dim_Product!$H$2:$H$4,MATCH(F42,Dim_Product!$A$2:$A$4,0))),G42-H42,G42-H42-1) -> 23 | R42: =G42-Q42 -> 1 | S42: =INDEX(Dim_Product!$K$2:$K$4,MATCH(F42,Dim_Product!$A$2:$A$4,0))+0.34 -> 110.34 | T42: =IF(AND(S42>=INDEX(Dim_Product!$K$2:$K$4,MATCH(F42,Dim_Product!$A$2:$A$4,0))-INDEX(Dim_Product!$L$2:$L$4,MATCH(F42,Dim_Product!$A$2:$A$4,0)),S42<=INDEX(Dim_Product!$K$2:$K$4,MATCH(F42,Dim_Product!$A$2:$A$4,0))+INDEX(Dim_Product!$L$2:$L$4,MATCH(F42,Dim_Product!$A$2:$A$4,0))),G42-H42,G42-H42-1) -> 23 | U42: =G42-T42 -> 1 | V42: =IFERROR(H42/G42,0) -> 0.041666667 | W42: =1-V42 -> 0.95833333
A43: QS-42 | B43: =Fact_Production_Hourly!B43 -> 20260701 | C43: =Fact_Production_Hourly!C43 -> 5 | D43: =Fact_Production_Hourly!D43 -> M7 | E43: =Fact_Production_Hourly!E43 -> B-PM | F43: =Fact_Production_Hourly!F43 -> A | G43: =INDEX(Dim_Machine!$D$2:$D$8,MATCH(D43,Dim_Machine!$A$2:$A$8,0))*2 -> 48 | H43: =ROUND(G43*0.0483,0) -> 2 | I43: =ROUND(H43*0.15,0) -> 0 | J43: =ROUND(H43*0.45,0) -> 1 | K43: =MAX(H43-I43-J43,0) -> 1 | L43: D03 | M43: =INDEX(Dim_Product!$C$2:$C$4,MATCH(F43,Dim_Product!$A$2:$A$4,0))+0.02 -> 250.02 | N43: =IF(AND(M43>=INDEX(Dim_Product!$C$2:$C$4,MATCH(F43,Dim_Product!$A$2:$A$4,0))-INDEX(Dim_Product!$D$2:$D$4,MATCH(F43,Dim_Product!$A$2:$A$4,0)),M43<=INDEX(Dim_Product!$C$2:$C$4,MATCH(F43,Dim_Product!$A$2:$A$4,0))+INDEX(Dim_Product!$D$2:$D$4,MATCH(F43,Dim_Product!$A$2:$A$4,0))),G43-H43,G43-H43-1) -> 46 | O43: =G43-N43 -> 2 | P43: =INDEX(Dim_Product!$G$2:$G$4,MATCH(F43,Dim_Product!$A$2:$A$4,0))+-0.23 -> 69.77 | Q43: =IF(AND(P43>=INDEX(Dim_Product!$G$2:$G$4,MATCH(F43,Dim_Product!$A$2:$A$4,0))-INDEX(Dim_Product!$H$2:$H$4,MATCH(F43,Dim_Product!$A$2:$A$4,0)),P43<=INDEX(Dim_Product!$G$2:$G$4,MATCH(F43,Dim_Product!$A$2:$A$4,0))+INDEX(Dim_Product!$H$2:$H$4,MATCH(F43,Dim_Product!$A$2:$A$4,0))),G43-H43,G43-H43-1) -> 46 | R43: =G43-Q43 -> 2 | S43: =INDEX(Dim_Product!$K$2:$K$4,MATCH(F43,Dim_Product!$A$2:$A$4,0))+-0.24 -> 119.76 | T43: =IF(AND(S43>=INDEX(Dim_Product!$K$2:$K$4,MATCH(F43,Dim_Product!$A$2:$A$4,0))-INDEX(Dim_Product!$L$2:$L$4,MATCH(F43,Dim_Product!$A$2:$A$4,0)),S43<=INDEX(Dim_Product!$K$2:$K$4,MATCH(F43,Dim_Product!$A$2:$A$4,0))+INDEX(Dim_Product!$L$2:$L$4,MATCH(F43,Dim_Product!$A$2:$A$4,0))),G43-H43,G43-H43-1) -> 46 | U43: =G43-T43 -> 2 | V43: =IFERROR(H43/G43,0) -> 0.041666667 | W43: =1-V43 -> 0.95833333
A44: QS-43 | B44: =Fact_Production_Hourly!B44 -> 20260701 | C44: =Fact_Production_Hourly!C44 -> 6 | D44: =Fact_Production_Hourly!D44 -> M1 | E44: =Fact_Production_Hourly!E44 -> A-AM | F44: =Fact_Production_Hourly!F44 -> C | G44: =INDEX(Dim_Machine!$D$2:$D$8,MATCH(D44,Dim_Machine!$A$2:$A$8,0))*2 -> 32 | H44: =ROUND(G44*0.0183,0) -> 1 | I44: =ROUND(H44*0.15,0) -> 0 | J44: =ROUND(H44*0.45,0) -> 0 | K44: =MAX(H44-I44-J44,0) -> 1 | L44: D04 | M44: =INDEX(Dim_Product!$C$2:$C$4,MATCH(F44,Dim_Product!$A$2:$A$4,0))+-0.95 -> 199.05 | N44: =IF(AND(M44>=INDEX(Dim_Product!$C$2:$C$4,MATCH(F44,Dim_Product!$A$2:$A$4,0))-INDEX(Dim_Product!$D$2:$D$4,MATCH(F44,Dim_Product!$A$2:$A$4,0)),M44<=INDEX(Dim_Product!$C$2:$C$4,MATCH(F44,Dim_Product!$A$2:$A$4,0))+INDEX(Dim_Product!$D$2:$D$4,MATCH(F44,Dim_Product!$A$2:$A$4,0))),G44-H44,G44-H44-1) -> 31 | O44: =G44-N44 -> 1 | P44: =INDEX(Dim_Product!$G$2:$G$4,MATCH(F44,Dim_Product!$A$2:$A$4,0))+0.03 -> 65.03 | Q44: =IF(AND(P44>=INDEX(Dim_Product!$G$2:$G$4,MATCH(F44,Dim_Product!$A$2:$A$4,0))-INDEX(Dim_Product!$H$2:$H$4,MATCH(F44,Dim_Product!$A$2:$A$4,0)),P44<=INDEX(Dim_Product!$G$2:$G$4,MATCH(F44,Dim_Product!$A$2:$A$4,0))+INDEX(Dim_Product!$H$2:$H$4,MATCH(F44,Dim_Product!$A$2:$A$4,0))),G44-H44,G44-H44-1) -> 31 | R44: =G44-Q44 -> 1 | S44: =INDEX(Dim_Product!$K$2:$K$4,MATCH(F44,Dim_Product!$A$2:$A$4,0))+-0.1 -> 109.9 | T44: =IF(AND(S44>=INDEX(Dim_Product!$K$2:$K$4,MATCH(F44,Dim_Product!$A$2:$A$4,0))-INDEX(Dim_Product!$L$2:$L$4,MATCH(F44,Dim_Product!$A$2:$A$4,0)),S44<=INDEX(Dim_Product!$K$2:$K$4,MATCH(F44,Dim_Product!$A$2:$A$4,0))+INDEX(Dim_Product!$L$2:$L$4,MATCH(F44,Dim_Product!$A$2:$A$4,0))),G44-H44,G44-H44-1) -> 31 | U44: =G44-T44 -> 1 | V44: =IFERROR(H44/G44,0) -> 0.03125 | W44: =1-V44 -> 0.96875
A45: QS-44 | B45: =Fact_Production_Hourly!B45 -> 20260701 | C45: =Fact_Production_Hourly!C45 -> 6 | D45: =Fact_Production_Hourly!D45 -> M2 | E45: =Fact_Production_Hourly!E45 -> A-AM | F45: =Fact_Production_Hourly!F45 -> A | G45: =INDEX(Dim_Machine!$D$2:$D$8,MATCH(D45,Dim_Machine!$A$2:$A$8,0))*2 -> 48 | H45: =ROUND(G45*0.0582,0) -> 3 | I45: =ROUND(H45*0.15,0) -> 0 | J45: =ROUND(H45*0.45,0) -> 1 | K45: =MAX(H45-I45-J45,0) -> 2 | L45: D05 | M45: =INDEX(Dim_Product!$C$2:$C$4,MATCH(F45,Dim_Product!$A$2:$A$4,0))+-0.74 -> 249.26 | N45: =IF(AND(M45>=INDEX(Dim_Product!$C$2:$C$4,MATCH(F45,Dim_Product!$A$2:$A$4,0))-INDEX(Dim_Product!$D$2:$D$4,MATCH(F45,Dim_Product!$A$2:$A$4,0)),M45<=INDEX(Dim_Product!$C$2:$C$4,MATCH(F45,Dim_Product!$A$2:$A$4,0))+INDEX(Dim_Product!$D$2:$D$4,MATCH(F45,Dim_Product!$A$2:$A$4,0))),G45-H45,G45-H45-1) -> 45 | O45: =G45-N45 -> 3 | P45: =INDEX(Dim_Product!$G$2:$G$4,MATCH(F45,Dim_Product!$A$2:$A$4,0))+0.23 -> 70.23 | Q45: =IF(AND(P45>=INDEX(Dim_Product!$G$2:$G$4,MATCH(F45,Dim_Product!$A$2:$A$4,0))-INDEX(Dim_Product!$H$2:$H$4,MATCH(F45,Dim_Product!$A$2:$A$4,0)),P45<=INDEX(Dim_Product!$G$2:$G$4,MATCH(F45,Dim_Product!$A$2:$A$4,0))+INDEX(Dim_Product!$H$2:$H$4,MATCH(F45,Dim_Product!$A$2:$A$4,0))),G45-H45,G45-H45-1) -> 45 | R45: =G45-Q45 -> 3 | S45: =INDEX(Dim_Product!$K$2:$K$4,MATCH(F45,Dim_Product!$A$2:$A$4,0))+-0.35 -> 119.65 | T45: =IF(AND(S45>=INDEX(Dim_Product!$K$2:$K$4,MATCH(F45,Dim_Product!$A$2:$A$4,0))-INDEX(Dim_Product!$L$2:$L$4,MATCH(F45,Dim_Product!$A$2:$A$4,0)),S45<=INDEX(Dim_Product!$K$2:$K$4,MATCH(F45,Dim_Product!$A$2:$A$4,0))+INDEX(Dim_Product!$L$2:$L$4,MATCH(F45,Dim_Product!$A$2:$A$4,0))),G45-H45,G45-H45-1) -> 45 | U45: =G45-T45 -> 3 | V45: =IFERROR(H45/G45,0) -> 0.0625 | W45: =1-V45 -> 0.9375
A46: QS-45 | B46: =Fact_Production_Hourly!B46 -> 20260701 | C46: =Fact_Production_Hourly!C46 -> 6 | D46: =Fact_Production_Hourly!D46 -> M3 | E46: =Fact_Production_Hourly!E46 -> A-AM | F46: =Fact_Production_Hourly!F46 -> B | G46: =INDEX(Dim_Machine!$D$2:$D$8,MATCH(D46,Dim_Machine!$A$2:$A$8,0))*2 -> 24 | H46: =ROUND(G46*0.0339,0) -> 1 | I46: =ROUND(H46*0.15,0) -> 0 | J46: =ROUND(H46*0.45,0) -> 0 | K46: =MAX(H46-I46-J46,0) -> 1 | L46: D06 | M46: =INDEX(Dim_Product!$C$2:$C$4,MATCH(F46,Dim_Product!$A$2:$A$4,0))+0.44 -> 300.44 | N46: =IF(AND(M46>=INDEX(Dim_Product!$C$2:$C$4,MATCH(F46,Dim_Product!$A$2:$A$4,0))-INDEX(Dim_Product!$D$2:$D$4,MATCH(F46,Dim_Product!$A$2:$A$4,0)),M46<=INDEX(Dim_Product!$C$2:$C$4,MATCH(F46,Dim_Product!$A$2:$A$4,0))+INDEX(Dim_Product!$D$2:$D$4,MATCH(F46,Dim_Product!$A$2:$A$4,0))),G46-H46,G46-H46-1) -> 23 | O46: =G46-N46 -> 1 | P46: =INDEX(Dim_Product!$G$2:$G$4,MATCH(F46,Dim_Product!$A$2:$A$4,0))+0.02 -> 75.02 | Q46: =IF(AND(P46>=INDEX(Dim_Product!$G$2:$G$4,MATCH(F46,Dim_Product!$A$2:$A$4,0))-INDEX(Dim_Product!$H$2:$H$4,MATCH(F46,Dim_Product!$A$2:$A$4,0)),P46<=INDEX(Dim_Product!$G$2:$G$4,MATCH(F46,Dim_Product!$A$2:$A$4,0))+INDEX(Dim_Product!$H$2:$H$4,MATCH(F46,Dim_Product!$A$2:$A$4,0))),G46-H46,G46-H46-1) -> 23 | R46: =G46-Q46 -> 1 | S46: =INDEX(Dim_Product!$K$2:$K$4,MATCH(F46,Dim_Product!$A$2:$A$4,0))+0.22 -> 130.22 | T46: =IF(AND(S46>=INDEX(Dim_Product!$K$2:$K$4,MATCH(F46,Dim_Product!$A$2:$A$4,0))-INDEX(Dim_Product!$L$2:$L$4,MATCH(F46,Dim_Product!$A$2:$A$4,0)),S46<=INDEX(Dim_Product!$K$2:$K$4,MATCH(F46,Dim_Product!$A$2:$A$4,0))+INDEX(Dim_Product!$L$2:$L$4,MATCH(F46,Dim_Product!$A$2:$A$4,0))),G46-H46,G46-H46-1) -> 23 | U46: =G46-T46 -> 1 | V46: =IFERROR(H46/G46,0) -> 0.041666667 | W46: =1-V46 -> 0.95833333
A47: QS-46 | B47: =Fact_Production_Hourly!B47 -> 20260701 | C47: =Fact_Production_Hourly!C47 -> 6 | D47: =Fact_Production_Hourly!D47 -> M4 | E47: =Fact_Production_Hourly!E47 -> A-AM | F47: =Fact_Production_Hourly!F47 -> A | G47: =INDEX(Dim_Machine!$D$2:$D$8,MATCH(D47,Dim_Machine!$A$2:$A$8,0))*2 -> 48 | H47: =ROUND(G47*0.0594,0) -> 3 | I47: =ROUND(H47*0.15,0) -> 0 | J47: =ROUND(H47*0.45,0) -> 1 | K47: =MAX(H47-I47-J47,0) -> 2 | L47: D01 | M47: =INDEX(Dim_Product!$C$2:$C$4,MATCH(F47,Dim_Product!$A$2:$A$4,0))+-0.75 -> 249.25 | N47: =IF(AND(M47>=INDEX(Dim_Product!$C$2:$C$4,MATCH(F47,Dim_Product!$A$2:$A$4,0))-INDEX(Dim_Product!$D$2:$D$4,MATCH(F47,Dim_Product!$A$2:$A$4,0)),M47<=INDEX(Dim_Product!$C$2:$C$4,MATCH(F47,Dim_Product!$A$2:$A$4,0))+INDEX(Dim_Product!$D$2:$D$4,MATCH(F47,Dim_Product!$A$2:$A$4,0))),G47-H47,G47-H47-1) -> 45 | O47: =G47-N47 -> 3 | P47: =INDEX(Dim_Product!$G$2:$G$4,MATCH(F47,Dim_Product!$A$2:$A$4,0))+-0.11 -> 69.89 | Q47: =IF(AND(P47>=INDEX(Dim_Product!$G$2:$G$4,MATCH(F47,Dim_Product!$A$2:$A$4,0))-INDEX(Dim_Product!$H$2:$H$4,MATCH(F47,Dim_Product!$A$2:$A$4,0)),P47<=INDEX(Dim_Product!$G$2:$G$4,MATCH(F47,Dim_Product!$A$2:$A$4,0))+INDEX(Dim_Product!$H$2:$H$4,MATCH(F47,Dim_Product!$A$2:$A$4,0))),G47-H47,G47-H47-1) -> 45 | R47: =G47-Q47 -> 3 | S47: =INDEX(Dim_Product!$K$2:$K$4,MATCH(F47,Dim_Product!$A$2:$A$4,0))+-0.34 -> 119.66 | T47: =IF(AND(S47>=INDEX(Dim_Product!$K$2:$K$4,MATCH(F47,Dim_Product!$A$2:$A$4,0))-INDEX(Dim_Product!$L$2:$L$4,MATCH(F47,Dim_Product!$A$2:$A$4,0)),S47<=INDEX(Dim_Product!$K$2:$K$4,MATCH(F47,Dim_Product!$A$2:$A$4,0))+INDEX(Dim_Product!$L$2:$L$4,MATCH(F47,Dim_Product!$A$2:$A$4,0))),G47-H47,G47-H47-1) -> 45 | U47: =G47-T47 -> 3 | V47: =IFERROR(H47/G47,0) -> 0.0625 | W47: =1-V47 -> 0.9375
A48: QS-47 | B48: =Fact_Production_Hourly!B48 -> 20260701 | C48: =Fact_Production_Hourly!C48 -> 6 | D48: =Fact_Production_Hourly!D48 -> M5 | E48: =Fact_Production_Hourly!E48 -> A-AM | F48: =Fact_Production_Hourly!F48 -> C | G48: =INDEX(Dim_Machine!$D$2:$D$8,MATCH(D48,Dim_Machine!$A$2:$A$8,0))*2 -> 32 | H48: =ROUND(G48*0.0379,0) -> 1 | I48: =ROUND(H48*0.15,0) -> 0 | J48: =ROUND(H48*0.45,0) -> 0 | K48: =MAX(H48-I48-J48,0) -> 1 | L48: D05 | M48: =INDEX(Dim_Product!$C$2:$C$4,MATCH(F48,Dim_Product!$A$2:$A$4,0))+-0.31 -> 199.69 | N48: =IF(AND(M48>=INDEX(Dim_Product!$C$2:$C$4,MATCH(F48,Dim_Product!$A$2:$A$4,0))-INDEX(Dim_Product!$D$2:$D$4,MATCH(F48,Dim_Product!$A$2:$A$4,0)),M48<=INDEX(Dim_Product!$C$2:$C$4,MATCH(F48,Dim_Product!$A$2:$A$4,0))+INDEX(Dim_Product!$D$2:$D$4,MATCH(F48,Dim_Product!$A$2:$A$4,0))),G48-H48,G48-H48-1) -> 31 | O48: =G48-N48 -> 1 | P48: =INDEX(Dim_Product!$G$2:$G$4,MATCH(F48,Dim_Product!$A$2:$A$4,0))+0.23 -> 65.23 | Q48: =IF(AND(P48>=INDEX(Dim_Product!$G$2:$G$4,MATCH(F48,Dim_Product!$A$2:$A$4,0))-INDEX(Dim_Product!$H$2:$H$4,MATCH(F48,Dim_Product!$A$2:$A$4,0)),P48<=INDEX(Dim_Product!$G$2:$G$4,MATCH(F48,Dim_Product!$A$2:$A$4,0))+INDEX(Dim_Product!$H$2:$H$4,MATCH(F48,Dim_Product!$A$2:$A$4,0))),G48-H48,G48-H48-1) -> 31 | R48: =G48-Q48 -> 1 | S48: =INDEX(Dim_Product!$K$2:$K$4,MATCH(F48,Dim_Product!$A$2:$A$4,0))+0.22 -> 110.22 | T48: =IF(AND(S48>=INDEX(Dim_Product!$K$2:$K$4,MATCH(F48,Dim_Product!$A$2:$A$4,0))-INDEX(Dim_Product!$L$2:$L$4,MATCH(F48,Dim_Product!$A$2:$A$4,0)),S48<=INDEX(Dim_Product!$K$2:$K$4,MATCH(F48,Dim_Product!$A$2:$A$4,0))+INDEX(Dim_Product!$L$2:$L$4,MATCH(F48,Dim_Product!$A$2:$A$4,0))),G48-H48,G48-H48-1) -> 31 | U48: =G48-T48 -> 1 | V48: =IFERROR(H48/G48,0) -> 0.03125 | W48: =1-V48 -> 0.96875
A49: QS-48 | B49: =Fact_Production_Hourly!B49 -> 20260701 | C49: =Fact_Production_Hourly!C49 -> 6 | D49: =Fact_Production_Hourly!D49 -> M6 | E49: =Fact_Production_Hourly!E49 -> A-AM | F49: =Fact_Production_Hourly!F49 -> C | G49: =INDEX(Dim_Machine!$D$2:$D$8,MATCH(D49,Dim_Machine!$A$2:$A$8,0))*2 -> 24 | H49: =ROUND(G49*0.0484,0) -> 1 | I49: =ROUND(H49*0.15,0) -> 0 | J49: =ROUND(H49*0.45,0) -> 0 | K49: =MAX(H49-I49-J49,0) -> 1 | L49: D02 | M49: =INDEX(Dim_Product!$C$2:$C$4,MATCH(F49,Dim_Product!$A$2:$A$4,0))+0.54 -> 200.54 | N49: =IF(AND(M49>=INDEX(Dim_Product!$C$2:$C$4,MATCH(F49,Dim_Product!$A$2:$A$4,0))-INDEX(Dim_Product!$D$2:$D$4,MATCH(F49,Dim_Product!$A$2:$A$4,0)),M49<=INDEX(Dim_Product!$C$2:$C$4,MATCH(F49,Dim_Product!$A$2:$A$4,0))+INDEX(Dim_Product!$D$2:$D$4,MATCH(F49,Dim_Product!$A$2:$A$4,0))),G49-H49,G49-H49-1) -> 23 | O49: =G49-N49 -> 1 | P49: =INDEX(Dim_Product!$G$2:$G$4,MATCH(F49,Dim_Product!$A$2:$A$4,0))+-0.22 -> 64.78 | Q49: =IF(AND(P49>=INDEX(Dim_Product!$G$2:$G$4,MATCH(F49,Dim_Product!$A$2:$A$4,0))-INDEX(Dim_Product!$H$2:$H$4,MATCH(F49,Dim_Product!$A$2:$A$4,0)),P49<=INDEX(Dim_Product!$G$2:$G$4,MATCH(F49,Dim_Product!$A$2:$A$4,0))+INDEX(Dim_Product!$H$2:$H$4,MATCH(F49,Dim_Product!$A$2:$A$4,0))),G49-H49,G49-H49-1) -> 23 | R49: =G49-Q49 -> 1 | S49: =INDEX(Dim_Product!$K$2:$K$4,MATCH(F49,Dim_Product!$A$2:$A$4,0))+0 -> 110 | T49: =IF(AND(S49>=INDEX(Dim_Product!$K$2:$K$4,MATCH(F49,Dim_Product!$A$2:$A$4,0))-INDEX(Dim_Product!$L$2:$L$4,MATCH(F49,Dim_Product!$A$2:$A$4,0)),S49<=INDEX(Dim_Product!$K$2:$K$4,MATCH(F49,Dim_Product!$A$2:$A$4,0))+INDEX(Dim_Product!$L$2:$L$4,MATCH(F49,Dim_Product!$A$2:$A$4,0))),G49-H49,G49-H49-1) -> 23 | U49: =G49-T49 -> 1 | V49: =IFERROR(H49/G49,0) -> 0.041666667 | W49: =1-V49 -> 0.95833333
A50: QS-49 | B50: =Fact_Production_Hourly!B50 -> 20260701 | C50: =Fact_Production_Hourly!C50 -> 6 | D50: =Fact_Production_Hourly!D50 -> M7 | E50: =Fact_Production_Hourly!E50 -> A-AM | F50: =Fact_Production_Hourly!F50 -> C | G50: =INDEX(Dim_Machine!$D$2:$D$8,MATCH(D50,Dim_Machine!$A$2:$A$8,0))*2 -> 48 | H50: =ROUND(G50*0.0621,0) -> 3 | I50: =ROUND(H50*0.15,0) -> 0 | J50: =ROUND(H50*0.45,0) -> 1 | K50: =MAX(H50-I50-J50,0) -> 2 | L50: D01 | M50: =INDEX(Dim_Product!$C$2:$C$4,MATCH(F50,Dim_Product!$A$2:$A$4,0))+0.04 -> 200.04 | N50: =IF(AND(M50>=INDEX(Dim_Product!$C$2:$C$4,MATCH(F50,Dim_Product!$A$2:$A$4,0))-INDEX(Dim_Product!$D$2:$D$4,MATCH(F50,Dim_Product!$A$2:$A$4,0)),M50<=INDEX(Dim_Product!$C$2:$C$4,MATCH(F50,Dim_Product!$A$2:$A$4,0))+INDEX(Dim_Product!$D$2:$D$4,MATCH(F50,Dim_Product!$A$2:$A$4,0))),G50-H50,G50-H50-1) -> 45 | O50: =G50-N50 -> 3 | P50: =INDEX(Dim_Product!$G$2:$G$4,MATCH(F50,Dim_Product!$A$2:$A$4,0))+-0.12 -> 64.88 | Q50: =IF(AND(P50>=INDEX(Dim_Product!$G$2:$G$4,MATCH(F50,Dim_Product!$A$2:$A$4,0))-INDEX(Dim_Product!$H$2:$H$4,MATCH(F50,Dim_Product!$A$2:$A$4,0)),P50<=INDEX(Dim_Product!$G$2:$G$4,MATCH(F50,Dim_Product!$A$2:$A$4,0))+INDEX(Dim_Product!$H$2:$H$4,MATCH(F50,Dim_Product!$A$2:$A$4,0))),G50-H50,G50-H50-1) -> 45 | R50: =G50-Q50 -> 3 | S50: =INDEX(Dim_Product!$K$2:$K$4,MATCH(F50,Dim_Product!$A$2:$A$4,0))+-0.27 -> 109.73 | T50: =IF(AND(S50>=INDEX(Dim_Product!$K$2:$K$4,MATCH(F50,Dim_Product!$A$2:$A$4,0))-INDEX(Dim_Product!$L$2:$L$4,MATCH(F50,Dim_Product!$A$2:$A$4,0)),S50<=INDEX(Dim_Product!$K$2:$K$4,MATCH(F50,Dim_Product!$A$2:$A$4,0))+INDEX(Dim_Product!$L$2:$L$4,MATCH(F50,Dim_Product!$A$2:$A$4,0))),G50-H50,G50-H50-1) -> 45 | U50: =G50-T50 -> 3 | V50: =IFERROR(H50/G50,0) -> 0.0625 | W50: =1-V50 -> 0.9375
A51: QS-50 | B51: =Fact_Production_Hourly!B51 -> 20260701 | C51: =Fact_Production_Hourly!C51 -> 7 | D51: =Fact_Production_Hourly!D51 -> M1 | E51: =Fact_Production_Hourly!E51 -> A-AM | F51: =Fact_Production_Hourly!F51 -> C | G51: =INDEX(Dim_Machine!$D$2:$D$8,MATCH(D51,Dim_Machine!$A$2:$A$8,0))*2 -> 32 | H51: =ROUND(G51*0.0661,0) -> 2 | I51: =ROUND(H51*0.15,0) -> 0 | J51: =ROUND(H51*0.45,0) -> 1 | K51: =MAX(H51-I51-J51,0) -> 1 | L51: D02 | M51: =INDEX(Dim_Product!$C$2:$C$4,MATCH(F51,Dim_Product!$A$2:$A$4,0))+-0.31 -> 199.69 | N51: =IF(AND(M51>=INDEX(Dim_Product!$C$2:$C$4,MATCH(F51,Dim_Product!$A$2:$A$4,0))-INDEX(Dim_Product!$D$2:$D$4,MATCH(F51,Dim_Product!$A$2:$A$4,0)),M51<=INDEX(Dim_Product!$C$2:$C$4,MATCH(F51,Dim_Product!$A$2:$A$4,0))+INDEX(Dim_Product!$D$2:$D$4,MATCH(F51,Dim_Product!$A$2:$A$4,0))),G51-H51,G51-H51-1) -> 30 | O51: =G51-N51 -> 2 | P51: =INDEX(Dim_Product!$G$2:$G$4,MATCH(F51,Dim_Product!$A$2:$A$4,0))+0.26 -> 65.26 | Q51: =IF(AND(P51>=INDEX(Dim_Product!$G$2:$G$4,MATCH(F51,Dim_Product!$A$2:$A$4,0))-INDEX(Dim_Product!$H$2:$H$4,MATCH(F51,Dim_Product!$A$2:$A$4,0)),P51<=INDEX(Dim_Product!$G$2:$G$4,MATCH(F51,Dim_Product!$A$2:$A$4,0))+INDEX(Dim_Product!$H$2:$H$4,MATCH(F51,Dim_Product!$A$2:$A$4,0))),G51-H51,G51-H51-1) -> 30 | R51: =G51-Q51 -> 2 | S51: =INDEX(Dim_Product!$K$2:$K$4,MATCH(F51,Dim_Product!$A$2:$A$4,0))+0.32 -> 110.32 | T51: =IF(AND(S51>=INDEX(Dim_Product!$K$2:$K$4,MATCH(F51,Dim_Product!$A$2:$A$4,0))-INDEX(Dim_Product!$L$2:$L$4,MATCH(F51,Dim_Product!$A$2:$A$4,0)),S51<=INDEX(Dim_Product!$K$2:$K$4,MATCH(F51,Dim_Product!$A$2:$A$4,0))+INDEX(Dim_Product!$L$2:$L$4,MATCH(F51,Dim_Product!$A$2:$A$4,0))),G51-H51,G51-H51-1) -> 30 | U51: =G51-T51 -> 2 | V51: =IFERROR(H51/G51,0) -> 0.0625 | W51: =1-V51 -> 0.9375
A52: QS-51 | B52: =Fact_Production_Hourly!B52 -> 20260701 | C52: =Fact_Production_Hourly!C52 -> 7 | D52: =Fact_Production_Hourly!D52 -> M2 | E52: =Fact_Production_Hourly!E52 -> A-AM | F52: =Fact_Production_Hourly!F52 -> A | G52: =INDEX(Dim_Machine!$D$2:$D$8,MATCH(D52,Dim_Machine!$A$2:$A$8,0))*2 -> 48 | H52: =ROUND(G52*0.0608,0) -> 3 | I52: =ROUND(H52*0.15,0) -> 0 | J52: =ROUND(H52*0.45,0) -> 1 | K52: =MAX(H52-I52-J52,0) -> 2 | L52: D03 | M52: =INDEX(Dim_Product!$C$2:$C$4,MATCH(F52,Dim_Product!$A$2:$A$4,0))+-0.61 -> 249.39 | N52: =IF(AND(M52>=INDEX(Dim_Product!$C$2:$C$4,MATCH(F52,Dim_Product!$A$2:$A$4,0))-INDEX(Dim_Product!$D$2:$D$4,MATCH(F52,Dim_Product!$A$2:$A$4,0)),M52<=INDEX(Dim_Product!$C$2:$C$4,MATCH(F52,Dim_Product!$A$2:$A$4,0))+INDEX(Dim_Product!$D$2:$D$4,MATCH(F52,Dim_Product!$A$2:$A$4,0))),G52-H52,G52-H52-1) -> 45 | O52: =G52-N52 -> 3 | P52: =INDEX(Dim_Product!$G$2:$G$4,MATCH(F52,Dim_Product!$A$2:$A$4,0))+0.27 -> 70.27 | Q52: =IF(AND(P52>=INDEX(Dim_Product!$G$2:$G$4,MATCH(F52,Dim_Product!$A$2:$A$4,0))-INDEX(Dim_Product!$H$2:$H$4,MATCH(F52,Dim_Product!$A$2:$A$4,0)),P52<=INDEX(Dim_Product!$G$2:$G$4,MATCH(F52,Dim_Product!$A$2:$A$4,0))+INDEX(Dim_Product!$H$2:$H$4,MATCH(F52,Dim_Product!$A$2:$A$4,0))),G52-H52,G52-H52-1) -> 45 | R52: =G52-Q52 -> 3 | S52: =INDEX(Dim_Product!$K$2:$K$4,MATCH(F52,Dim_Product!$A$2:$A$4,0))+-0.18 -> 119.82 | T52: =IF(AND(S52>=INDEX(Dim_Product!$K$2:$K$4,MATCH(F52,Dim_Product!$A$2:$A$4,0))-INDEX(Dim_Product!$L$2:$L$4,MATCH(F52,Dim_Product!$A$2:$A$4,0)),S52<=INDEX(Dim_Product!$K$2:$K$4,MATCH(F52,Dim_Product!$A$2:$A$4,0))+INDEX(Dim_Product!$L$2:$L$4,MATCH(F52,Dim_Product!$A$2:$A$4,0))),G52-H52,G52-H52-1) -> 45 | U52: =G52-T52 -> 3 | V52: =IFERROR(H52/G52,0) -> 0.0625 | W52: =1-V52 -> 0.9375
A53: QS-52 | B53: =Fact_Production_Hourly!B53 -> 20260701 | C53: =Fact_Production_Hourly!C53 -> 7 | D53: =Fact_Production_Hourly!D53 -> M3 | E53: =Fact_Production_Hourly!E53 -> A-AM | F53: =Fact_Production_Hourly!F53 -> B | G53: =INDEX(Dim_Machine!$D$2:$D$8,MATCH(D53,Dim_Machine!$A$2:$A$8,0))*2 -> 24 | H53: =ROUND(G53*0.0475,0) -> 1 | I53: =ROUND(H53*0.15,0) -> 0 | J53: =ROUND(H53*0.45,0) -> 0 | K53: =MAX(H53-I53-J53,0) -> 1 | L53: D05 | M53: =INDEX(Dim_Product!$C$2:$C$4,MATCH(F53,Dim_Product!$A$2:$A$4,0))+0.07 -> 300.07 | N53: =IF(AND(M53>=INDEX(Dim_Product!$C$2:$C$4,MATCH(F53,Dim_Product!$A$2:$A$4,0))-INDEX(Dim_Product!$D$2:$D$4,MATCH(F53,Dim_Product!$A$2:$A$4,0)),M53<=INDEX(Dim_Product!$C$2:$C$4,MATCH(F53,Dim_Product!$A$2:$A$4,0))+INDEX(Dim_Product!$D$2:$D$4,MATCH(F53,Dim_Product!$A$2:$A$4,0))),G53-H53,G53-H53-1) -> 23 | O53: =G53-N53 -> 1 | P53: =INDEX(Dim_Product!$G$2:$G$4,MATCH(F53,Dim_Product!$A$2:$A$4,0))+0 -> 75 | Q53: =IF(AND(P53>=INDEX(Dim_Product!$G$2:$G$4,MATCH(F53,Dim_Product!$A$2:$A$4,0))-INDEX(Dim_Product!$H$2:$H$4,MATCH(F53,Dim_Product!$A$2:$A$4,0)),P53<=INDEX(Dim_Product!$G$2:$G$4,MATCH(F53,Dim_Product!$A$2:$A$4,0))+INDEX(Dim_Product!$H$2:$H$4,MATCH(F53,Dim_Product!$A$2:$A$4,0))),G53-H53,G53-H53-1) -> 23 | R53: =G53-Q53 -> 1 | S53: =INDEX(Dim_Product!$K$2:$K$4,MATCH(F53,Dim_Product!$A$2:$A$4,0))+-0.27 -> 129.73 | T53: =IF(AND(S53>=INDEX(Dim_Product!$K$2:$K$4,MATCH(F53,Dim_Product!$A$2:$A$4,0))-INDEX(Dim_Product!$L$2:$L$4,MATCH(F53,Dim_Product!$A$2:$A$4,0)),S53<=INDEX(Dim_Product!$K$2:$K$4,MATCH(F53,Dim_Product!$A$2:$A$4,0))+INDEX(Dim_Product!$L$2:$L$4,MATCH(F53,Dim_Product!$A$2:$A$4,0))),G53-H53,G53-H53-1) -> 23 | U53: =G53-T53 -> 1 | V53: =IFERROR(H53/G53,0) -> 0.041666667 | W53: =1-V53 -> 0.95833333
A54: QS-53 | B54: =Fact_Production_Hourly!B54 -> 20260701 | C54: =Fact_Production_Hourly!C54 -> 7 | D54: =Fact_Production_Hourly!D54 -> M4 | E54: =Fact_Production_Hourly!E54 -> A-AM | F54: =Fact_Production_Hourly!F54 -> A | G54: =INDEX(Dim_Machine!$D$2:$D$8,MATCH(D54,Dim_Machine!$A$2:$A$8,0))*2 -> 48 | H54: =ROUND(G54*0.0665,0) -> 3 | I54: =ROUND(H54*0.15,0) -> 0 | J54: =ROUND(H54*0.45,0) -> 1 | K54: =MAX(H54-I54-J54,0) -> 2 | L54: D02 | M54: =INDEX(Dim_Product!$C$2:$C$4,MATCH(F54,Dim_Product!$A$2:$A$4,0))+-0.66 -> 249.34 | N54: =IF(AND(M54>=INDEX(Dim_Product!$C$2:$C$4,MATCH(F54,Dim_Product!$A$2:$A$4,0))-INDEX(Dim_Product!$D$2:$D$4,MATCH(F54,Dim_Product!$A$2:$A$4,0)),M54<=INDEX(Dim_Product!$C$2:$C$4,MATCH(F54,Dim_Product!$A$2:$A$4,0))+INDEX(Dim_Product!$D$2:$D$4,MATCH(F54,Dim_Product!$A$2:$A$4,0))),G54-H54,G54-H54-1) -> 45 | O54: =G54-N54 -> 3 | P54: =INDEX(Dim_Product!$G$2:$G$4,MATCH(F54,Dim_Product!$A$2:$A$4,0))+0.07 -> 70.07 | Q54: =IF(AND(P54>=INDEX(Dim_Product!$G$2:$G$4,MATCH(F54,Dim_Product!$A$2:$A$4,0))-INDEX(Dim_Product!$H$2:$H$4,MATCH(F54,Dim_Product!$A$2:$A$4,0)),P54<=INDEX(Dim_Product!$G$2:$G$4,MATCH(F54,Dim_Product!$A$2:$A$4,0))+INDEX(Dim_Product!$H$2:$H$4,MATCH(F54,Dim_Product!$A$2:$A$4,0))),G54-H54,G54-H54-1) -> 45 | R54: =G54-Q54 -> 3 | S54: =INDEX(Dim_Product!$K$2:$K$4,MATCH(F54,Dim_Product!$A$2:$A$4,0))+0.32 -> 120.32 | T54: =IF(AND(S54>=INDEX(Dim_Product!$K$2:$K$4,MATCH(F54,Dim_Product!$A$2:$A$4,0))-INDEX(Dim_Product!$L$2:$L$4,MATCH(F54,Dim_Product!$A$2:$A$4,0)),S54<=INDEX(Dim_Product!$K$2:$K$4,MATCH(F54,Dim_Product!$A$2:$A$4,0))+INDEX(Dim_Product!$L$2:$L$4,MATCH(F54,Dim_Product!$A$2:$A$4,0))),G54-H54,G54-H54-1) -> 45 | U54: =G54-T54 -> 3 | V54: =IFERROR(H54/G54,0) -> 0.0625 | W54: =1-V54 -> 0.9375
A55: QS-54 | B55: =Fact_Production_Hourly!B55 -> 20260701 | C55: =Fact_Production_Hourly!C55 -> 7 | D55: =Fact_Production_Hourly!D55 -> M5 | E55: =Fact_Production_Hourly!E55 -> A-AM | F55: =Fact_Production_Hourly!F55 -> C | G55: =INDEX(Dim_Machine!$D$2:$D$8,MATCH(D55,Dim_Machine!$A$2:$A$8,0))*2 -> 32 | H55: =ROUND(G55*0.0303,0) -> 1 | I55: =ROUND(H55*0.15,0) -> 0 | J55: =ROUND(H55*0.45,0) -> 0 | K55: =MAX(H55-I55-J55,0) -> 1 | L55: D05 | M55: =INDEX(Dim_Product!$C$2:$C$4,MATCH(F55,Dim_Product!$A$2:$A$4,0))+-0.92 -> 199.08 | N55: =IF(AND(M55>=INDEX(Dim_Product!$C$2:$C$4,MATCH(F55,Dim_Product!$A$2:$A$4,0))-INDEX(Dim_Product!$D$2:$D$4,MATCH(F55,Dim_Product!$A$2:$A$4,0)),M55<=INDEX(Dim_Product!$C$2:$C$4,MATCH(F55,Dim_Product!$A$2:$A$4,0))+INDEX(Dim_Product!$D$2:$D$4,MATCH(F55,Dim_Product!$A$2:$A$4,0))),G55-H55,G55-H55-1) -> 31 | O55: =G55-N55 -> 1 | P55: =INDEX(Dim_Product!$G$2:$G$4,MATCH(F55,Dim_Product!$A$2:$A$4,0))+0.22 -> 65.22 | Q55: =IF(AND(P55>=INDEX(Dim_Product!$G$2:$G$4,MATCH(F55,Dim_Product!$A$2:$A$4,0))-INDEX(Dim_Product!$H$2:$H$4,MATCH(F55,Dim_Product!$A$2:$A$4,0)),P55<=INDEX(Dim_Product!$G$2:$G$4,MATCH(F55,Dim_Product!$A$2:$A$4,0))+INDEX(Dim_Product!$H$2:$H$4,MATCH(F55,Dim_Product!$A$2:$A$4,0))),G55-H55,G55-H55-1) -> 31 | R55: =G55-Q55 -> 1 | S55: =INDEX(Dim_Product!$K$2:$K$4,MATCH(F55,Dim_Product!$A$2:$A$4,0))+-0.34 -> 109.66 | T55: =IF(AND(S55>=INDEX(Dim_Product!$K$2:$K$4,MATCH(F55,Dim_Product!$A$2:$A$4,0))-INDEX(Dim_Product!$L$2:$L$4,MATCH(F55,Dim_Product!$A$2:$A$4,0)),S55<=INDEX(Dim_Product!$K$2:$K$4,MATCH(F55,Dim_Product!$A$2:$A$4,0))+INDEX(Dim_Product!$L$2:$L$4,MATCH(F55,Dim_Product!$A$2:$A$4,0))),G55-H55,G55-H55-1) -> 31 | U55: =G55-T55 -> 1 | V55: =IFERROR(H55/G55,0) -> 0.03125 | W55: =1-V55 -> 0.96875
A56: QS-55 | B56: =Fact_Production_Hourly!B56 -> 20260701 | C56: =Fact_Production_Hourly!C56 -> 7 | D56: =Fact_Production_Hourly!D56 -> M6 | E56: =Fact_Production_Hourly!E56 -> A-AM | F56: =Fact_Production_Hourly!F56 -> C | G56: =INDEX(Dim_Machine!$D$2:$D$8,MATCH(D56,Dim_Machine!$A$2:$A$8,0))*2 -> 24 | H56: =ROUND(G56*0.0669,0) -> 2 | I56: =ROUND(H56*0.15,0) -> 0 | J56: =ROUND(H56*0.45,0) -> 1 | K56: =MAX(H56-I56-J56,0) -> 1 | L56: D05 | M56: =INDEX(Dim_Product!$C$2:$C$4,MATCH(F56,Dim_Product!$A$2:$A$4,0))+-0.47 -> 199.53 | N56: =IF(AND(M56>=INDEX(Dim_Product!$C$2:$C$4,MATCH(F56,Dim_Product!$A$2:$A$4,0))-INDEX(Dim_Product!$D$2:$D$4,MATCH(F56,Dim_Product!$A$2:$A$4,0)),M56<=INDEX(Dim_Product!$C$2:$C$4,MATCH(F56,Dim_Product!$A$2:$A$4,0))+INDEX(Dim_Product!$D$2:$D$4,MATCH(F56,Dim_Product!$A$2:$A$4,0))),G56-H56,G56-H56-1) -> 22 | O56: =G56-N56 -> 2 | P56: =INDEX(Dim_Product!$G$2:$G$4,MATCH(F56,Dim_Product!$A$2:$A$4,0))+-0.17 -> 64.83 | Q56: =IF(AND(P56>=INDEX(Dim_Product!$G$2:$G$4,MATCH(F56,Dim_Product!$A$2:$A$4,0))-INDEX(Dim_Product!$H$2:$H$4,MATCH(F56,Dim_Product!$A$2:$A$4,0)),P56<=INDEX(Dim_Product!$G$2:$G$4,MATCH(F56,Dim_Product!$A$2:$A$4,0))+INDEX(Dim_Product!$H$2:$H$4,MATCH(F56,Dim_Product!$A$2:$A$4,0))),G56-H56,G56-H56-1) -> 22 | R56: =G56-Q56 -> 2 | S56: =INDEX(Dim_Product!$K$2:$K$4,MATCH(F56,Dim_Product!$A$2:$A$4,0))+0.06 -> 110.06 | T56: =IF(AND(S56>=INDEX(Dim_Product!$K$2:$K$4,MATCH(F56,Dim_Product!$A$2:$A$4,0))-INDEX(Dim_Product!$L$2:$L$4,MATCH(F56,Dim_Product!$A$2:$A$4,0)),S56<=INDEX(Dim_Product!$K$2:$K$4,MATCH(F56,Dim_Product!$A$2:$A$4,0))+INDEX(Dim_Product!$L$2:$L$4,MATCH(F56,Dim_Product!$A$2:$A$4,0))),G56-H56,G56-H56-1) -> 22 | U56: =G56-T56 -> 2 | V56: =IFERROR(H56/G56,0) -> 0.083333333 | W56: =1-V56 -> 0.91666667
A57: QS-56 | B57: =Fact_Production_Hourly!B57 -> 20260701 | C57: =Fact_Production_Hourly!C57 -> 7 | D57: =Fact_Production_Hourly!D57 -> M7 | E57: =Fact_Production_Hourly!E57 -> A-AM | F57: =Fact_Production_Hourly!F57 -> C | G57: =INDEX(Dim_Machine!$D$2:$D$8,MATCH(D57,Dim_Machine!$A$2:$A$8,0))*2 -> 48 | H57: =ROUND(G57*0.0471,0) -> 2 | I57: =ROUND(H57*0.15,0) -> 0 | J57: =ROUND(H57*0.45,0) -> 1 | K57: =MAX(H57-I57-J57,0) -> 1 | L57: D01 | M57: =INDEX(Dim_Product!$C$2:$C$4,MATCH(F57,Dim_Product!$A$2:$A$4,0))+0 -> 200 | N57: =IF(AND(M57>=INDEX(Dim_Product!$C$2:$C$4,MATCH(F57,Dim_Product!$A$2:$A$4,0))-INDEX(Dim_Product!$D$2:$D$4,MATCH(F57,Dim_Product!$A$2:$A$4,0)),M57<=INDEX(Dim_Product!$C$2:$C$4,MATCH(F57,Dim_Product!$A$2:$A$4,0))+INDEX(Dim_Product!$D$2:$D$4,MATCH(F57,Dim_Product!$A$2:$A$4,0))),G57-H57,G57-H57-1) -> 46 | O57: =G57-N57 -> 2 | P57: =INDEX(Dim_Product!$G$2:$G$4,MATCH(F57,Dim_Product!$A$2:$A$4,0))+0.08 -> 65.08 | Q57: =IF(AND(P57>=INDEX(Dim_Product!$G$2:$G$4,MATCH(F57,Dim_Product!$A$2:$A$4,0))-INDEX(Dim_Product!$H$2:$H$4,MATCH(F57,Dim_Product!$A$2:$A$4,0)),P57<=INDEX(Dim_Product!$G$2:$G$4,MATCH(F57,Dim_Product!$A$2:$A$4,0))+INDEX(Dim_Product!$H$2:$H$4,MATCH(F57,Dim_Product!$A$2:$A$4,0))),G57-H57,G57-H57-1) -> 46 | R57: =G57-Q57 -> 2 | S57: =INDEX(Dim_Product!$K$2:$K$4,MATCH(F57,Dim_Product!$A$2:$A$4,0))+-0.17 -> 109.83 | T57: =IF(AND(S57>=INDEX(Dim_Product!$K$2:$K$4,MATCH(F57,Dim_Product!$A$2:$A$4,0))-INDEX(Dim_Product!$L$2:$L$4,MATCH(F57,Dim_Product!$A$2:$A$4,0)),S57<=INDEX(Dim_Product!$K$2:$K$4,MATCH(F57,Dim_Product!$A$2:$A$4,0))+INDEX(Dim_Product!$L$2:$L$4,MATCH(F57,Dim_Product!$A$2:$A$4,0))),G57-H57,G57-H57-1) -> 46 | U57: =G57-T57 -> 2 | V57: =IFERROR(H57/G57,0) -> 0.041666667 | W57: =1-V57 -> 0.95833333
A58: QS-57 | B58: =Fact_Production_Hourly!B58 -> 20260701 | C58: =Fact_Production_Hourly!C58 -> 8 | D58: =Fact_Production_Hourly!D58 -> M1 | E58: =Fact_Production_Hourly!E58 -> A-AM | F58: =Fact_Production_Hourly!F58 -> C | G58: =INDEX(Dim_Machine!$D$2:$D$8,MATCH(D58,Dim_Machine!$A$2:$A$8,0))*2 -> 32 | H58: =ROUND(G58*0.0674,0) -> 2 | I58: =ROUND(H58*0.15,0) -> 0 | J58: =ROUND(H58*0.45,0) -> 1 | K58: =MAX(H58-I58-J58,0) -> 1 | L58: D04 | M58: =INDEX(Dim_Product!$C$2:$C$4,MATCH(F58,Dim_Product!$A$2:$A$4,0))+-0.51 -> 199.49 | N58: =IF(AND(M58>=INDEX(Dim_Product!$C$2:$C$4,MATCH(F58,Dim_Product!$A$2:$A$4,0))-INDEX(Dim_Product!$D$2:$D$4,MATCH(F58,Dim_Product!$A$2:$A$4,0)),M58<=INDEX(Dim_Product!$C$2:$C$4,MATCH(F58,Dim_Product!$A$2:$A$4,0))+INDEX(Dim_Product!$D$2:$D$4,MATCH(F58,Dim_Product!$A$2:$A$4,0))),G58-H58,G58-H58-1) -> 30 | O58: =G58-N58 -> 2 | P58: =INDEX(Dim_Product!$G$2:$G$4,MATCH(F58,Dim_Product!$A$2:$A$4,0))+0.18 -> 65.18 | Q58: =IF(AND(P58>=INDEX(Dim_Product!$G$2:$G$4,MATCH(F58,Dim_Product!$A$2:$A$4,0))-INDEX(Dim_Product!$H$2:$H$4,MATCH(F58,Dim_Product!$A$2:$A$4,0)),P58<=INDEX(Dim_Product!$G$2:$G$4,MATCH(F58,Dim_Product!$A$2:$A$4,0))+INDEX(Dim_Product!$H$2:$H$4,MATCH(F58,Dim_Product!$A$2:$A$4,0))),G58-H58,G58-H58-1) -> 30 | R58: =G58-Q58 -> 2 | S58: =INDEX(Dim_Product!$K$2:$K$4,MATCH(F58,Dim_Product!$A$2:$A$4,0))+-0.08 -> 109.92 | T58: =IF(AND(S58>=INDEX(Dim_Product!$K$2:$K$4,MATCH(F58,Dim_Product!$A$2:$A$4,0))-INDEX(Dim_Product!$L$2:$L$4,MATCH(F58,Dim_Product!$A$2:$A$4,0)),S58<=INDEX(Dim_Product!$K$2:$K$4,MATCH(F58,Dim_Product!$A$2:$A$4,0))+INDEX(Dim_Product!$L$2:$L$4,MATCH(F58,Dim_Product!$A$2:$A$4,0))),G58-H58,G58-H58-1) -> 30 | U58: =G58-T58 -> 2 | V58: =IFERROR(H58/G58,0) -> 0.0625 | W58: =1-V58 -> 0.9375
A59: QS-58 | B59: =Fact_Production_Hourly!B59 -> 20260701 | C59: =Fact_Production_Hourly!C59 -> 8 | D59: =Fact_Production_Hourly!D59 -> M2 | E59: =Fact_Production_Hourly!E59 -> A-AM | F59: =Fact_Production_Hourly!F59 -> A | G59: =INDEX(Dim_Machine!$D$2:$D$8,MATCH(D59,Dim_Machine!$A$2:$A$8,0))*2 -> 48 | H59: =ROUND(G59*0.0372,0) -> 2 | I59: =ROUND(H59*0.15,0) -> 0 | J59: =ROUND(H59*0.45,0) -> 1 | K59: =MAX(H59-I59-J59,0) -> 1 | L59: D06 | M59: =INDEX(Dim_Product!$C$2:$C$4,MATCH(F59,Dim_Product!$A$2:$A$4,0))+-0.88 -> 249.12 | N59: =IF(AND(M59>=INDEX(Dim_Product!$C$2:$C$4,MATCH(F59,Dim_Product!$A$2:$A$4,0))-INDEX(Dim_Product!$D$2:$D$4,MATCH(F59,Dim_Product!$A$2:$A$4,0)),M59<=INDEX(Dim_Product!$C$2:$C$4,MATCH(F59,Dim_Product!$A$2:$A$4,0))+INDEX(Dim_Product!$D$2:$D$4,MATCH(F59,Dim_Product!$A$2:$A$4,0))),G59-H59,G59-H59-1) -> 46 | O59: =G59-N59 -> 2 | P59: =INDEX(Dim_Product!$G$2:$G$4,MATCH(F59,Dim_Product!$A$2:$A$4,0))+-0.04 -> 69.96 | Q59: =IF(AND(P59>=INDEX(Dim_Product!$G$2:$G$4,MATCH(F59,Dim_Product!$A$2:$A$4,0))-INDEX(Dim_Product!$H$2:$H$4,MATCH(F59,Dim_Product!$A$2:$A$4,0)),P59<=INDEX(Dim_Product!$G$2:$G$4,MATCH(F59,Dim_Product!$A$2:$A$4,0))+INDEX(Dim_Product!$H$2:$H$4,MATCH(F59,Dim_Product!$A$2:$A$4,0))),G59-H59,G59-H59-1) -> 46 | R59: =G59-Q59 -> 2 | S59: =INDEX(Dim_Product!$K$2:$K$4,MATCH(F59,Dim_Product!$A$2:$A$4,0))+-0.01 -> 119.99 | T59: =IF(AND(S59>=INDEX(Dim_Product!$K$2:$K$4,MATCH(F59,Dim_Product!$A$2:$A$4,0))-INDEX(Dim_Product!$L$2:$L$4,MATCH(F59,Dim_Product!$A$2:$A$4,0)),S59<=INDEX(Dim_Product!$K$2:$K$4,MATCH(F59,Dim_Product!$A$2:$A$4,0))+INDEX(Dim_Product!$L$2:$L$4,MATCH(F59,Dim_Product!$A$2:$A$4,0))),G59-H59,G59-H59-1) -> 46 | U59: =G59-T59 -> 2 | V59: =IFERROR(H59/G59,0) -> 0.041666667 | W59: =1-V59 -> 0.95833333
A60: QS-59 | B60: =Fact_Production_Hourly!B60 -> 20260701 | C60: =Fact_Production_Hourly!C60 -> 8 | D60: =Fact_Production_Hourly!D60 -> M3 | E60: =Fact_Production_Hourly!E60 -> A-AM | F60: =Fact_Production_Hourly!F60 -> B | G60: =INDEX(Dim_Machine!$D$2:$D$8,MATCH(D60,Dim_Machine!$A$2:$A$8,0))*2 -> 24 | H60: =ROUND(G60*0.0222,0) -> 1 | I60: =ROUND(H60*0.15,0) -> 0 | J60: =ROUND(H60*0.45,0) -> 0 | K60: =MAX(H60-I60-J60,0) -> 1 | L60: D05 | M60: =INDEX(Dim_Product!$C$2:$C$4,MATCH(F60,Dim_Product!$A$2:$A$4,0))+-0.71 -> 299.29 | N60: =IF(AND(M60>=INDEX(Dim_Product!$C$2:$C$4,MATCH(F60,Dim_Product!$A$2:$A$4,0))-INDEX(Dim_Product!$D$2:$D$4,MATCH(F60,Dim_Product!$A$2:$A$4,0)),M60<=INDEX(Dim_Product!$C$2:$C$4,MATCH(F60,Dim_Product!$A$2:$A$4,0))+INDEX(Dim_Product!$D$2:$D$4,MATCH(F60,Dim_Product!$A$2:$A$4,0))),G60-H60,G60-H60-1) -> 23 | O60: =G60-N60 -> 1 | P60: =INDEX(Dim_Product!$G$2:$G$4,MATCH(F60,Dim_Product!$A$2:$A$4,0))+0.22 -> 75.22 | Q60: =IF(AND(P60>=INDEX(Dim_Product!$G$2:$G$4,MATCH(F60,Dim_Product!$A$2:$A$4,0))-INDEX(Dim_Product!$H$2:$H$4,MATCH(F60,Dim_Product!$A$2:$A$4,0)),P60<=INDEX(Dim_Product!$G$2:$G$4,MATCH(F60,Dim_Product!$A$2:$A$4,0))+INDEX(Dim_Product!$H$2:$H$4,MATCH(F60,Dim_Product!$A$2:$A$4,0))),G60-H60,G60-H60-1) -> 23 | R60: =G60-Q60 -> 1 | S60: =INDEX(Dim_Product!$K$2:$K$4,MATCH(F60,Dim_Product!$A$2:$A$4,0))+-0.14 -> 129.86 | T60: =IF(AND(S60>=INDEX(Dim_Product!$K$2:$K$4,MATCH(F60,Dim_Product!$A$2:$A$4,0))-INDEX(Dim_Product!$L$2:$L$4,MATCH(F60,Dim_Product!$A$2:$A$4,0)),S60<=INDEX(Dim_Product!$K$2:$K$4,MATCH(F60,Dim_Product!$A$2:$A$4,0))+INDEX(Dim_Product!$L$2:$L$4,MATCH(F60,Dim_Product!$A$2:$A$4,0))),G60-H60,G60-H60-1) -> 23 | U60: =G60-T60 -> 1 | V60: =IFERROR(H60/G60,0) -> 0.041666667 | W60: =1-V60 -> 0.95833333
