Workbook

Sheet Instructions
A1: KANDIL GLASS — MASTER DATA WORKBOOK
A3: Owner: Planning / Sales / IT
A5: Purpose: Maintain customers, products, orders, job-change types, lines and all dropdown lists.
A7: Rules:
A8: 1. Never change column header names.
A9: 2. Codes must be unique.
A10: 3. New codes are added HERE first, then appear in other workbooks' dropdowns.
A11: 4. Yellow cells = dropdown. Blue cells = input.
A12: 5. Load this file into Staging BEFORE any daily transactional files.
A14: JobChangeType official values: Small, Medium, Big, Process
A16: Dataset: one-week subset for DWH / Power BI testing (2025-10-20 to 2025-10-26); synthetic operational data.
A18: NEW SECTION/CAVITY MODEL
... A22: All additions are additive; do not delete/rename existing Power BI source columns.

Sheet Customers
A1: Master Data — Customers
A2: Maps to STG_CUSTOMER → DIM_CUSTOMER
A3: One row per customer. CustomerCode must be unique.
A4: CustomerCode | B4: CustomerName | C4: CountryType
A5: CUST001 | B5: Coca-Cola Egypt | C5: Local
A6: CUST002 | B6: PepsiCo Egypt | C6: Local
A7: CUST003 | B7: Nestle Waters | C7: Export

Sheet Products
A1: Master Data — Products
A2: Maps to STG_PRODUCT → DIM_PRODUCT
A3: ProductCode unique. Category = Jar or Bottle. CustomerCode must exist in Customers.
A4: ProductCode | B4: ProductName | C4: Category | D4: CustomerCode
A5: PRD-JAR-330 | B5: Jar 330ml Twist-off | C5: Jar | D5: CUST001
A6: PRD-BOT-500 | B6: Bottle 500ml Crown | C6: Bottle | D6: CUST002
A7: PRD-JAR-720 | B7: Jar 720ml Lug Cap | C7: Jar | D7: CUST001
A8: PRD-BOT-750 | B8: Bottle 750ml Export Cap | C8: Bottle | D8: CUST003

Sheet Orders
A1: Master Data — Orders
A2: Maps to STG_ORDER → DIM_ORDER
A3: OrderNumber unique. TotalMoltenUnits = Packed + Rejected + Hold.
A4: OrderNumber | B4: ProductCode | C4: CustomerCode | D4: TotalMoltenUnits | E4: ProductCustomerCheck
A5: ORD-2025-00019 | B5: PRD-JAR-330 | C5: CUST001 | D5: 1548306 | E5: =IF(A5="","",IF(COUNTIFS(Products!$A$5:$A$100,B5,Products!$D$5:$D$100,C5)=1,"OK","CHECK")) -> OK
A6: ORD-2025-00020 | B6: PRD-JAR-720 | C6: CUST001 | D6: 1050408 | E6: =IF(A6="","",IF(COUNTIFS(Products!$A$5:$A$100,B6,Products!$D$5:$D$100,C6)=1,"OK","CHECK")) -> OK
A7: ORD-2025-00021 | B7: PRD-JAR-330 | C7: CUST001 | D7: 2448972 | E7: =IF(A7="","",IF(COUNTIFS(Products!$A$5:$A$100,B7,Products!$D$5:$D$100,C7)=1,"OK","CHECK")) -> OK
A8: ORD-2025-00055 | B8: PRD-BOT-500 | C8: CUST002 | D8: 2732760 | E8: =IF(A8="","",IF(COUNTIFS(Products!$A$5:$A$100,B8,Products!$D$5:$D$100,C8)=1,"OK","CHECK")) -> OK
A9: ORD-2025-00056 | B9: PRD-JAR-720 | C9: CUST001 | D9: 462168 | E9: =IF(A9="","",IF(COUNTIFS(Products!$A$5:$A$100,B9,Products!$D$5:$D$100,C9)=1,"OK","CHECK")) -> OK
A10: ORD-2025-00057 | B10: PRD-JAR-720 | C10: CUST001 | D10: 1111476 | E10: =IF(A10="","",IF(COUNTIFS(Products!$A$5:$A$100,B10,Products!$D$5:$D$100,C10)=1,"OK","CHECK")) -> OK
A11: ORD-2025-00058 | B11: PRD-BOT-500 | C11: CUST002 | D11: 2712264 | E11: =IF(A11="","",IF(COUNTIFS(Products!$A$5:$A$100,B11,Products!$D$5:$D$100,C11)=1,"OK","CHECK")) -> OK
A12: ORD-2025-00092 | B12: PRD-JAR-330 | C12: CUST001 | D12: 3348843 | E12: =IF(A12="","",IF(COUNTIFS(Products!$A$5:$A$100,B12,Products!$D$5:$D$100,C12)=1,"OK","CHECK")) -> OK
A13: ORD-2025-00093 | B13: PRD-JAR-720 | C13: CUST001 | D13: 1243871 | E13: =IF(A13="","",IF(COUNTIFS(Products!$A$5:$A$100,B13,Products!$D$5:$D$100,C13)=1,"OK","CHECK")) -> OK
A14: ORD-2025-00094 | B14: PRD-JAR-720 | C14: CUST001 | D14: 1907410 | E14: =IF(A14="","",IF(COUNTIFS(Products!$A$5:$A$100,B14,Products!$D$5:$D$100,C14)=1,"OK","CHECK")) -> OK
A15: ORD-2025-00124 | B15: PRD-BOT-500 | C15: CUST002 | D15: 4150713 | E15: =IF(A15="","",IF(COUNTIFS(Products!$A$5:$A$100,B15,Products!$D$5:$D$100,C15)=1,"OK","CHECK")) -> OK
A16: ORD-2025-00125 | B16: PRD-JAR-330 | C16: CUST001 | D16: 2296749 | E16: =IF(A16="","",IF(COUNTIFS(Products!$A$5:$A$100,B16,Products!$D$5:$D$100,C16)=1,"OK","CHECK")) -> OK
... A160: ORD-2025-00303 | B160: PRD-JAR-330 | C160: CUST001 | D160: 1013598 | E160: =IF(A160="","",IF(COUNTIFS(Products!$A$5:$A$100,B160,Products!$D$5:$D$100,C160)=1,"OK","CHECK")) -> OK
E161: =IF(A161="","",IF(COUNTIFS(Products!$A$5:$A$100,B161,Products!$D$5:$D$100,C161)=1,"OK","CHECK"))
E162: =IF(A162="","",IF(COUNTIFS(Products!$A$5:$A$100,B162,Products!$D$5:$D$100,C162)=1,"OK","CHECK"))
E163: =IF(A163="","",IF(COUNTIFS(Products!$A$5:$A$100,B163,Products!$D$5:$D$100,C163)=1,"OK","CHECK"))
E164: =IF(A164="","",IF(COUNTIFS(Products!$A$5:$A$100,B164,Products!$D$5:$D$100,C164)=1,"OK","CHECK"))
E165: =IF(A165="","",IF(COUNTIFS(Products!$A$5:$A$100,B165,Products!$D$5:$D$100,C165)=1,"OK","CHECK"))
E166: =IF(A166="","",IF(COUNTIFS(Products!$A$5:$A$100,B166,Products!$D$5:$D$100,C166)=1,"OK","CHECK"))
E167: =IF(A167="","",IF(COUNTIFS(Products!$A$5:$A$100,B167,Products!$D$5:$D$100,C167)=1,"OK","CHECK"))
E168: =IF(A168="","",IF(COUNTIFS(Products!$A$5:$A$100,B168,Products!$D$5:$D$100,C168)=1,"OK","CHECK"))
E169: =IF(A169="","",IF(COUNTIFS(Products!$A$5:$A$100,B169,Products!$D$5:$D$100,C169)=1,"OK","CHECK"))
E170: =IF(A170="","",IF(COUNTIFS(Products!$A$5:$A$100,B170,Products!$D$5:$D$100,C170)=1,"OK","CHECK"))

Sheet DefectName
A1: Master Data — Defects
A2: Maps to STG_DEFECT → DIM_DEFECT
A3: Maintain only approved values.
A4: DefectName
A5: Crack
A6: Chip
A7: Blister
A8: Distortion
A9: Stone
A10: Bird Swing
A11: Overpress
A12: Thin Wall
A13: Choke Neck

Sheet HE_DowntimeReason
A1: Master Data — HE Downtime Reasons
A2: Reference list for JobChange HE_DowntimeReason
A3: Maintain only approved values.
A4: HE_DowntimeReason
A5: Feeder Temperature Instability
A6: Gob Weight Adjustment
A7: Shear Mechanism Fault
A8: Gob Distributor Jam
A9: Mould Cooling Issue
A10: Swabbing / Lubrication
A11: Blank Mould Change
A12: Neck Ring Issue
A13: Air Pressure Instability

Sheet CE_LossesReason
A1: Master Data — CE Loss Reasons
A2: Reference list for JobChange CE_LossesReason
A3: Maintain only approved values.
A4: CE_LossesReason
A5: Cross Conveyor Jam
A6: Ware Transfer Misalignment
A7: Dead Plate Congestion
A8: Lehr Loader Delay
A9: Conveyor Speed Mismatch
A10: Bottle Fall / Tip
A11: Sensor Fault
A12: Drive / Motor Fault
A13: Belt Tracking Issue

Sheet PalletizerReason
A1: Master Data — Palletizer Reasons
A2: Reference list for JobChange PalletizerReason
A3: Maintain only approved values.
A4: PalletizerReason
A5: Palletizer Robot Fault
A6: Layer Pattern Adjustment
A7: Pallet Shortage
A8: Separator Pad Shortage
A9: Pallet Conveyor Jam
A10: Film / Hood Fault
A11: Gripper / Vacuum Fault
A12: Sensor / Photoeye Fault
A13: Manual Intervention

Sheet ReworkStatus
A1: Master Data — Rework Status
A2: Maps to DIM_REWORKSTATUS
A3: Maintain only approved values.
A4: ReworkStatus
A5: Resorted
A6: Move to Cullet

Sheet CaseName
A1: Master Data — Case Name
A2: Reference list for production / losses case
A3: Maintain only approved values.
A4: CaseName
A5: Normal
A6: Trial
A7: Reworking

Sheet Crew
A1: Master Data — Crew
A2: Reference list for production crews
A3: Maintain only approved values.
A4: Crew
A5: A
A6: B
A7: C

Sheet Shifts
A1: Master Data — Shifts
A2: Reference list for shifts
A3: Maintain only approved values.
A4: Shift
A5: AM
A6: PM

Sheet Lines
A1: Master Data — Production Lines
A2: Maps to REF_LINE / DIM_LINE
A3: FactoryCode + LineNumber must be unique. | D3: Physical capability only; active setup is event-specific.
A4: FactoryCode | B4: LineNumber | C4: LineStatus | D4: PhysicalSectionsCapability | E4: MaxCavityPositionsPerSection | F4: CapabilityCheck
A5: KG01 | B5: 21 | C5: Active | D5: 13 | E5: 3 | F5: =IF(AND(D5=13,E5=3),"OK","CHECK") -> OK
A6: KG01 | B6: 22 | C6: Active | D6: 13 | E6: 3 | F6: =IF(AND(D6=13,E6=3),"OK","CHECK") -> OK
A7: KG01 | B7: 23 | C7: Active | D7: 13 | E7: 3 | F7: =IF(AND(D7=13,E7=3),"OK","CHECK") -> OK
A8: KG01 | B8: 24 | C8: Active | D8: 13 | E8: 3 | F8: =IF(AND(D8=13,E8=3),"OK","CHECK") -> OK
A9: KG01 | B9: 25 | C9: Active | D9: 13 | E9: 3 | F9: =IF(AND(D9=13,E9=3),"OK","CHECK") -> OK

Sheet JobChangeTypes
A1: Master Data — Job Change Types
A2: Maps to STG_JOBCHANGETYPE → DIM_JOBCHANGETYPE
A3: Official values: Small, Medium, Big, Process
A4: JobChangeTypeName | B4: TargetT1_Hrs | C4: TargetT2_Hrs
A5: Small | B5: 1.5 | C5: 0.5
A6: Medium | B6: 3 | C6: 1
A7: Big | B7: 6 | C7: 2
A8: Process | B8: 8 | C8: 3

Sheet Lookups
A1: Lookup Lists (power dropdowns in other workbooks)
A2: Do not delete rows that are in use
A4: Shift | B4: Crew | C4: CaseName | D4: ReworkStatus | E4: DefectName | F4: HE_DowntimeReason | G4: CE_LossesReason | H4: PalletizerReason | I4: AssetLevel | J4: LossArea | K4: ActiveFlag | L4: ImpactSource
A5: AM | B5: A | C5: Normal | D5: Resorted | E5: Crack | F5: Feeder Temperature Instability | G5: Cross Conveyor Jam | H5: Palletizer Robot Fault | I5: Line | J5: T1 | K5: 0 | L5: HistoricalSummary
A6: PM | B6: B | C6: Trial | D6: Move to Cullet | E6: Chip | F6: Gob Weight Adjustment | G6: Ware Transfer Misalignment | H6: Layer Pattern Adjustment | I6: Section | J6: T2 | K6: 1 | L6: ManualDetail
B7: C | C7: Reworking | E7: Blister | F7: Shear Mechanism Fault | G7: Dead Plate Congestion | H7: Pallet Shortage | I7: Cavity | J7: Trial
E8: Distortion | F8: Gob Distributor Jam | G8: Lehr Loader Delay | H8: Separator Pad Shortage | J8: HE
E9: Stone | F9: Mould Cooling Issue | G9: Conveyor Speed Mismatch | H9: Pallet Conveyor Jam | J9: CE
E10: Bird Swing | F10: Swabbing / Lubrication | G10: Bottle Fall / Tip | H10: Film / Hood Fault | J10: Palletizer
E11: Overpress | F11: Blank Mould Change | G11: Sensor Fault | H11: Gripper / Vacuum Fault
E12: Thin Wall | F12: Neck Ring Issue | G12: Drive / Motor Fault | H12: Sensor / Photoeye Fault
E13: Choke Neck | F13: Air Pressure Instability | G13: Belt Tracking Issue | H13: Manual Intervention

Sheet AssetScope
A1: PHYSICAL ASSET SCOPE — LINE / SECTION / CAVITY
A2: Lines 21–25 capability: 13 sections × max 3 cavity positions. Physical capability ≠ active production setup.
A4: AssetScopeKey | B4: FactoryCode | C4: LineNumber | D4: SectionNumber | E4: CavityNumber | F4: AssetLevel | G4: AssetLabel | H4: ParentAssetScopeKey | I4: PhysicalSectionsCapability | J4: MaxCavityPositionsPerSection | K4: IsPhysicalSlot | L4: IntegrityCheck
A5: L21 | B5: KG01 | C5: 21 | F5: Line | G5: Line 21 | I5: 13 | J5: 3 | K5: 1 | L5: =IF(OR(F5="Line",AND(F5="Section",D5>=1,D5<=I5,E5=""),AND(F5="Cavity",D5>=1,D5<=I5,E5>=1,E5<=J5)),"OK","CHECK") -> OK
A6: L21-S01 | B6: KG01 | C6: 21 | D6: 1 | F6: Section | G6: Line 21 / Section 01 | H6: L21 | I6: 13 | J6: 3 | K6: 1 | L6: =IF(OR(F6="Line",AND(F6="Section",D6>=1,D6<=I6,E6=""),AND(F6="Cavity",D6>=1,D6<=I6,E6>=1,E6<=J6)),"OK","CHECK") -> OK
A7: L21-S01-C1 | B7: KG01 | C7: 21 | D7: 1 | E7: 1 | F7: Cavity | G7: Line 21 / Section 01 / Cavity 1 | H7: L21-S01 | I7: 13 | J7: 3 | K7: 1 | L7: =IF(OR(F7="Line",AND(F7="Section",D7>=1,D7<=I7,E7=""),AND(F7="Cavity",D7>=1,D7<=I7,E7>=1,E7<=J7)),"OK","CHECK") -> OK
A8: L21-S01-C2 | B8: KG01 | C8: 21 | D8: 1 | E8: 2 | F8: Cavity | G8: Line 21 / Section 01 / Cavity 2 | H8: L21-S01 | I8: 13 | J8: 3 | K8: 1 | L8: =IF(OR(F8="Line",AND(F8="Section",D8>=1,D8<=I8,E8=""),AND(F8="Cavity",D8>=1,D8<=I8,E8>=1,E8<=J8)),"OK","CHECK") -> OK
A9: L21-S01-C3 | B9: KG01 | C9: 21 | D9: 1 | E9: 3 | F9: Cavity | G9: Line 21 / Section 01 / Cavity 3 | H9: L21-S01 | I9: 13 | J9: 3 | K9: 1 | L9: =IF(OR(F9="Line",AND(F9="Section",D9>=1,D9<=I9,E9=""),AND(F9="Cavity",D9>=1,D9<=I9,E9>=1,E9<=J9)),"OK","CHECK") -> OK
A10: L21-S02 | B10: KG01 | C10: 21 | D10: 2 | F10: Section | G10: Line 21 / Section 02 | H10: L21 | I10: 13 | J10: 3 | K10: 1 | L10: =IF(OR(F10="Line",AND(F10="Section",D10>=1,D10<=I10,E10=""),AND(F10="Cavity",D10>=1,D10<=I10,E10>=1,E10<=J10)),"OK","CHECK") -> OK
A11: L21-S02-C1 | B11: KG01 | C11: 21 | D11: 2 | E11: 1 | F11: Cavity | G11: Line 21 / Section 02 / Cavity 1 | H11: L21-S02 | I11: 13 | J11: 3 | K11: 1 | L11: =IF(OR(F11="Line",AND(F11="Section",D11>=1,D11<=I11,E11=""),AND(F11="Cavity",D11>=1,D11<=I11,E11>=1,E11<=J11)),"OK","CHECK") -> OK
A12: L21-S02-C2 | B12: KG01 | C12: 21 | D12: 2 | E12: 2 | F12: Cavity | G12: Line 21 / Section 02 / Cavity 2 | H12: L21-S02 | I12: 13 | J12: 3 | K12: 1 | L12: =IF(OR(F12="Line",AND(F12="Section",D12>=1,D12<=I12,E12=""),AND(F12="Cavity",D12>=1,D12<=I12,E12>=1,E12<=J12)),"OK","CHECK") -> OK
A13: L21-S02-C3 | B13: KG01 | C13: 21 | D13: 2 | E13: 3 | F13: Cavity | G13: Line 21 / Section 02 / Cavity 3 | H13: L21-S02 | I13: 13 | J13: 3 | K13: 1 | L13: =IF(OR(F13="Line",AND(F13="Section",D13>=1,D13<=I13,E13=""),AND(F13="Cavity",D13>=1,D13<=I13,E13>=1,E13<=J13)),"OK","CHECK") -> OK
A14: L21-S03 | B14: KG01 | C14: 21 | D14: 3 | F14: Section | G14: Line 21 / Section 03 | H14: L21 | I14: 13 | J14: 3 | K14: 1 | L14: =IF(OR(F14="Line",AND(F14="Section",D14>=1,D14<=I14,E14=""),AND(F14="Cavity",D14>=1,D14<=I14,E14>=1,E14<=J14)),"OK","CHECK") -> OK
A15: L21-S03-C1 | B15: KG01 | C15: 21 | D15: 3 | E15: 1 | F15: Cavity | G15: Line 21 / Section 03 / Cavity 1 | H15: L21-S03 | I15: 13 | J15: 3 | K15: 1 | L15: =IF(OR(F15="Line",AND(F15="Section",D15>=1,D15<=I15,E15=""),AND(F15="Cavity",D15>=1,D15<=I15,E15>=1,E15<=J15)),"OK","CHECK") -> OK
A16: L21-S03-C2 | B16: KG01 | C16: 21 | D16: 3 | E16: 2 | F16: Cavity | G16: Line 21 / Section 03 / Cavity 2 | H16: L21-S03 | I16: 13 | J16: 3 | K16: 1 | L16: =IF(OR(F16="Line",AND(F16="Section",D16>=1,D16<=I16,E16=""),AND(F16="Cavity",D16>=1,D16<=I16,E16>=1,E16<=J16)),"OK","CHECK") -> OK
A17: L21-S03-C3 | B17: KG01 | C17: 21 | D17: 3 | E17: 3 | F17: Cavity | G17: Line 21 / Section 03 / Cavity 3 | H17: L21-S03 | I17: 13 | J17: 3 | K17: 1 | L17: =IF(OR(F17="Line",AND(F17="Section",D17>=1,D17<=I17,E17=""),AND(F17="Cavity",D17>=1,D17<=I17,E17>=1,E17<=J17)),"OK","CHECK") -> OK
A18: L21-S04 | B18: KG01 | C18: 21 | D18: 4 | F18: Section | G18: Line 21 / Section 04 | H18: L21 | I18: 13 | J18: 3 | K18: 1 | L18: =IF(OR(F18="Line",AND(F18="Section",D18>=1,D18<=I18,E18=""),AND(F18="Cavity",D18>=1,D18<=I18,E18>=1,E18<=J18)),"OK","CHECK") -> OK
A19: L21-S04-C1 | B19: KG01 | C19: 21 | D19: 4 | E19: 1 | F19: Cavity | G19: Line 21 / Section 04 / Cavity 1 | H19: L21-S04 | I19: 13 | J19: 3 | K19: 1 | L19: =IF(OR(F19="Line",AND(F19="Section",D19>=1,D19<=I19,E19=""),AND(F19="Cavity",D19>=1,D19<=I19,E19>=1,E19<=J19)),"OK","CHECK") -> OK
A20: L21-S04-C2 | B20: KG01 | C20: 21 | D20: 4 | E20: 2 | F20: Cavity | G20: Line 21 / Section 04 / Cavity 2 | H20: L21-S04 | I20: 13 | J20: 3 | K20: 1 | L20: =IF(OR(F20="Line",AND(F20="Section",D20>=1,D20<=I20,E20=""),AND(F20="Cavity",D20>=1,D20<=I20,E20>=1,E20<=J20)),"OK","CHECK") -> OK
A21: L21-S04-C3 | B21: KG01 | C21: 21 | D21: 4 | E21: 3 | F21: Cavity | G21: Line 21 / Section 04 / Cavity 3 | H21: L21-S04 | I21: 13 | J21: 3 | K21: 1 | L21: =IF(OR(F21="Line",AND(F21="Section",D21>=1,D21<=I21,E21=""),AND(F21="Cavity",D21>=1,D21<=I21,E21>=1,E21<=J21)),"OK","CHECK") -> OK
A22: L21-S05 | B22: KG01 | C22: 21 | D22: 5 | F22: Section | G22: Line 21 / Section 05 | H22: L21 | I22: 13 | J22: 3 | K22: 1 | L22: =IF(OR(F22="Line",AND(F22="Section",D22>=1,D22<=I22,E22=""),AND(F22="Cavity",D22>=1,D22<=I22,E22>=1,E22<=J22)),"OK","CHECK") -> OK
A23: L21-S05-C1 | B23: KG01 | C23: 21 | D23: 5 | E23: 1 | F23: Cavity | G23: Line 21 / Section 05 / Cavity 1 | H23: L21-S05 | I23: 13 | J23: 3 | K23: 1 | L23: =IF(OR(F23="Line",AND(F23="Section",D23>=1,D23<=I23,E23=""),AND(F23="Cavity",D23>=1,D23<=I23,E23>=1,E23<=J23)),"OK","CHECK") -> OK
A24: L21-S05-C2 | B24: KG01 | C24: 21 | D24: 5 | E24: 2 | F24: Cavity | G24: Line 21 / Section 05 / Cavity 2 | H24: L21-S05 | I24: 13 | J24: 3 | K24: 1 | L24: =IF(OR(F24="Line",AND(F24="Section",D24>=1,D24<=I24,E24=""),AND(F24="Cavity",D24>=1,D24<=I24,E24>=1,E24<=J24)),"OK","CHECK") -> OK
A25: L21-S05-C3 | B25: KG01 | C25: 21 | D25: 5 | E25: 3 | F25: Cavity | G25: Line 21 / Section 05 / Cavity 3 | H25: L21-S05 | I25: 13 | J25: 3 | K25: 1 | L25: =IF(OR(F25="Line",AND(F25="Section",D25>=1,D25<=I25,E25=""),AND(F25="Cavity",D25>=1,D25<=I25,E25>=1,E25<=J25)),"OK","CHECK") -> OK
A26: L21-S06 | B26: KG01 | C26: 21 | D26: 6 | F26: Section | G26: Line 21 / Section 06 | H26: L21 | I26: 13 | J26: 3 | K26: 1 | L26: =IF(OR(F26="Line",AND(F26="Section",D26>=1,D26<=I26,E26=""),AND(F26="Cavity",D26>=1,D26<=I26,E26>=1,E26<=J26)),"OK","CHECK") -> OK
A27: L21-S06-C1 | B27: KG01 | C27: 21 | D27: 6 | E27: 1 | F27: Cavity | G27: Line 21 / Section 06 / Cavity 1 | H27: L21-S06 | I27: 13 | J27: 3 | K27: 1 | L27: =IF(OR(F27="Line",AND(F27="Section",D27>=1,D27<=I27,E27=""),AND(F27="Cavity",D27>=1,D27<=I27,E27>=1,E27<=J27)),"OK","CHECK") -> OK
A28: L21-S06-C2 | B28: KG01 | C28: 21 | D28: 6 | E28: 2 | F28: Cavity | G28: Line 21 / Section 06 / Cavity 2 | H28: L21-S06 | I28: 13 | J28: 3 | K28: 1 | L28: =IF(OR(F28="Line",AND(F28="Section",D28>=1,D28<=I28,E28=""),AND(F28="Cavity",D28>=1,D28<=I28,E28>=1,E28<=J28)),"OK","CHECK") -> OK
A29: L21-S06-C3 | B29: KG01 | C29: 21 | D29: 6 | E29: 3 | F29: Cavity | G29: Line 21 / Section 06 / Cavity 3 | H29: L21-S06 | I29: 13 | J29: 3 | K29: 1 | L29: =IF(OR(F29="Line",AND(F29="Section",D29>=1,D29<=I29,E29=""),AND(F29="Cavity",D29>=1,D29<=I29,E29>=1,E29<=J29)),"OK","CHECK") -> OK
A30: L21-S07 | B30: KG01 | C30: 21 | D30: 7 | F30: Section | G30: Line 21 / Section 07 | H30: L21 | I30: 13 | J30: 3 | K30: 1 | L30: =IF(OR(F30="Line",AND(F30="Section",D30>=1,D30<=I30,E30=""),AND(F30="Cavity",D30>=1,D30<=I30,E30>=1,E30<=J30)),"OK","CHECK") -> OK
A31: L21-S07-C1 | B31: KG01 | C31: 21 | D31: 7 | E31: 1 | F31: Cavity | G31: Line 21 / Section 07 / Cavity 1 | H31: L21-S07 | I31: 13 | J31: 3 | K31: 1 | L31: =IF(OR(F31="Line",AND(F31="Section",D31>=1,D31<=I31,E31=""),AND(F31="Cavity",D31>=1,D31<=I31,E31>=1,E31<=J31)),"OK","CHECK") -> OK
A32: L21-S07-C2 | B32: KG01 | C32: 21 | D32: 7 | E32: 2 | F32: Cavity | G32: Line 21 / Section 07 / Cavity 2 | H32: L21-S07 | I32: 13 | J32: 3 | K32: 1 | L32: =IF(OR(F32="Line",AND(F32="Section",D32>=1,D32<=I32,E32=""),AND(F32="Cavity",D32>=1,D32<=I32,E32>=1,E32<=J32)),"OK","CHECK") -> OK
A33: L21-S07-C3 | B33: KG01 | C33: 21 | D33: 7 | E33: 3 | F33: Cavity | G33: Line 21 / Section 07 / Cavity 3 | H33: L21-S07 | I33: 13 | J33: 3 | K33: 1 | L33: =IF(OR(F33="Line",AND(F33="Section",D33>=1,D33<=I33,E33=""),AND(F33="Cavity",D33>=1,D33<=I33,E33>=1,E33<=J33)),"OK","CHECK") -> OK
A34: L21-S08 | B34: KG01 | C34: 21 | D34: 8 | F34: Section | G34: Line 21 / Section 08 | H34: L21 | I34: 13 | J34: 3 | K34: 1 | L34: =IF(OR(F34="Line",AND(F34="Section",D34>=1,D34<=I34,E34=""),AND(F34="Cavity",D34>=1,D34<=I34,E34>=1,E34<=J34)),"OK","CHECK") -> OK
A35: L21-S08-C1 | B35: KG01 | C35: 21 | D35: 8 | E35: 1 | F35: Cavity | G35: Line 21 / Section 08 / Cavity 1 | H35: L21-S08 | I35: 13 | J35: 3 | K35: 1 | L35: =IF(OR(F35="Line",AND(F35="Section",D35>=1,D35<=I35,E35=""),AND(F35="Cavity",D35>=1,D35<=I35,E35>=1,E35<=J35)),"OK","CHECK") -> OK
A36: L21-S08-C2 | B36: KG01 | C36: 21 | D36: 8 | E36: 2 | F36: Cavity | G36: Line 21 / Section 08 / Cavity 2 | H36: L21-S08 | I36: 13 | J36: 3 | K36: 1 | L36: =IF(OR(F36="Line",AND(F36="Section",D36>=1,D36<=I36,E36=""),AND(F36="Cavity",D36>=1,D36<=I36,E36>=1,E36<=J36)),"OK","CHECK") -> OK
A37: L21-S08-C3 | B37: KG01 | C37: 21 | D37: 8 | E37: 3 | F37: Cavity | G37: Line 21 / Section 08 / Cavity 3 | H37: L21-S08 | I37: 13 | J37: 3 | K37: 1 | L37: =IF(OR(F37="Line",AND(F37="Section",D37>=1,D37<=I37,E37=""),AND(F37="Cavity",D37>=1,D37<=I37,E37>=1,E37<=J37)),"OK","CHECK") -> OK
A38: L21-S09 | B38: KG01 | C38: 21 | D38: 9 | F38: Section | G38: Line 21 / Section 09 | H38: L21 | I38: 13 | J38: 3 | K38: 1 | L38: =IF(OR(F38="Line",AND(F38="Section",D38>=1,D38<=I38,E38=""),AND(F38="Cavity",D38>=1,D38<=I38,E38>=1,E38<=J38)),"OK","CHECK") -> OK
A39: L21-S09-C1 | B39: KG01 | C39: 21 | D39: 9 | E39: 1 | F39: Cavity | G39: Line 21 / Section 09 / Cavity 1 | H39: L21-S09 | I39: 13 | J39: 3 | K39: 1 | L39: =IF(OR(F39="Line",AND(F39="Section",D39>=1,D39<=I39,E39=""),AND(F39="Cavity",D39>=1,D39<=I39,E39>=1,E39<=J39)),"OK","CHECK") -> OK
A40: L21-S09-C2 | B40: KG01 | C40: 21 | D40: 9 | E40: 2 | F40: Cavity | G40: Line 21 / Section 09 / Cavity 2 | H40: L21-S09 | I40: 13 | J40: 3 | K40: 1 | L40: =IF(OR(F40="Line",AND(F40="Section",D40>=1,D40<=I40,E40=""),AND(F40="Cavity",D40>=1,D40<=I40,E40>=1,E40<=J40)),"OK","CHECK") -> OK
A41: L21-S09-C3 | B41: KG01 | C41: 21 | D41: 9 | E41: 3 | F41: Cavity | G41: Line 21 / Section 09 / Cavity 3 | H41: L21-S09 | I41: 13 | J41: 3 | K41: 1 | L41: =IF(OR(F41="Line",AND(F41="Section",D41>=1,D41<=I41,E41=""),AND(F41="Cavity",D41>=1,D41<=I41,E41>=1,E41<=J41)),"OK","CHECK") -> OK
A42: L21-S10 | B42: KG01 | C42: 21 | D42: 10 | F42: Section | G42: Line 21 / Section 10 | H42: L21 | I42: 13 | J42: 3 | K42: 1 | L42: =IF(OR(F42="Line",AND(F42="Section",D42>=1,D42<=I42,E42=""),AND(F42="Cavity",D42>=1,D42<=I42,E42>=1,E42<=J42)),"OK","CHECK") -> OK
A43: L21-S10-C1 | B43: KG01 | C43: 21 | D43: 10 | E43: 1 | F43: Cavity | G43: Line 21 / Section 10 / Cavity 1 | H43: L21-S10 | I43: 13 | J43: 3 | K43: 1 | L43: =IF(OR(F43="Line",AND(F43="Section",D43>=1,D43<=I43,E43=""),AND(F43="Cavity",D43>=1,D43<=I43,E43>=1,E43<=J43)),"OK","CHECK") -> OK
A44: L21-S10-C2 | B44: KG01 | C44: 21 | D44: 10 | E44: 2 | F44: Cavity | G44: Line 21 / Section 10 / Cavity 2 | H44: L21-S10 | I44: 13 | J44: 3 | K44: 1 | L44: =IF(OR(F44="Line",AND(F44="Section",D44>=1,D44<=I44,E44=""),AND(F44="Cavity",D44>=1,D44<=I44,E44>=1,E44<=J44)),"OK","CHECK") -> OK
A45: L21-S10-C3 | B45: KG01 | C45: 21 | D45: 10 | E45: 3 | F45: Cavity | G45: Line 21 / Section 10 / Cavity 3 | H45: L21-S10 | I45: 13 | J45: 3 | K45: 1 | L45: =IF(OR(F45="Line",AND(F45="Section",D45>=1,D45<=I45,E45=""),AND(F45="Cavity",D45>=1,D45<=I45,E45>=1,E45<=J45)),"OK","CHECK") -> OK
A46: L21-S11 | B46: KG01 | C46: 21 | D46: 11 | F46: Section | G46: Line 21 / Section 11 | H46: L21 | I46: 13 | J46: 3 | K46: 1 | L46: =IF(OR(F46="Line",AND(F46="Section",D46>=1,D46<=I46,E46=""),AND(F46="Cavity",D46>=1,D46<=I46,E46>=1,E46<=J46)),"OK","CHECK") -> OK
A47: L21-S11-C1 | B47: KG01 | C47: 21 | D47: 11 | E47: 1 | F47: Cavity | G47: Line 21 / Section 11 / Cavity 1 | H47: L21-S11 | I47: 13 | J47: 3 | K47: 1 | L47: =IF(OR(F47="Line",AND(F47="Section",D47>=1,D47<=I47,E47=""),AND(F47="Cavity",D47>=1,D47<=I47,E47>=1,E47<=J47)),"OK","CHECK") -> OK
A48: L21-S11-C2 | B48: KG01 | C48: 21 | D48: 11 | E48: 2 | F48: Cavity | G48: Line 21 / Section 11 / Cavity 2 | H48: L21-S11 | I48: 13 | J48: 3 | K48: 1 | L48: =IF(OR(F48="Line",AND(F48="Section",D48>=1,D48<=I48,E48=""),AND(F48="Cavity",D48>=1,D48<=I48,E48>=1,E48<=J48)),"OK","CHECK") -> OK
A49: L21-S11-C3 | B49: KG01 | C49: 21 | D49: 11 | E49: 3 | F49: Cavity | G49: Line 21 / Section 11 / Cavity 3 | H49: L21-S11 | I49: 13 | J49: 3 | K49: 1 | L49: =IF(OR(F49="Line",AND(F49="Section",D49>=1,D49<=I49,E49=""),AND(F49="Cavity",D49>=1,D49<=I49,E49>=1,E49<=J49)),"OK","CHECK") -> OK
A50: L21-S12 | B50: KG01 | C50: 21 | D50: 12 | F50: Section | G50: Line 21 / Section 12 | H50: L21 | I50: 13 | J50: 3 | K50: 1 | L50: =IF(OR(F50="Line",AND(F50="Section",D50>=1,D50<=I50,E50=""),AND(F50="Cavity",D50>=1,D50<=I50,E50>=1,E50<=J50)),"OK","CHECK") -> OK
A51: L21-S12-C1 | B51: KG01 | C51: 21 | D51: 12 | E51: 1 | F51: Cavity | G51: Line 21 / Section 12 / Cavity 1 | H51: L21-S12 | I51: 13 | J51: 3 | K51: 1 | L51: =IF(OR(F51="Line",AND(F51="Section",D51>=1,D51<=I51,E51=""),AND(F51="Cavity",D51>=1,D51<=I51,E51>=1,E51<=J51)),"OK","CHECK") -> OK
A52: L21-S12-C2 | B52: KG01 | C52: 21 | D52: 12 | E52: 2 | F52: Cavity | G52: Line 21 / Section 12 / Cavity 2 | H52: L21-S12 | I52: 13 | J52: 3 | K52: 1 | L52: =IF(OR(F52="Line",AND(F52="Section",D52>=1,D52<=I52,E52=""),AND(F52="Cavity",D52>=1,D52<=I52,E52>=1,E52<=J52)),"OK","CHECK") -> OK
A53: L21-S12-C3 | B53: KG01 | C53: 21 | D53: 12 | E53: 3 | F53: Cavity | G53: Line 21 / Section 12 / Cavity 3 | H53: L21-S12 | I53: 13 | J53: 3 | K53: 1 | L53: =IF(OR(F53="Line",AND(F53="Section",D53>=1,D53<=I53,E53=""),AND(F53="Cavity",D53>=1,D53<=I53,E53>=1,E53<=J53)),"OK","CHECK") -> OK
A54: L21-S13 | B54: KG01 | C54: 21 | D54: 13 | F54: Section | G54: Line 21 / Section 13 | H54: L21 | I54: 13 | J54: 3 | K54: 1 | L54: =IF(OR(F54="Line",AND(F54="Section",D54>=1,D54<=I54,E54=""),AND(F54="Cavity",D54>=1,D54<=I54,E54>=1,E54<=J54)),"OK","CHECK") -> OK
A55: L21-S13-C1 | B55: KG01 | C55: 21 | D55: 13 | E55: 1 | F55: Cavity | G55: Line 21 / Section 13 / Cavity 1 | H55: L21-S13 | I55: 13 | J55: 3 | K55: 1 | L55: =IF(OR(F55="Line",AND(F55="Section",D55>=1,D55<=I55,E55=""),AND(F55="Cavity",D55>=1,D55<=I55,E55>=1,E55<=J55)),"OK","CHECK") -> OK
A56: L21-S13-C2 | B56: KG01 | C56: 21 | D56: 13 | E56: 2 | F56: Cavity | G56: Line 21 / Section 13 / Cavity 2 | H56: L21-S13 | I56: 13 | J56: 3 | K56: 1 | L56: =IF(OR(F56="Line",AND(F56="Section",D56>=1,D56<=I56,E56=""),AND(F56="Cavity",D56>=1,D56<=I56,E56>=1,E56<=J56)),"OK","CHECK") -> OK
A57: L21-S13-C3 | B57: KG01 | C57: 21 | D57: 13 | E57: 3 | F57: Cavity | G57: Line 21 / Section 13 / Cavity 3 | H57: L21-S13 | I57: 13 | J57: 3 | K57: 1 | L57: =IF(OR(F57="Line",AND(F57="Section",D57>=1,D57<=I57,E57=""),AND(F57="Cavity",D57>=1,D57<=I57,E57>=1,E57<=J57)),"OK","CHECK") -> OK
A58: L22 | B58: KG01 | C58: 22 | F58: Line | G58: Line 22 | I58: 13 | J58: 3 | K58: 1 | L58: =IF(OR(F58="Line",AND(F58="Section",D58>=1,D58<=I58,E58=""),AND(F58="Cavity",D58>=1,D58<=I58,E58>=1,E58<=J58)),"OK","CHECK") -> OK
A59: L22-S01 | B59: KG01 | C59: 22 | D59: 1 | F59: Section | G59: Line 22 / Section 01 | H59: L22 | I59: 13 | J59: 3 | K59: 1 | L59: =IF(OR(F59="Line",AND(F59="Section",D59>=1,D59<=I59,E59=""),AND(F59="Cavity",D59>=1,D59<=I59,E59>=1,E59<=J59)),"OK","CHECK") -> OK
A60: L22-S01-C1 | B60: KG01 | C60: 22 | D60: 1 | E60: 1 | F60: Cavity | G60: Line 22 / Section 01 / Cavity 1 | H60: L22-S01 | I60: 13 | J60: 3 | K60: 1 | L60: =IF(OR(F60="Line",AND(F60="Section",D60>=1,D60<=I60,E60=""),AND(F60="Cavity",D60>=1,D60<=I60,E60>=1,E60<=J60)),"OK","CHECK") -> OK
A61: L22-S01-C2 | B61: KG01 | C61: 22 | D61: 1 | E61: 2 | F61: Cavity | G61: Line 22 / Section 01 / Cavity 2 | H61: L22-S01 | I61: 13 | J61: 3 | K61: 1 | L61: =IF(OR(F61="Line",AND(F61="Section",D61>=1,D61<=I61,E61=""),AND(F61="Cavity",D61>=1,D61<=I61,E61>=1,E61<=J61)),"OK","CHECK") -> OK
A62: L22-S01-C3 | B62: KG01 | C62: 22 | D62: 1 | E62: 3 | F62: Cavity | G62: Line 22 / Section 01 / Cavity 3 | H62: L22-S01 | I62: 13 | J62: 3 | K62: 1 | L62: =IF(OR(F62="Line",AND(F62="Section",D62>=1,D62<=I62,E62=""),AND(F62="Cavity",D62>=1,D62<=I62,E62>=1,E62<=J62)),"OK","CHECK") -> OK
A63: L22-S02 | B63: KG01 | C63: 22 | D63: 2 | F63: Section | G63: Line 22 / Section 02 | H63: L22 | I63: 13 | J63: 3 | K63: 1 | L63: =IF(OR(F63="Line",AND(F63="Section",D63>=1,D63<=I63,E63=""),AND(F63="Cavity",D63>=1,D63<=I63,E63>=1,E63<=J63)),"OK","CHECK") -> OK
A64: L22-S02-C1 | B64: KG01 | C64: 22 | D64: 2 | E64: 1 | F64: Cavity | G64: Line 22 / Section 02 / Cavity 1 | H64: L22-S02 | I64: 13 | J64: 3 | K64: 1 | L64: =IF(OR(F64="Line",AND(F64="Section",D64>=1,D64<=I64,E64=""),AND(F64="Cavity",D64>=1,D64<=I64,E64>=1,E64<=J64)),"OK","CHECK") -> OK
A65: L22-S02-C2 | B65: KG01 | C65: 22 | D65: 2 | E65: 2 | F65: Cavity | G65: Line 22 / Section 02 / Cavity 2 | H65: L22-S02 | I65: 13 | J65: 3 | K65: 1 | L65: =IF(OR(F65="Line",AND(F65="Section",D65>=1,D65<=I65,E65=""),AND(F65="Cavity",D65>=1,D65<=I65,E65>=1,E65<=J65)),"OK","CHECK") -> OK
A66: L22-S02-C3 | B66: KG01 | C66: 22 | D66: 2 | E66: 3 | F66: Cavity | G66: Line 22 / Section 02 / Cavity 3 | H66: L22-S02 | I66: 13 | J66: 3 | K66: 1 | L66: =IF(OR(F66="Line",AND(F66="Section",D66>=1,D66<=I66,E66=""),AND(F66="Cavity",D66>=1,D66<=I66,E66>=1,E66<=J66)),"OK","CHECK") -> OK
A67: L22-S03 | B67: KG01 | C67: 22 | D67: 3 | F67: Section | G67: Line 22 / Section 03 | H67: L22 | I67: 13 | J67: 3 | K67: 1 | L67: =IF(OR(F67="Line",AND(F67="Section",D67>=1,D67<=I67,E67=""),AND(F67="Cavity",D67>=1,D67<=I67,E67>=1,E67<=J67)),"OK","CHECK") -> OK
A68: L22-S03-C1 | B68: KG01 | C68: 22 | D68: 3 | E68: 1 | F68: Cavity | G68: Line 22 / Section 03 / Cavity 1 | H68: L22-S03 | I68: 13 | J68: 3 | K68: 1 | L68: =IF(OR(F68="Line",AND(F68="Section",D68>=1,D68<=I68,E68=""),AND(F68="Cavity",D68>=1,D68<=I68,E68>=1,E68<=J68)),"OK","CHECK") -> OK
A69: L22-S03-C2 | B69: KG01 | C69: 22 | D69: 3 | E69: 2 | F69: Cavity | G69: Line 22 / Section 03 / Cavity 2 | H69: L22-S03 | I69: 13 | J69: 3 | K69: 1 | L69: =IF(OR(F69="Line",AND(F69="Section",D69>=1,D69<=I69,E69=""),AND(F69="Cavity",D69>=1,D69<=I69,E69>=1,E69<=J69)),"OK","CHECK") -> OK
A70: L22-S03-C3 | B70: KG01 | C70: 22 | D70: 3 | E70: 3 | F70: Cavity | G70: Line 22 / Section 03 / Cavity 3 | H70: L22-S03 | I70: 13 | J70: 3 | K70: 1 | L70: =IF(OR(F70="Line",AND(F70="Section",D70>=1,D70<=I70,E70=""),AND(F70="Cavity",D70>=1,D70<=I70,E70>=1,E70<=J70)),"OK","CHECK") -> OK
A71: L22-S04 | B71: KG01 | C71: 22 | D71: 4 | F71: Section | G71: Line 22 / Section 04 | H71: L22 | I71: 13 | J71: 3 | K71: 1 | L71: =IF(OR(F71="Line",AND(F71="Section",D71>=1,D71<=I71,E71=""),AND(F71="Cavity",D71>=1,D71<=I71,E71>=1,E71<=J71)),"OK","CHECK") -> OK
A72: L22-S04-C1 | B72: KG01 | C72: 22 | D72: 4 | E72: 1 | F72: Cavity | G72: Line 22 / Section 04 / Cavity 1 | H72: L22-S04 | I72: 13 | J72: 3 | K72: 1 | L72: =IF(OR(F72="Line",AND(F72="Section",D72>=1,D72<=I72,E72=""),AND(F72="Cavity",D72>=1,D72<=I72,E72>=1,E72<=J72)),"OK","CHECK") -> OK
A73: L22-S04-C2 | B73: KG01 | C73: 22 | D73: 4 | E73: 2 | F73: Cavity | G73: Line 22 / Section 04 / Cavity 2 | H73: L22-S04 | I73: 13 | J73: 3 | K73: 1 | L73: =IF(OR(F73="Line",AND(F73="Section",D73>=1,D73<=I73,E73=""),AND(F73="Cavity",D73>=1,D73<=I73,E73>=1,E73<=J73)),"OK","CHECK") -> OK
A74: L22-S04-C3 | B74: KG01 | C74: 22 | D74: 4 | E74: 3 | F74: Cavity | G74: Line 22 / Section 04 / Cavity 3 | H74: L22-S04 | I74: 13 | J74: 3 | K74: 1 | L74: =IF(OR(F74="Line",AND(F74="Section",D74>=1,D74<=I74,E74=""),AND(F74="Cavity",D74>=1,D74<=I74,E74>=1,E74<=J74)),"OK","CHECK") -> OK
A75: L22-S05 | B75: KG01 | C75: 22 | D75: 5 | F75: Section | G75: Line 22 / Section 05 | H75: L22 | I75: 13 | J75: 3 | K75: 1 | L75: =IF(OR(F75="Line",AND(F75="Section",D75>=1,D75<=I75,E75=""),AND(F75="Cavity",D75>=1,D75<=I75,E75>=1,E75<=J75)),"OK","CHECK") -> OK
A76: L22-S05-C1 | B76: KG01 | C76: 22 | D76: 5 | E76: 1 | F76: Cavity | G76: Line 22 / Section 05 / Cavity 1 | H76: L22-S05 | I76: 13 | J76: 3 | K76: 1 | L76: =IF(OR(F76="Line",AND(F76="Section",D76>=1,D76<=I76,E76=""),AND(F76="Cavity",D76>=1,D76<=I76,E76>=1,E76<=J76)),"OK","CHECK") -> OK
A77: L22-S05-C2 | B77: KG01 | C77: 22 | D77: 5 | E77: 2 | F77: Cavity | G77: Line 22 / Section 05 / Cavity 2 | H77: L22-S05 | I77: 13 | J77: 3 | K77: 1 | L77: =IF(OR(F77="Line",AND(F77="Section",D77>=1,D77<=I77,E77=""),AND(F77="Cavity",D77>=1,D77<=I77,E77>=1,E77<=J77)),"OK","CHECK") -> OK
A78: L22-S05-C3 | B78: KG01 | C78: 22 | D78: 5 | E78: 3 | F78: Cavity | G78: Line 22 / Section 05 / Cavity 3 | H78: L22-S05 | I78: 13 | J78: 3 | K78: 1 | L78: =IF(OR(F78="Line",AND(F78="Section",D78>=1,D78<=I78,E78=""),AND(F78="Cavity",D78>=1,D78<=I78,E78>=1,E78<=J78)),"OK","CHECK") -> OK
A79: L22-S06 | B79: KG01 | C79: 22 | D79: 6 | F79: Section | G79: Line 22 / Section 06 | H79: L22 | I79: 13 | J79: 3 | K79: 1 | L79: =IF(OR(F79="Line",AND(F79="Section",D79>=1,D79<=I79,E79=""),AND(F79="Cavity",D79>=1,D79<=I79,E79>=1,E79<=J79)),"OK","CHECK") -> OK
A80: L22-S06-C1 | B80: KG01 | C80: 22 | D80: 6 | E80: 1 | F80: Cavity | G80: Line 22 / Section 06 / Cavity 1 | H80: L22-S06 | I80: 13 | J80: 3 | K80: 1 | L80: =IF(OR(F80="Line",AND(F80="Section",D80>=1,D80<=I80,E80=""),AND(F80="Cavity",D80>=1,D80<=I80,E80>=1,E80<=J80)),"OK","CHECK") -> OK
A81: L22-S06-C2 | B81: KG01 | C81: 22 | D81: 6 | E81: 2 | F81: Cavity | G81: Line 22 / Section 06 / Cavity 2 | H81: L22-S06 | I81: 13 | J81: 3 | K81: 1 | L81: =IF(OR(F81="Line",AND(F81="Section",D81>=1,D81<=I81,E81=""),AND(F81="Cavity",D81>=1,D81<=I81,E81>=1,E81<=J81)),"OK","CHECK") -> OK
A82: L22-S06-C3 | B82: KG01 | C82: 22 | D82: 6 | E82: 3 | F82: Cavity | G82: Line 22 / Section 06 / Cavity 3 | H82: L22-S06 | I82: 13 | J82: 3 | K82: 1 | L82: =IF(OR(F82="Line",AND(F82="Section",D82>=1,D82<=I82,E82=""),AND(F82="Cavity",D82>=1,D82<=I82,E82>=1,E82<=J82)),"OK","CHECK") -> OK
A83: L22-S07 | B83: KG01 | C83: 22 | D83: 7 | F83: Section | G83: Line 22 / Section 07 | H83: L22 | I83: 13 | J83: 3 | K83: 1 | L83: =IF(OR(F83="Line",AND(F83="Section",D83>=1,D83<=I83,E83=""),AND(F83="Cavity",D83>=1,D83<=I83,E83>=1,E83<=J83)),"OK","CHECK") -> OK
A84: L22-S07-C1 | B84: KG01 | C84: 22 | D84: 7 | E84: 1 | F84: Cavity | G84: Line 22 / Section 07 / Cavity 1 | H84: L22-S07 | I84: 13 | J84: 3 | K84: 1 | L84: =IF(OR(F84="Line",AND(F84="Section",D84>=1,D84<=I84,E84=""),AND(F84="Cavity",D84>=1,D84<=I84,E84>=1,E84<=J84)),"OK","CHECK") -> OK
A85: L22-S07-C2 | B85: KG01 | C85: 22 | D85: 7 | E85: 2 | F85: Cavity | G85: Line 22 / Section 07 / Cavity 2 | H85: L22-S07 | I85: 13 | J85: 3 | K85: 1 | L85: =IF(OR(F85="Line",AND(F85="Section",D85>=1,D85<=I85,E85=""),AND(F85="Cavity",D85>=1,D85<=I85,E85>=1,E85<=J85)),"OK","CHECK") -> OK
A86: L22-S07-C3 | B86: KG01 | C86: 22 | D86: 7 | E86: 3 | F86: Cavity | G86: Line 22 / Section 07 / Cavity 3 | H86: L22-S07 | I86: 13 | J86: 3 | K86: 1 | L86: =IF(OR(F86="Line",AND(F86="Section",D86>=1,D86<=I86,E86=""),AND(F86="Cavity",D86>=1,D86<=I86,E86>=1,E86<=J86)),"OK","CHECK") -> OK
A87: L22-S08 | B87: KG01 | C87: 22 | D87: 8 | F87: Section | G87: Line 22 / Section 08 | H87: L22 | I87: 13 | J87: 3 | K87: 1 | L87: =IF(OR(F87="Line",AND(F87="Section",D87>=1,D87<=I87,E87=""),AND(F87="Cavity",D87>=1,D87<=I87,E87>=1,E87<=J87)),"OK","CHECK") -> OK
A88: L22-S08-C1 | B88: KG01 | C88: 22 | D88: 8 | E88: 1 | F88: Cavity | G88: Line 22 / Section 08 / Cavity 1 | H88: L22-S08 | I88: 13 | J88: 3 | K88: 1 | L88: =IF(OR(F88="Line",AND(F88="Section",D88>=1,D88<=I88,E88=""),AND(F88="Cavity",D88>=1,D88<=I88,E88>=1,E88<=J88)),"OK","CHECK") -> OK
A89: L22-S08-C2 | B89: KG01 | C89: 22 | D89: 8 | E89: 2 | F89: Cavity | G89: Line 22 / Section 08 / Cavity 2 | H89: L22-S08 | I89: 13 | J89: 3 | K89: 1 | L89: =IF(OR(F89="Line",AND(F89="Section",D89>=1,D89<=I89,E89=""),AND(F89="Cavity",D89>=1,D89<=I89,E89>=1,E89<=J89)),"OK","CHECK") -> OK
A90: L22-S08-C3 | B90: KG01 | C90: 22 | D90: 8 | E90: 3 | F90: Cavity | G90: Line 22 / Section 08 / Cavity 3 | H90: L22-S08 | I90: 13 | J90: 3 | K90: 1 | L90: =IF(OR(F90="Line",AND(F90="Section",D90>=1,D90<=I90,E90=""),AND(F90="Cavity",D90>=1,D90<=I90,E90>=1,E90<=J90)),"OK","CHECK") -> OK
A91: L22-S09 | B91: KG01 | C91: 22 | D91: 9 | F91: Section | G91: Line 22 / Section 09 | H91: L22 | I91: 13 | J91: 3 | K91: 1 | L91: =IF(OR(F91="Line",AND(F91="Section",D91>=1,D91<=I91,E91=""),AND(F91="Cavity",D91>=1,D91<=I91,E91>=1,E91<=J91)),"OK","CHECK") -> OK
A92: L22-S09-C1 | B92: KG01 | C92: 22 | D92: 9 | E92: 1 | F92: Cavity | G92: Line 22 / Section 09 / Cavity 1 | H92: L22-S09 | I92: 13 | J92: 3 | K92: 1 | L92: =IF(OR(F92="Line",AND(F92="Section",D92>=1,D92<=I92,E92=""),AND(F92="Cavity",D92>=1,D92<=I92,E92>=1,E92<=J92)),"OK","CHECK") -> OK
A93: L22-S09-C2 | B93: KG01 | C93: 22 | D93: 9 | E93: 2 | F93: Cavity | G93: Line 22 / Section 09 / Cavity 2 | H93: L22-S09 | I93: 13 | J93: 3 | K93: 1 | L93: =IF(OR(F93="Line",AND(F93="Section",D93>=1,D93<=I93,E93=""),AND(F93="Cavity",D93>=1,D93<=I93,E93>=1,E93<=J93)),"OK","CHECK") -> OK
A94: L22-S09-C3 | B94: KG01 | C94: 22 | D94: 9 | E94: 3 | F94: Cavity | G94: Line 22 / Section 09 / Cavity 3 | H94: L22-S09 | I94: 13 | J94: 3 | K94: 1 | L94: =IF(OR(F94="Line",AND(F94="Section",D94>=1,D94<=I94,E94=""),AND(F94="Cavity",D94>=1,D94<=I94,E94>=1,E94<=J94)),"OK","CHECK") -> OK
A95: L22-S10 | B95: KG01 | C95: 22 | D95: 10 | F95: Section | G95: Line 22 / Section 10 | H95: L22 | I95: 13 | J95: 3 | K95: 1 | L95: =IF(OR(F95="Line",AND(F95="Section",D95>=1,D95<=I95,E95=""),AND(F95="Cavity",D95>=1,D95<=I95,E95>=1,E95<=J95)),"OK","CHECK") -> OK
A96: L22-S10-C1 | B96: KG01 | C96: 22 | D96: 10 | E96: 1 | F96: Cavity | G96: Line 22 / Section 10 / Cavity 1 | H96: L22-S10 | I96: 13 | J96: 3 | K96: 1 | L96: =IF(OR(F96="Line",AND(F96="Section",D96>=1,D96<=I96,E96=""),AND(F96="Cavity",D96>=1,D96<=I96,E96>=1,E96<=J96)),"OK","CHECK") -> OK
A97: L22-S10-C2 | B97: KG01 | C97: 22 | D97: 10 | E97: 2 | F97: Cavity | G97: Line 22 / Section 10 / Cavity 2 | H97: L22-S10 | I97: 13 | J97: 3 | K97: 1 | L97: =IF(OR(F97="Line",AND(F97="Section",D97>=1,D97<=I97,E97=""),AND(F97="Cavity",D97>=1,D97<=I97,E97>=1,E97<=J97)),"OK","CHECK") -> OK
A98: L22-S10-C3 | B98: KG01 | C98: 22 | D98: 10 | E98: 3 | F98: Cavity | G98: Line 22 / Section 10 / Cavity 3 | H98: L22-S10 | I98: 13 | J98: 3 | K98: 1 | L98: =IF(OR(F98="Line",AND(F98="Section",D98>=1,D98<=I98,E98=""),AND(F98="Cavity",D98>=1,D98<=I98,E98>=1,E98<=J98)),"OK","CHECK") -> OK
A99: L22-S11 | B99: KG01 | C99: 22 | D99: 11 | F99: Section | G99: Line 22 / Section 11 | H99: L22 | I99: 13 | J99: 3 | K99: 1 | L99: =IF(OR(F99="Line",AND(F99="Section",D99>=1,D99<=I99,E99=""),AND(F99="Cavity",D99>=1,D99<=I99,E99>=1,E99<=J99)),"OK","CHECK") -> OK
A100: L22-S11-C1 | B100: KG01 | C100: 22 | D100: 11 | E100: 1 | F100: Cavity | G100: Line 22 / Section 11 / Cavity 1 | H100: L22-S11 | I100: 13 | J100: 3 | K100: 1 | L100: =IF(OR(F100="Line",AND(F100="Section",D100>=1,D100<=I100,E100=""),AND(F100="Cavity",D100>=1,D100<=I100,E100>=1,E100<=J100)),"OK","CHECK") -> OK
A101: L22-S11-C2 | B101: KG01 | C101: 22 | D101: 11 | E101: 2 | F101: Cavity | G101: Line 22 / Section 11 / Cavity 2 | H101: L22-S11 | I101: 13 | J101: 3 | K101: 1 | L101: =IF(OR(F101="Line",AND(F101="Section",D101>=1,D101<=I101,E101=""),AND(F101="Cavity",D101>=1,D101<=I101,E101>=1,E101<=J101)),"OK","CHECK") -> OK
...

Sheet ModelChanges
A1: MODEL EXTENSION — SECTION/CAVITY JOB CHANGE ANALYSIS
A4: Component | B4: Workbook/Sheet | C4: Grain | D4: Purpose | E4: Power BI role | F4: Rule
A5: Physical capability | B5: 01_MasterData / Lines | C5: Line | D5: 13 sections / max 3 cavity positions | E5: DIM_LINE attributes | F5: Capability ≠ active setup
A6: Asset hierarchy | B6: 01_MasterData / AssetScope | C6: Physical asset | D6: Line→Section→Cavity hierarchy | E6: DIM_ASSET_SCOPE | F6: No false production precision
A7: Production event ID | B7: 02_Supervisor_Log / DailyProduction | C7: Production event | D7: Stable parent key | E7: Existing FACT_PRODUCTION + key | F7: Original grain unchanged
A8: Production configuration | B8: 02_Supervisor_Log / ProductionConfiguration | C8: Event × Section | D8: Exact active cavity flags | E8: New detail bridge/fact | F8: Unpivot cavity flags in Power Query
A9: Job change event ID | B9: 02_Supervisor_Log / JobChange | C9: Job change event | D9: Stable parent key | E9: Existing FACT_JOBCHANGE + key | F9: Existing measures remain
A10: Job change impact | B10: 02_Supervisor_Log / JobChangeImpact | C10: Impact record | D10: Where loss occurred | E10: New FACT_JOBCHANGE_IMPACT | F10: Use capacity-weighted loss
